Player Name,Team Name,Price,Year,Price_Cr
Ms dhoni,Chennai Super Kings,15 crore,2018,15.0
Suresh Raina,Chennai Super Kings,11 crore,2018,11.0
Deepak chahar,Chennai Super Kings,8 crore,2018,8.0
Kedar jadhav,Chennai Super Kings,7.8 crore,2018,7.8
Ravindra jadeja,Chennai Super Kings,7 crore,2018,7.0
Dwayne bravo,Chennai Super Kings,6.4 crore,2018,6.4
Karn sharma,Chennai Super Kings,5 crore,2018,5.0
Shane watson,Chennai Super Kings,4 crore,2018,4.0
Shardul thakur,Chennai Super Kings,2.6 crore,2018,2.6
Ambati rayudu,Chennai Super Kings,2.2 crore,2018,2.2
David willey,Chennai Super Kings,2 crore,2018,2.0
Harbhajan singh,Chennai Super Kings,2 crore,2018,2.0
Murali vijay,Chennai Super Kings,2 crore,2018,2.0
Faf du Plessis,Chennai Super Kings,1.6 crore,2018,1.6
Mark wood,Chennai Super Kings,1.5 crore,2018,1.5
Imran Tahir,Chennai Super Kings,1 crore,2018,1.0
Sam billings,Chennai Super Kings,1 crore,2018,1.0
Lungi Ngidi,Chennai Super Kings,0.5 crore,2018,0.5
Km asif,Chennai Super Kings,0.4 crore,2018,0.4
Dhruv shorey,Chennai Super Kings,0.2 crore,2018,0.2
Chris morris,Delhi Daredevils,11 crore,2018,11.0
Glenn maxwell,Delhi Daredevils,9 crore,2018,9.0
Rishabh pant,Delhi Daredevils,8 crore,2018,8.0
Shreyas iyer,Delhi Daredevils,7 crore,2018,7.0
Amit mishra,Delhi Daredevils,4 crore,2018,4.0
Shahbaz nadeem,Delhi Daredevils,3.2 crore,2018,3.2
Vijay shankar,Delhi Daredevils,3.2 crore,2018,3.2
Mohammad shami,Delhi Daredevils,3 crore,2018,3.0
Rahul tewatia,Delhi Daredevils,3 crore,2018,3.0
Gautam Gambhir,Delhi Daredevils,2.8 crore,2018,2.8
Trent boult,Delhi Daredevils,2.2 crore,2018,2.2
Liam Plunkett,Delhi Daredevils,2 crore,2018,2.0
Colin munro,Delhi Daredevils,1.9 crore,2018,1.9
Daniel christian,Delhi Daredevils,1.5 crore,2018,1.5
Jason Roy,Delhi Daredevils,1.5 crore,2018,1.5
Naman Ojha,Delhi Daredevils,1.4 crore,2018,1.4
Prithvi shaw,Delhi Daredevils,1.2 crore,2018,1.2
Avesh khan,Delhi Daredevils,0.75 crore,2018,0.75
Abhishek sharma,Delhi Daredevils,0.55 crore,2018,0.55
Junior Dala,Delhi Daredevils,0.5 crore,2018,0.5
Harshal patel,Delhi Daredevils,0.2 crore,2018,0.2
Sandeep lamichhane,Delhi Daredevils,0.2 crore,2018,0.2
Axar patel,Punjab Kings,12.5 crore,2018,12.5
Lokesh rahul,Punjab Kings,11 crore,2018,11.0
Ravichandran ashwin,Punjab Kings,7.6 crore,2018,7.6
Andrew tye,Punjab Kings,7.2 crore,2018,7.2
Aaron Finch,Punjab Kings,6.2 crore,2018,6.2
Marcus Stoinis,Punjab Kings,6.2 crore,2018,6.2
Karun nair,Punjab Kings,5.6 crore,2018,5.6
Mujeeb zadran,Punjab Kings,4 crore,2018,4.0
Ankit rajpoot,Punjab Kings,3 crore,2018,3.0
David Miller,Punjab Kings,3 crore,2018,3.0
Mohit sharma,Punjab Kings,2.4 crore,2018,2.4
Brainder sran,Punjab Kings,2.2 crore,2018,2.2
Chris gayle,Punjab Kings,2 crore,2018,2.0
Yuvraj singh,Punjab Kings,2 crore,2018,2.0
Mayank dagar,Punjab Kings,1.6 crore,2018,1.6
Akshdeep nath,Punjab Kings,1 crore,2018,1.0
Manoj tiwary,Punjab Kings,1 crore,2018,1.0
Mayank agarwal,Punjab Kings,1 crore,2018,1.0
Chris lynn,Kolkata Knight Riders,9.6 crore,2018,9.6
Andre russell,Kolkata Knight Riders,8.5 crore,2018,8.5
Sunil narine,Kolkata Knight Riders,8.5 crore,2018,8.5
Dinesh karthik,Kolkata Knight Riders,7.4 crore,2018,7.4
Robin uthappa,Kolkata Knight Riders,6.4 crore,2018,6.4
Kuldeep yadav,Kolkata Knight Riders,5.8 crore,2018,5.8
Piyush chawla,Kolkata Knight Riders,4.2 crore,2018,4.2
Nitish rana,Kolkata Knight Riders,3.4 crore,2018,3.4
Shivam mavi,Kolkata Knight Riders,3 crore,2018,3.0
Mitchell johnson,Kolkata Knight Riders,2 crore,2018,2.0
Shubman gill,Kolkata Knight Riders,1.8 crore,2018,1.8
Tom curran,Kolkata Knight Riders,1 crore,2018,1.0
Vinay kumar,Kolkata Knight Riders,1 crore,2018,1.0
Rinku singh,Kolkata Knight Riders,0.8 crore,2018,0.8
Javon searles,Kolkata Knight Riders,0.3 crore,2018,0.3
Prasidh krishna,Kolkata Knight Riders,0.2 crore,2018,0.2
Rohit sharma,Mumbai Indians,15 crore,2018,15.0
Hardik pandya,Mumbai Indians,11 crore,2018,11.0
Krunal pandya,Mumbai Indians,8.8 crore,2018,8.8
Jasprit bumrah,Mumbai Indians,7 crore,2018,7.0
Ishan kishan,Mumbai Indians,6.2 crore,2018,6.2
Kieron Pollard,Mumbai Indians,5.4 crore,2018,5.4
Evin lewis,Mumbai Indians,3.8 crore,2018,3.8
Suryakumar yadav,Mumbai Indians,3.2 crore,2018,3.2
Ben cutting,Mumbai Indians,2.2 crore,2018,2.2
Mustafizur rahman,Mumbai Indians,2.2 crore,2018,2.2
Rahul chahar,Mumbai Indians,1.9 crore,2018,1.9
Pradeep sangwan,Mumbai Indians,1.5 crore,2018,1.5
Jean paul duminy,Mumbai Indians,1 crore,2018,1.0
Mitchell mcclenaghan,Mumbai Indians,1 crore,2018,1.0
Akila dananjaya,Mumbai Indians,0.5 crore,2018,0.5
Aditya tare,Mumbai Indians,0.2 crore,2018,0.2
Mayank markande,Mumbai Indians,0.2 crore,2018,0.2
Ben stokes,Rajasthan Royals,12.5 crore,2018,12.5
Jaydev unadkat,Rajasthan Royals,11.5 crore,2018,11.5
Sanju samson,Rajasthan Royals,8 crore,2018,8.0
Jofra Archer,Rajasthan Royals,7.2 crore,2018,7.2
Krishnappa gowtham,Rajasthan Royals,6.2 crore,2018,6.2
Jos Buttler,Rajasthan Royals,4.4 crore,2018,4.4
Ajinkya rahane,Rajasthan Royals,4 crore,2018,4.0
Rahul tripathi,Rajasthan Royals,3.4 crore,2018,3.4
Dhawal kulkarni,Rajasthan Royals,0.75 crore,2018,0.75
Ben laughlin,Rajasthan Royals,0.5 crore,2018,0.5
Heinrich Klaasen,Rajasthan Royals,0.5 crore,2018,0.5
Ish sodhi,Rajasthan Royals,0.5 crore,2018,0.5
Stuart Binny,Rajasthan Royals,0.5 crore,2018,0.5
Anureet Singh,Rajasthan Royals,0.3 crore,2018,0.3
Ankit sharma,Rajasthan Royals,0.2 crore,2018,0.2
Mahipal lomror,Rajasthan Royals,0.2 crore,2018,0.2
Prashant chopra,Rajasthan Royals,0.2 crore,2018,0.2
Shreyas gopal,Rajasthan Royals,0.2 crore,2018,0.2
Virat kohli,Royal Challengers Bangalore,17 crore,2018,17.0
Ab de villiers,Royal Challengers Bangalore,11 crore,2018,11.0
Chris woakes,Royal Challengers Bangalore,7.4 crore,2018,7.4
Yuzvendra chahal,Royal Challengers Bangalore,6 crore,2018,6.0
Umesh yadav,Royal Challengers Bangalore,4.2 crore,2018,4.2
Brendon mccullum,Royal Challengers Bangalore,3.6 crore,2018,3.6
Washington sundar,Royal Challengers Bangalore,3.2 crore,2018,3.2
Quinton de Kock,Royal Challengers Bangalore,2.8 crore,2018,2.8
Mohammed siraj,Royal Challengers Bangalore,2.6 crore,2018,2.6
Colin de grandhomme,Royal Challengers Bangalore,2.2 crore,2018,2.2
Murugan ashwin,Royal Challengers Bangalore,2.2 crore,2018,2.2
Corey anderson,Royal Challengers Bangalore,2 crore,2018,2.0
Sarfaraz khan,Royal Challengers Bangalore,1.75 crore,2018,1.75
Moeen Ali,Royal Challengers Bangalore,1.7 crore,2018,1.7
Mandeep singh,Royal Challengers Bangalore,1.4 crore,2018,1.4
Manan vohra,Royal Challengers Bangalore,1.1 crore,2018,1.1
Pawan negi,Royal Challengers Bangalore,1 crore,2018,1.0
Tim southee,Royal Challengers Bangalore,1 crore,2018,1.0
Kulwant khejroliya,Royal Challengers Bangalore,0.85 crore,2018,0.85
Parthiv patel,Royal Challengers Bangalore,0.2 crore,2018,0.2
Manish pandey,Sunrisers Hyderabad,11 crore,2018,11.0
Rashid Khan,Sunrisers Hyderabad,9 crore,2018,9.0
Bhuvneshwar kumar,Sunrisers Hyderabad,8.5 crore,2018,8.5
Shikhar dhawan,Sunrisers Hyderabad,5.2 crore,2018,5.2
Wriddhiman saha,Sunrisers Hyderabad,5 crore,2018,5.0
Siddarth kaul,Sunrisers Hyderabad,3.8 crore,2018,3.8
Deepak hooda,Sunrisers Hyderabad,3.6 crore,2018,3.6
Khaleel ahmed,Sunrisers Hyderabad,3 crore,2018,3.0
Sandeep sharma,Sunrisers Hyderabad,3 crore,2018,3.0
Kane williamson,Sunrisers Hyderabad,3 crore,2018,3.0
Carlos brathwaite,Sunrisers Hyderabad,2 crore,2018,2.0
Chris jordan,Sunrisers Hyderabad,2 crore,2018,2.0
Shakib al hasan,Sunrisers Hyderabad,2 crore,2018,2.0
Yusuf Pathan,Sunrisers Hyderabad,1.9 crore,2018,1.9
Alex hales,Sunrisers Hyderabad,1 crore,2018,1.0
Mohammad nabi,Sunrisers Hyderabad,1 crore,2018,1.0
Shreevats goswami,Sunrisers Hyderabad,1 crore,2018,1.0
Basil thampi,Sunrisers Hyderabad,0.95 crore,2018,0.95
Billy stanlake,Sunrisers Hyderabad,0.5 crore,2018,0.5
Ricky bhui,Sunrisers Hyderabad,0.2 crore,2018,0.2
Ms dhoni,Chennai Super Kings,15 crore,2019,15.0
Suresh Raina,Chennai Super Kings,11.0 crore,2019,11.0
Deepak chahar,Chennai Super Kings,8 crore,2019,8.0
Kedar jadhav,Chennai Super Kings,7.8 crore,2019,7.8
Ravindra jadeja,Chennai Super Kings,7 crore,2019,7.0
Dwayne bravo,Chennai Super Kings,6.4 crore,2019,6.4
Mohit sharma,Chennai Super Kings,5 crore,2019,5.0
Karn sharma,Chennai Super Kings,5 crore,2019,5.0
Shane watson,Chennai Super Kings,4 crore,2019,4.0
Shardul thakur,Chennai Super Kings,2.6 crore,2019,2.6
Ambati rayudu,Chennai Super Kings,2.2 crore,2019,2.2
Murali vijay,Chennai Super Kings,2 crore,2019,2.0
Harbhajan singh,Chennai Super Kings,2 crore,2019,2.0
Faf du Plessis,Chennai Super Kings,1.6 crore,2019,1.6
Imran Tahir,Chennai Super Kings,1 crore,2019,1.0
Sam billings,Chennai Super Kings,1 crore,2019,1.0
Mitchell santner,Chennai Super Kings,0.5 crore,2019,0.5
Scott kuggeleijn,Chennai Super Kings,0.5 crore,2019,0.5
Dhruv shorey,Chennai Super Kings,0.2 crore,2019,0.2
Sandeep lamichhane,Delhi Capitals,20 crore,2019,20.0
Chris morris,Delhi Capitals,11 crore,2019,11.0
Rishabh pant,Delhi Capitals,8 crore,2019,8.0
Shreyas iyer,Delhi Capitals,7 crore,2019,7.0
Colin Ingram,Delhi Capitals,6.4 crore,2019,6.4
Shikhar dhawan,Delhi Capitals,5.2 crore,2019,5.2
Axar patel,Delhi Capitals,5 crore,2019,5.0
Kagiso Rabada,Delhi Capitals,4.2 crore,2019,4.2
Amit mishra,Delhi Capitals,4 crore,2019,4.0
Rahul tewatia,Delhi Capitals,3 crore,2019,3.0
Hanuma vihari,Delhi Capitals,2 crore,2019,2.0
Sherfane rutherford,Delhi Capitals,2 crore,2019,2.0
Colin munro,Delhi Capitals,1.9 crore,2019,1.9
Prithvi shaw,Delhi Capitals,1.2 crore,2019,1.2
Ishant sharma,Delhi Capitals,1.1 crore,2019,1.1
Avesh khan,Delhi Capitals,0.7 crore,2019,0.7
Keemo Paul,Delhi Capitals,0.5 crore,2019,0.5
Jagadeesha suchith,Delhi Capitals,0.2 crore,2019,0.2
Harshal patel,Delhi Capitals,0.2 crore,2019,0.2
Trent boult,Delhi Capitals,0 crore,2019,0.0
Lokesh rahul,Punjab Kings,11 crore,2019,11.0
Varun chakravarthy,Punjab Kings,8.4 crore,2019,8.4
Ravichandran ashwin,Punjab Kings,7.6 crore,2019,7.6
Sam Curran,Punjab Kings,7.2 crore,2019,7.2
Andrew tye,Punjab Kings,7.2 crore,2019,7.2
Karun nair,Punjab Kings,5.6 crore,2019,5.6
Mohammad shami,Punjab Kings,4.8 crore,2019,4.8
Simran singh,Punjab Kings,4.8 crore,2019,4.8
Nicholas Pooran,Punjab Kings,4.2 crore,2019,4.2
Ankit rajpoot,Punjab Kings,3 crore,2019,3.0
David Miller,Punjab Kings,3 crore,2019,3.0
Murugan ashwin,Punjab Kings,2.2 crore,2019,2.2
Hardus Viljoen,Punjab Kings,2 crore,2019,2.0
Chris gayle,Punjab Kings,2 crore,2019,2.0
Mayank agarwal,Punjab Kings,1 crore,2019,1.0
Moises henriques,Punjab Kings,1 crore,2019,1.0
Sarfaraz khan,Punjab Kings,0.25 crore,2019,0.25
Harpreet brar,Punjab Kings,0.2 crore,2019,0.2
Arshdeep singh,Punjab Kings,0 crore,2019,0.0
Mandeep singh,Punjab Kings,0 crore,2019,0.0
Sunil narine,Kolkata Knight Riders,12.5 crore,2019,12.5
Chris lynn,Kolkata Knight Riders,9.6 crore,2019,9.6
Andre russell,Kolkata Knight Riders,8.5 crore,2019,8.5
Dinesh karthik,Kolkata Knight Riders,7.4 crore,2019,7.4
Robin uthappa,Kolkata Knight Riders,6.4 crore,2019,6.4
Kuldeep yadav,Kolkata Knight Riders,5.8 crore,2019,5.8
Carlos brathwaite,Kolkata Knight Riders,5 crore,2019,5.0
Piyush chawla,Kolkata Knight Riders,4.2 crore,2019,4.2
Nitish rana,Kolkata Knight Riders,3.4 crore,2019,3.4
Shubman gill,Kolkata Knight Riders,1.8 crore,2019,1.8
Lockie ferguson,Kolkata Knight Riders,1.6 crore,2019,1.6
Joe denly,Kolkata Knight Riders,1 crore,2019,1.0
Rinku singh,Kolkata Knight Riders,0.8 crore,2019,0.8
Harry gurney,Kolkata Knight Riders,0.75 crore,2019,0.75
Kc cariappa,Kolkata Knight Riders,0.2 crore,2019,0.2
Nikhil naik,Kolkata Knight Riders,0.2 crore,2019,0.2
Prithvi raj,Kolkata Knight Riders,0.2 crore,2019,0.2
Sandeep warrier,Kolkata Knight Riders,0.2 crore,2019,0.2
Prasidh krishna,Kolkata Knight Riders,0.2 crore,2019,0.2
Rohit sharma,Mumbai Indians,15 crore,2019,15.0
Hardik pandya,Mumbai Indians,11 crore,2019,11.0
Krunal pandya,Mumbai Indians,8.8 crore,2019,8.8
Jasprit bumrah,Mumbai Indians,7 crore,2019,7.0
Ishan kishan,Mumbai Indians,6.2 crore,2019,6.2
Kieron Pollard,Mumbai Indians,5.40 crore,2019,5.4
Evin lewis,Mumbai Indians,3.8 crore,2019,3.8
Brainder sran,Mumbai Indians,3.4 crore,2019,3.4
Suryakumar yadav,Mumbai Indians,3.2 crore,2019,3.2
Quinton de Kock,Mumbai Indians,2.8 crore,2019,2.8
Ben cutting,Mumbai Indians,2.2 crore,2019,2.2
Lasith malinga,Mumbai Indians,2 crore,2019,2.0
Rahul chahar,Mumbai Indians,1.9 crore,2019,1.9
Jason behrendorff,Mumbai Indians,1.5 crore,2019,1.5
Mayank markande,Mumbai Indians,1.5 crore,2019,1.5
Yuvraj singh,Mumbai Indians,1 crore,2019,1.0
Mitchell mcclenaghan,Mumbai Indians,1 crore,2019,1.0
Anmolpreet singh,Mumbai Indians,0.8 crore,2019,0.8
Alzarri joseph,Mumbai Indians,0.75 crore,2019,0.75
Anukul roy,Mumbai Indians,0.2 crore,2019,0.2
Siddhesh lad,Mumbai Indians,0.2 crore,2019,0.2
Rasikh salam,Mumbai Indians,0.02 crore,2019,0.02
Jayant yadav,Mumbai Indians,0 crore,2019,0.0
Ben stokes,Rajasthan Royals,12.5 crore,2019,12.5
Jaydev unadkat,Rajasthan Royals,8.4 crore,2019,8.4
Sanju samson,Rajasthan Royals,8 crore,2019,8.0
Jofra Archer,Rajasthan Royals,7.2 crore,2019,7.2
Krishnappa gowtham,Rajasthan Royals,6.2 crore,2019,6.2
Jos Buttler,Rajasthan Royals,4.4 crore,2019,4.4
Ajinkya rahane,Rajasthan Royals,4 crore,2019,4.0
Steven smith,Rajasthan Royals,4 crore,2019,4.0
Rahul tripathi,Rajasthan Royals,3.4 crore,2019,3.4
Varun aaron,Rajasthan Royals,2.4 crore,2019,2.4
Oshane thomas,Rajasthan Royals,1.1 crore,2019,1.1
Dhawal kulkarni,Rajasthan Royals,0.75 crore,2019,0.75
Ashton turner,Rajasthan Royals,0.5 crore,2019,0.5
Liam Livingstone,Rajasthan Royals,0.5 crore,2019,0.5
Stuart Binny,Rajasthan Royals,0.5 crore,2019,0.5
Mahipal lomror,Rajasthan Royals,0.2 crore,2019,0.2
Prashant chopra,Rajasthan Royals,0.2 crore,2019,0.2
Riyan parag,Rajasthan Royals,0.2 crore,2019,0.2
Sudhesan midhun,Rajasthan Royals,0.2 crore,2019,0.2
Shreyas gopal,Rajasthan Royals,0.2 crore,2019,0.2
Ish sodhi,Rajasthan Royals,0 crore,2019,0.0
Virat kohli,Royal Challengers Bangalore,17 crore,2019,17.0
Ab de villiers,Royal Challengers Bangalore,11 crore,2019,11.0
Marcus Stoinis,Royal Challengers Bangalore,6.2 crore,2019,6.2
Yuzvendra chahal,Royal Challengers Bangalore,6 crore,2019,6.0
Shivam dube,Royal Challengers Bangalore,5 crore,2019,5.0
Shimron hetmyer,Royal Challengers Bangalore,4.2 crore,2019,4.2
Umesh yadav,Royal Challengers Bangalore,4.2 crore,2019,4.2
Akshdeep nath,Royal Challengers Bangalore,3.6 crore,2019,3.6
Washington sundar,Royal Challengers Bangalore,3.2 crore,2019,3.2
Navdeep saini,Royal Challengers Bangalore,3 crore,2019,3.0
Mohammed siraj,Royal Challengers Bangalore,2.6 crore,2019,2.6
Colin de grandhomme,Royal Challengers Bangalore,2.2 crore,2019,2.2
Moeen Ali,Royal Challengers Bangalore,1.7 crore,2019,1.7
Parthiv patel,Royal Challengers Bangalore,1.7 crore,2019,1.7
Prayas ray barman,Royal Challengers Bangalore,1.5 crore,2019,1.5
Dale steyn,Royal Challengers Bangalore,1 crore,2019,1.0
Pawan negi,Royal Challengers Bangalore,1 crore,2019,1.0
Tim southee,Royal Challengers Bangalore,1 crore,2019,1.0
Kulwant khejroliya,Royal Challengers Bangalore,0.85 crore,2019,0.85
Gurkeerat singh,Royal Challengers Bangalore,0.5 crore,2019,0.5
Heinrich Klaasen,Royal Challengers Bangalore,0.5 crore,2019,0.5
Milind Kumar,Royal Challengers Bangalore,0.2 crore,2019,0.2
David warner,Sunrisers Hyderabad,12.5 crore,2019,12.5
Manish pandey,Sunrisers Hyderabad,11 crore,2019,11.0
Rashid Khan,Sunrisers Hyderabad,9 crore,2019,9.0
Bhuvneshwar kumar,Sunrisers Hyderabad,8.5 crore,2019,8.5
Deepak hooda,Sunrisers Hyderabad,5.4 crore,2019,5.4
Siddarth kaul,Sunrisers Hyderabad,3.8 crore,2019,3.8
Shahbaz nadeem,Sunrisers Hyderabad,3.2 crore,2019,3.2
Vijay shankar,Sunrisers Hyderabad,3.2 crore,2019,3.2
Khaleel ahmed,Sunrisers Hyderabad,3 crore,2019,3.0
Kane williamson,Sunrisers Hyderabad,3 crore,2019,3.0
Sandeep sharma,Sunrisers Hyderabad,3 crore,2019,3.0
Jonny bairstow,Sunrisers Hyderabad,2.2 crore,2019,2.2
Shakib al hasan,Sunrisers Hyderabad,2 crore,2019,2.0
Yusuf Pathan,Sunrisers Hyderabad,1.9 crore,2019,1.9
Wriddhiman saha,Sunrisers Hyderabad,1.2 crore,2019,1.2
Martin guptill,Sunrisers Hyderabad,1 crore,2019,1.0
Mohammad nabi,Sunrisers Hyderabad,1 crore,2019,1.0
Basil thampi,Sunrisers Hyderabad,0.95 crore,2019,0.95
Abhishek sharma,Sunrisers Hyderabad,0.55 crore,2019,0.55
Ricky bhui,Sunrisers Hyderabad,0.2 crore,2019,0.2
Ms dhoni,Chennai Super Kings,15 crore,2020,15.0
Suresh Raina,Chennai Super Kings,11 crore,2020,11.0
Deepak chahar,Chennai Super Kings,8 crore,2020,8.0
Kedar jadhav,Chennai Super Kings,7.8 crore,2020,7.8
Ravindra jadeja,Chennai Super Kings,7 crore,2020,7.0
Piyush chawla,Chennai Super Kings,6.75 crore,2020,6.75
Dwayne bravo,Chennai Super Kings,6.4 crore,2020,6.4
Sam Curran,Chennai Super Kings,5.5 crore,2020,5.5
Karn sharma,Chennai Super Kings,5 crore,2020,5.0
Shane watson,Chennai Super Kings,4 crore,2020,4.0
Shardul thakur,Chennai Super Kings,2.6 crore,2020,2.6
Saurav Chauhan,Chennai Super Kings,2.2 crore,2020,2.2
Josh Hazlewood,Chennai Super Kings,2 crore,2020,2.0
Murali vijay,Chennai Super Kings,2 crore,2020,2.0
Harbhajan singh,Chennai Super Kings,2 crore,2020,2.0
Faf du Plessis,Chennai Super Kings,1.6 crore,2020,1.6
Imran Tahir,Chennai Super Kings,1 crore,2020,1.0
Mitchell santner,Chennai Super Kings,0.5 crore,2020,0.5
Andre Siddarth,Chennai Super Kings,0.5 crore,2020,0.5
Manvanth Kumar,Chennai Super Kings,0.2 crore,2020,0.2
Ruturaj Gaikwad,Chennai Super Kings,0.2 crore,2020,0.2
Sumit Kumar,Chennai Super Kings,0.2 crore,2020,0.2
Sushant Mishra,Chennai Super Kings,0.2 crore,2020,0.2
Shamar Joseph,Chennai Super Kings,0 crore,2020,0.0
Rishabh pant,Delhi Capitals,8 crore,2020,8.0
Aamer Jamal,Delhi Capitals,7.75 crore,2020,7.75
Ravichandran ashwin,Delhi Capitals,7.6 crore,2020,7.6
Shreyas iyer,Delhi Capitals,7 crore,2020,7.0
Ajinkya rahane,Delhi Capitals,5.25 crore,2020,5.25
Shikhar dhawan,Delhi Capitals,5.2 crore,2020,5.2
Ashok Sharma,Delhi Capitals,5 crore,2020,5.0
Marcus Stoinis,Delhi Capitals,4.8 crore,2020,4.8
Kagiso Rabada,Delhi Capitals,4.2 crore,2020,4.2
Amit mishra,Delhi Capitals,4 crore,2020,4.0
Alex Carey,Delhi Capitals,2.4 crore,2020,2.4
Chris woakes,Delhi Capitals,1.5 crore,2020,1.5
Jason Roy,Delhi Capitals,1.5 crore,2020,1.5
Prithvi shaw,Delhi Capitals,1.2 crore,2020,1.2
Ishant sharma,Delhi Capitals,1.1 crore,2020,1.1
Avesh khan,Delhi Capitals,0.7 crore,2020,0.7
Mohit sharma,Delhi Capitals,0.5 crore,2020,0.5
Anrich Nortje,Delhi Capitals,0.5 crore,2020,0.5
Keemo Paul,Delhi Capitals,0.5 crore,2020,0.5
AM Ghazanfar,Delhi Capitals,0.2 crore,2020,0.2
Harshal patel,Delhi Capitals,0.2 crore,2020,0.2
Tushar Deshpande,Delhi Capitals,0.2 crore,2020,0.2
Sandeep lamichhane,Delhi Capitals,0.2 crore,2020,0.2
Lokesh rahul,Punjab Kings,11 crore,2020,11.0
Glenn maxwell,Punjab Kings,10.75 crore,2020,10.75
Isitha Wijesundara,Punjab Kings,8.5 crore,2020,8.5
Colin Archibald,Punjab Kings,6.2 crore,2020,6.2
Karun nair,Punjab Kings,5.6 crore,2020,5.6
Mohammad shami,Punjab Kings,4.8 crore,2020,4.8
Simran singh,Punjab Kings,4.8 crore,2020,4.8
Nicholas Pooran,Punjab Kings,4.2 crore,2020,4.2
Chris jordan,Punjab Kings,3.00 crore,2020,3.0
Chris gayle,Punjab Kings,2 crore,2020,2.0
Harpreet brar,Punjab Kings,2 crore,2020,2.0
Ravi Bishnoi,Punjab Kings,2 crore,2020,2.0
Mayank agarwal,Punjab Kings,1 crore,2020,1.0
Hardus Viljoen,Punjab Kings,0.75 crore,2020,0.75
Simran singh,Punjab Kings,0.55 crore,2020,0.55
Deepak hooda,Punjab Kings,0.5 crore,2020,0.5
Harry Dixon,Punjab Kings,0.5 crore,2020,0.5
Mandeep singh,Punjab Kings,0.5 crore,2020,0.5
Christopher King,Punjab Kings,0.3 crore,2020,0.3
Sarfaraz khan,Punjab Kings,0.25 crore,2020,0.25
Heath Richards,Punjab Kings,0.2 crore,2020,0.2
Iain Carlisle,Punjab Kings,0.2 crore,2020,0.2
Jagadeesha suchith,Punjab Kings,0.2 crore,2020,0.2
Murugan ashwin,Punjab Kings,0.2 crore,2020,0.2
Arshdeep singh,Punjab Kings,0.2 crore,2020,0.2
Patrick cummins,Kolkata Knight Riders,15.5 crore,2020,15.5
Sunil narine,Kolkata Knight Riders,12.5 crore,2020,12.5
Andre russell,Kolkata Knight Riders,8.5 crore,2020,8.5
Kuldeep yadav,Kolkata Knight Riders,5.8 crore,2020,5.8
Dinesh karthik,Kolkata Knight Riders,5.4 crore,2020,5.4
Eoin morgan,Kolkata Knight Riders,5.25 crore,2020,5.25
Varun chakravarthy,Kolkata Knight Riders,4 crore,2020,4.0
Nitish rana,Kolkata Knight Riders,3.4 crore,2020,3.4
Kamlesh Nagarkoti,Kolkata Knight Riders,3.2 crore,2020,3.2
Shivam mavi,Kolkata Knight Riders,3 crore,2020,3.0
Joshua Tromp,Kolkata Knight Riders,1.8 crore,2020,1.8
Lockie ferguson,Kolkata Knight Riders,1.6 crore,2020,1.6
Tom Banton,Kolkata Knight Riders,1 crore,2020,1.0
Rinku singh,Kolkata Knight Riders,0.8 crore,2020,0.8
Harry gurney,Kolkata Knight Riders,0.75 crore,2020,0.75
Rahul tripathi,Kolkata Knight Riders,0.6 crore,2020,0.6
Chris Green,Kolkata Knight Riders,0.2 crore,2020,0.2
Keaton Jennings,Kolkata Knight Riders,0.2 crore,2020,0.2
Luvnith Sisodia,Kolkata Knight Riders,0.2 crore,2020,0.2
Pravin tambe,Kolkata Knight Riders,0.2 crore,2020,0.2
Sandeep warrier,Kolkata Knight Riders,0.2 crore,2020,0.2
Siddhesh lad,Kolkata Knight Riders,0.2 crore,2020,0.2
Prasidh krishna,Kolkata Knight Riders,0 crore,2020,0.0
Rohit sharma,Mumbai Indians,15 crore,2020,15.0
Krunal pandya,Mumbai Indians,8.8 crore,2020,8.8
Nathan coulter nile,Mumbai Indians,8 crore,2020,8.0
Jasprit bumrah,Mumbai Indians,7 crore,2020,7.0
Ishan kishan,Mumbai Indians,6.2 crore,2020,6.2
Kieron Pollard,Mumbai Indians,5.4 crore,2020,5.4
Trent boult,Mumbai Indians,3.2 crore,2020,3.2
Quinton de Kock,Mumbai Indians,2.8 crore,2020,2.8
Suryakumar yadav,Mumbai Indians,2.2 crore,2020,2.2
Chris lynn,Mumbai Indians,2 crore,2020,2.0
Naman Dhir,Mumbai Indians,2 crore,2020,2.0
Rahul chahar,Mumbai Indians,1.9 crore,2020,1.9
Mitchell mcclenaghan,Mumbai Indians,1 crore,2020,1.0
Anmolpreet singh,Mumbai Indians,0.8 crore,2020,0.8
Dhawal kulkarni,Mumbai Indians,0.75 crore,2020,0.75
Saurabh tiwary,Mumbai Indians,0.5 crore,2020,0.5
Jayant yadav,Mumbai Indians,0.5 crore,2020,0.5
Aditya tare,Mumbai Indians,0.2 crore,2020,0.2
Anshul Kamboj,Mumbai Indians,0.2 crore,2020,0.2
Mohammed Shami,Mumbai Indians,0.2 crore,2020,0.2
Sameer Rizvi,Mumbai Indians,0.2 crore,2020,0.2
Lasith malinga,Mumbai Indians,0 crore,2020,0.0
Sherfane rutherford,Mumbai Indians,0 crore,2020,0.0
Hardik pandya,Mumbai Indians,0 crore,2020,0.0
Steven smith,Rajasthan Royals,12.5 crore,2020,12.5
Sanju samson,Rajasthan Royals,8 crore,2020,8.0
Jofra Archer,Rajasthan Royals,7.2 crore,2020,7.2
Mikyle Louis,Rajasthan Royals,4.4 crore,2020,4.4
Ankit rajpoot,Rajasthan Royals,3 crore,2020,3.0
Jaydev unadkat,Rajasthan Royals,3 crore,2020,3.0
Rahul tewatia,Rajasthan Royals,3 crore,2020,3.0
Robin uthappa,Rajasthan Royals,3 crore,2020,3.0
Yashasvi Jaiswal,Rajasthan Royals,2.4 crore,2020,2.4
Mayank markande,Rajasthan Royals,2 crore,2020,2.0
Kartik Tyagi,Rajasthan Royals,1.3 crore,2020,1.3
Andrew tye,Rajasthan Royals,1 crore,2020,1.0
Tom curran,Rajasthan Royals,1 crore,2020,1.0
Mohammad Ali,Rajasthan Royals,0.8 crore,2020,0.8
Shreyas gopal,Rajasthan Royals,0.8 crore,2020,0.8
David Miller,Rajasthan Royals,0.75 crore,2020,0.75
Oshane thomas,Rajasthan Royals,0.5 crore,2020,0.5
Malsha Tharupathi,Rajasthan Royals,0.3 crore,2020,0.3
Mahipal lomror,Rajasthan Royals,0.2 crore,2020,0.2
Manan vohra,Rajasthan Royals,0.2 crore,2020,0.2
Pat Cummins,Rajasthan Royals,0.2 crore,2020,0.2
Pathum Kumara,Rajasthan Royals,0.2 crore,2020,0.2
Riyan parag,Rajasthan Royals,0.2 crore,2020,0.2
Varun aaron,Rajasthan Royals,0 crore,2020,0.0
Ben stokes,Rajasthan Royals,0 crore,2020,0.0
Virat kohli,Royal Challengers Bangalore,17 crore,2020,17.0
Ab de villiers,Royal Challengers Bangalore,11 crore,2020,11.0
Ronan Herrmann,Royal Challengers Bangalore,10 crore,2020,10.0
Yuzvendra chahal,Royal Challengers Bangalore,6 crore,2020,6.0
Shivam dube,Royal Challengers Bangalore,5 crore,2020,5.0
Aaron Finch,Royal Challengers Bangalore,4.4 crore,2020,4.4
Umesh yadav,Royal Challengers Bangalore,4.2 crore,2020,4.2
Kane richardson,Royal Challengers Bangalore,4 crore,2020,4.0
Washington sundar,Royal Challengers Bangalore,3.2 crore,2020,3.2
Navdeep saini,Royal Challengers Bangalore,3 crore,2020,3.0
Thomas Kaber,Royal Challengers Bangalore,2.6 crore,2020,2.6
Dale steyn,Royal Challengers Bangalore,2 crore,2020,2.0
Moeen Ali,Royal Challengers Bangalore,1.7 crore,2020,1.7
Pawan negi,Royal Challengers Bangalore,1 crore,2020,1.0
Gurkeerat singh,Royal Challengers Bangalore,0.5 crore,2020,0.5
Nqabayomzi Peter,Royal Challengers Bangalore,0.5 crore,2020,0.5
Keith Dudgeon,Royal Challengers Bangalore,0.2 crore,2020,0.2
Kwena Maphaka,Royal Challengers Bangalore,0.2 crore,2020,0.2
Patrick Kruger,Royal Challengers Bangalore,0.2 crore,2020,0.2
Devdutt Padikkal,Royal Challengers Bangalore,0.2 crore,2020,0.2
Kyle Simmonds,Royal Challengers Bangalore,0 crore,2020,0.0
David warner,Sunrisers Hyderabad,12.5 crore,2020,12.5
Manish pandey,Sunrisers Hyderabad,11 crore,2020,11.0
Rashid Khan,Sunrisers Hyderabad,9 crore,2020,9.0
Bhuvneshwar kumar,Sunrisers Hyderabad,8.5 crore,2020,8.5
T natarajan,Sunrisers Hyderabad,4 crore,2020,4.0
Siddarth kaul,Sunrisers Hyderabad,3.8 crore,2020,3.8
Vijay shankar,Sunrisers Hyderabad,3.2 crore,2020,3.2
Kane williamson,Sunrisers Hyderabad,3 crore,2020,3.0
Khaleel ahmed,Sunrisers Hyderabad,3 crore,2020,3.0
Jonny bairstow,Sunrisers Hyderabad,2.2 crore,2020,2.2
Mitchell marsh,Sunrisers Hyderabad,2 crore,2020,2.0
Priyam Garg,Sunrisers Hyderabad,1.9 crore,2020,1.9
Ranesh Silva,Sunrisers Hyderabad,1.9 crore,2020,1.9
Wriddhiman saha,Sunrisers Hyderabad,1.2 crore,2020,1.2
Shreevats goswami,Sunrisers Hyderabad,1 crore,2020,1.0
Mohammad nabi,Sunrisers Hyderabad,1 crore,2020,1.0
Basil thampi,Sunrisers Hyderabad,0.95 crore,2020,0.95
Abhishek sharma,Sunrisers Hyderabad,0.55 crore,2020,0.55
Billy stanlake,Sunrisers Hyderabad,0.5 crore,2020,0.5
Fabian Allen,Sunrisers Hyderabad,0.5 crore,2020,0.5
Shahbaz nadeem,Sunrisers Hyderabad,0.5 crore,2020,0.5
Sandeep sharma,Sunrisers Hyderabad,0.3 crore,2020,0.3
Abdul Samad,Sunrisers Hyderabad,0.2 crore,2020,0.2
Ryan John,Sunrisers Hyderabad,0.2 crore,2020,0.2
Saad Bin Zafar,Sunrisers Hyderabad,0.2 crore,2020,0.2
Ms dhoni,Chennai Super Kings,15 crore,2021,15.0
Deepak chahar,Chennai Super Kings,14 crore,2021,14.0
Moeen Ali,Chennai Super Kings,7 crore,2021,7.0
Ravindra jadeja,Chennai Super Kings,7 crore,2021,7.0
Dwayne bravo,Chennai Super Kings,6.75 crore,2021,6.75
Sam Curran,Chennai Super Kings,5.5 crore,2021,5.5
Shardul thakur,Chennai Super Kings,2.6 crore,2021,2.6
Ambati rayudu,Chennai Super Kings,2.2 crore,2021,2.2
Suresh Raina,Chennai Super Kings,2 crore,2021,2.0
Ruturaj Gaikwad,Chennai Super Kings,0.2 crore,2021,0.2
Faf du Plessis,Chennai Super Kings,0 crore,2021,0.0
Rishabh pant,Delhi Capitals,16 crore,2021,16.0
Shimron hetmyer,Delhi Capitals,7.75 crore,2021,7.75
Ravichandran ashwin,Delhi Capitals,7.6 crore,2021,7.6
Shreyas iyer,Delhi Capitals,7 crore,2021,7.0
Tom curran,Delhi Capitals,5.25 crore,2021,5.25
Shikhar dhawan,Delhi Capitals,5.2 crore,2021,5.2
Marcus Stoinis,Delhi Capitals,4.8 crore,2021,4.8
Amit mishra,Delhi Capitals,2 crore,2021,2.0
Chris woakes,Delhi Capitals,1.5 crore,2021,1.5
Prithvi shaw,Delhi Capitals,1.20 crore,2021,1.2
Avesh khan,Delhi Capitals,0.7 crore,2021,0.7
Anrich Nortje,Delhi Capitals,0.5 crore,2021,0.5
Praveen dubey,Delhi Capitals,0.2 crore,2021,0.2
Ajinkya rahane,Delhi Capitals,0 crore,2021,0.0
Jhye Richardson,Punjab Kings,14 crore,2021,14.0
Lokesh rahul,Punjab Kings,11 crore,2021,11.0
Riley Meredith,Punjab Kings,8 crore,2021,8.0
Shahrukh Khan,Punjab Kings,5.25 crore,2021,5.25
Mohammad shami,Punjab Kings,4.8 crore,2021,4.8
Deepak hooda,Punjab Kings,4.2 crore,2021,4.2
Nicholas Pooran,Punjab Kings,4.2 crore,2021,4.2
Chris gayle,Punjab Kings,2 crore,2021,2.0
Simran singh,Punjab Kings,0.6 crore,2021,0.6
Murugan ashwin,Punjab Kings,0.2 crore,2021,0.2
Arshdeep singh,Punjab Kings,0.2 crore,2021,0.2
Patrick cummins,Kolkata Knight Riders,15.5 crore,2021,15.5
Andre russell,Kolkata Knight Riders,8.5 crore,2021,8.5
Dinesh karthik,Kolkata Knight Riders,7.4 crore,2021,7.4
Eoin morgan,Kolkata Knight Riders,5.25 crore,2021,5.25
Varun chakravarthy,Kolkata Knight Riders,4 crore,2021,4.0
Nitish rana,Kolkata Knight Riders,3.4 crore,2021,3.4
Shakib al hasan,Kolkata Knight Riders,3.2 crore,2021,3.2
Harbhajan singh,Kolkata Knight Riders,2 crore,2021,2.0
Shubman gill,Kolkata Knight Riders,1.8 crore,2021,1.8
Rahul tripathi,Kolkata Knight Riders,0.6 crore,2021,0.6
Prasidh krishna,Kolkata Knight Riders,0.2 crore,2021,0.2
Rohit sharma,Mumbai Indians,15 crore,2021,15.0
Hardik pandya,Mumbai Indians,11 crore,2021,11.0
Krunal pandya,Mumbai Indians,8.8 crore,2021,8.8
Jasprit bumrah,Mumbai Indians,7 crore,2021,7.0
Ishan kishan,Mumbai Indians,6.2 crore,2021,6.2
Kieron Pollard,Mumbai Indians,5.4 crore,2021,5.4
Suryakumar yadav,Mumbai Indians,2.8 crore,2021,2.8
Trent boult,Mumbai Indians,2.2 crore,2021,2.2
Chris lynn,Mumbai Indians,2 crore,2021,2.0
Rahul chahar,Mumbai Indians,1.9 crore,2021,1.9
Marco Jansen,Mumbai Indians,0.2 crore,2021,0.2
Mayank agarwal,Punjab Kings,1 crore,2021,1.0
Chris morris,Rajasthan Royals,16.25 crore,2021,16.25
Ben stokes,Rajasthan Royals,12.5 crore,2021,12.5
Sanju samson,Rajasthan Royals,8 crore,2021,8.0
Shivam dube,Rajasthan Royals,4.4 crore,2021,4.4
Jos Buttler,Rajasthan Royals,4.4 crore,2021,4.4
Rahul tewatia,Rajasthan Royals,3 crore,2021,3.0
Riyan parag,Rajasthan Royals,1.3 crore,2021,1.3
Chetan Sakariya,Rajasthan Royals,1.2 crore,2021,1.2
Mustafizur rahman,Rajasthan Royals,1 crore,2021,1.0
Manan vohra,Rajasthan Royals,0.2 crore,2021,0.2
Shreyas gopal,Rajasthan Royals,0.2 crore,2021,0.2
Virat kohli,Royal Challengers Bangalore,17 crore,2021,17.0
Kyle Jamieson,Royal Challengers Bangalore,15 crore,2021,15.0
Glenn maxwell,Royal Challengers Bangalore,14.25 crore,2021,14.25
Ab de villiers,Royal Challengers Bangalore,11 crore,2021,11.0
Harshal patel,Royal Challengers Bangalore,10.75 crore,2021,10.75
Yuzvendra chahal,Royal Challengers Bangalore,6.00 crore,2021,6.0
Daniel christian,Royal Challengers Bangalore,4.8 crore,2021,4.8
Washington sundar,Royal Challengers Bangalore,3.2 crore,2021,3.2
Mohammed siraj,Royal Challengers Bangalore,2.6 crore,2021,2.6
Shahbaz Ahmed,Royal Challengers Bangalore,2.4 crore,2021,2.4
Rajat Patidar,Royal Challengers Bangalore,0.2 crore,2021,0.2
David warner,Sunrisers Hyderabad,12.5 crore,2021,12.5
Manish pandey,Sunrisers Hyderabad,11 crore,2021,11.0
Rashid Khan,Sunrisers Hyderabad,9 crore,2021,9.0
Bhuvneshwar kumar,Sunrisers Hyderabad,8 crore,2021,8.0
T natarajan,Sunrisers Hyderabad,4 crore,2021,4.0
Kane williamson,Sunrisers Hyderabad,3 crore,2021,3.0
Vijay shankar,Sunrisers Hyderabad,2.1 crore,2021,2.1
Wriddhiman saha,Sunrisers Hyderabad,1.2 crore,2021,1.2
Mohammad nabi,Sunrisers Hyderabad,1 crore,2021,1.0
Abdul Samad,Sunrisers Hyderabad,0.2 crore,2021,0.2
Sandeep sharma,Sunrisers Hyderabad,0.2 crore,2021,0.2
Jonny bairstow,Sunrisers Hyderabad,0 crore,2021,0.0
Krishnappa Gowtham,Chennai Super Kings,"9,25,00,000",2021,9.25
Moeen Ali,Chennai Super Kings,"7,00,00,000",2021,7.0
Cheteshwar Pujara,Chennai Super Kings,"50,00,000",2021,0.5
C Hari Nishaanth,Chennai Super Kings,"20,00,000",2021,0.2
K.Bhagath Varma,Chennai Super Kings,"20,00,000",2021,0.2
M. Harisankar Reddy,Chennai Super Kings,"20,00,000",2021,0.2
Tom Curran,Delhi Capitals,"5,25,00,000",2021,5.25
Steven Smith,Delhi Capitals,"2,20,00,000",2021,2.2
Sam Billings,Delhi Capitals,"2,00,00,000",2021,2.0
Umesh Yadav,Delhi Capitals,"1,00,00,000",2021,1.0
Lukman Hussain Meriwala,Delhi Capitals,"20,00,000",2021,0.2
M Siddharth,Delhi Capitals,"20,00,000",2021,0.2
Ripal Patel,Delhi Capitals,"20,00,000",2021,0.2
Vishnu Vinod,Delhi Capitals,"20,00,000",2021,0.2
Shakib Al Hasan,Kolkata Knight Riders,"3,20,00,000",2021,3.2
Harbhajan Singh,Kolkata Knight Riders,"2,00,00,000",2021,2.0
Ben Cutting,Kolkata Knight Riders,"75,00,000",2021,0.75
Karun Nair,Kolkata Knight Riders,"50,00,000",2021,0.5
Pawan Negi,Kolkata Knight Riders,"50,00,000",2021,0.5
Sheldon Jackson,Kolkata Knight Riders,"20,00,000",2021,0.2
Vaibhav Arora,Kolkata Knight Riders,"20,00,000",2021,0.2
Venkatesh Iyer,Kolkata Knight Riders,"20,00,000",2021,0.2
Nathan Coulter-Nile,Mumbai Indians,"5,00,00,000",2021,5.0
Adam Milne,Mumbai Indians,"3,20,00,000",2021,3.2
Piyush Chawla,Mumbai Indians,"2,40,00,000",2021,2.4
James Neesham,Mumbai Indians,"50,00,000",2021,0.5
Arjun Tendulkar,Mumbai Indians,"20,00,000",2021,0.2
Marco Jansen,Mumbai Indians,"20,00,000",2021,0.2
Yudhvir Charak,Mumbai Indians,"20,00,000",2021,0.2
Jhye Richardson,Punjab Kings,"14,00,00,000",2021,14.0
Riley Meredith,Punjab Kings,"8,00,00,000",2021,8.0
Shahrukh Khan,Punjab Kings,"5,25,00,000",2021,5.25
Moises Henriques,Punjab Kings,"4,20,00,000",2021,4.2
Dawid Malan,Punjab Kings,"1,50,00,000",2021,1.5
Fabian Allen,Punjab Kings,"75,00,000",2021,0.75
Jalaj Saxena,Punjab Kings,"30,00,000",2021,0.3
Saurabh Kumar,Punjab Kings,"20,00,000",2021,0.2
Utkarsh Singh,Punjab Kings,"20,00,000",2021,0.2
Christopher Morris,Rajasthan Royals,"16,25,00,000",2021,16.25
Shivam Dube,Rajasthan Royals,"4,40,00,000",2021,4.4
Chetan Sakariya,Rajasthan Royals,"1,20,00,000",2021,1.2
Mustafizur Rahman,Rajasthan Royals,"1,00,00,000",2021,1.0
Liam Livingstone,Rajasthan Royals,"75,00,000",2021,0.75
Akash Singh,Rajasthan Royals,"20,00,000",2021,0.2
K.C Cariappa,Rajasthan Royals,"20,00,000",2021,0.2
Kuldip Yadav,Rajasthan Royals,"20,00,000",2021,0.2
Kyle Jamieson,Royal Challengers Bangalore,"15,00,00,000",2021,15.0
Glenn Maxwell,Royal Challengers Bangalore,"14,25,00,000",2021,14.25
Dan Christian,Royal Challengers Bangalore,"4,80,00,000",2021,4.8
Kona Srikar Bharat,Royal Challengers Bangalore,"20,00,000",2021,0.2
Mohammed Azharudeen,Royal Challengers Bangalore,"20,00,000",2021,0.2
Rajat Patidar,Royal Challengers Bangalore,"20,00,000",2021,0.2
Sachin Baby,Royal Challengers Bangalore,"20,00,000",2021,0.2
Suyash Prabhudesai,Royal Challengers Bangalore,"20,00,000",2021,0.2
Kedar Jadhav,Sunrisers Hyderabad,"2,00,00,000",2021,2.0
Mujeeb Zadran,Sunrisers Hyderabad,"1,50,00,000",2021,1.5
J Suchith,Sunrisers Hyderabad,"30,00,000",2021,0.3
Ravindra jadeja,Chennai Super Kings,16 crore,2022,16.0
Ms dhoni,Chennai Super Kings,12 crore,2022,12.0
Moeen Ali,Chennai Super Kings,8 crore,2022,8.0
Ambati rayudu,Chennai Super Kings,6.75 crore,2022,6.75
Ruturaj Gaikwad,Chennai Super Kings,6 crore,2022,6.0
Dwayne bravo,Chennai Super Kings,4.4 crore,2022,4.4
Shivam dube,Chennai Super Kings,4 crore,2022,4.0
Chris jordan,Chennai Super Kings,3.6 crore,2022,3.6
Robin uthappa,Chennai Super Kings,2 crore,2022,2.0
Adam milne,Chennai Super Kings,1.9 crore,2022,1.9
Mitchell santner,Chennai Super Kings,1.9 crore,2022,1.9
Devon Conway,Chennai Super Kings,1 crore,2022,1.0
Maheesh Theekshana,Chennai Super Kings,0.7 crore,2022,0.7
Dwaine Pretorius,Chennai Super Kings,0.5 crore,2022,0.5
Mukesh Choudhary,Chennai Super Kings,0.2 crore,2022,0.2
Tushar Deshpande,Chennai Super Kings,0.2 crore,2022,0.2
Rishabh pant,Delhi Capitals,16 crore,2022,16.0
Shardul thakur,Delhi Capitals,10.75 crore,2022,10.75
Axar patel,Delhi Capitals,9 crore,2022,9.0
Prithvi shaw,Delhi Capitals,7.5 crore,2022,7.5
Anrich Nortje,Delhi Capitals,6.5 crore,2022,6.5
David warner,Delhi Capitals,6.25 crore,2022,6.25
Khaleel ahmed,Delhi Capitals,5.25 crore,2022,5.25
Chetan Sakariya,Delhi Capitals,4.2 crore,2022,4.2
Rovman powell,Delhi Capitals,2.8 crore,2022,2.8
Kuldeep yadav,Delhi Capitals,2 crore,2022,2.0
Mustafizur rahman,Delhi Capitals,2 crore,2022,2.0
Kamlesh Nagarkoti,Delhi Capitals,1.1 crore,2022,1.1
Mandeep singh,Delhi Capitals,1.1 crore,2022,1.1
AM Ghazanfar,Delhi Capitals,0.65 crore,2022,0.65
Tim Seifert,Delhi Capitals,0.5 crore,2022,0.5
Praveen dubey,Delhi Capitals,0.5 crore,2022,0.5
Sarfaraz khan,Delhi Capitals,0.2 crore,2022,0.2
Hardik pandya,Gujarat Titans,15 crore,2022,15.0
Rashid Khan,Gujarat Titans,15 crore,2022,15.0
Lockie ferguson,Gujarat Titans,10 crore,2022,10.0
Rahul tewatia,Gujarat Titans,9 crore,2022,9.0
Shubman gill,Gujarat Titans,8 crore,2022,8.0
Mohammad shami,Gujarat Titans,6.25 crore,2022,6.25
David Miller,Gujarat Titans,3 crore,2022,3.0
Abhinav Manohar,Gujarat Titans,2.6 crore,2022,2.6
Matthew wade,Gujarat Titans,2.4 crore,2022,2.4
Wriddhiman saha,Gujarat Titans,1.9 crore,2022,1.9
Rahmanullah Gurbaz,Gujarat Titans,1.5 crore,2022,1.5
Vijay shankar,Gujarat Titans,1.4 crore,2022,1.4
Varun aaron,Gujarat Titans,0.5 crore,2022,0.5
Christopher King,Gujarat Titans,0.2 crore,2022,0.2
Sai Sudharsan,Gujarat Titans,0.2 crore,2022,0.2
Kagiso Rabada,Punjab Kings,9.25 crore,2022,9.25
Jonny bairstow,Punjab Kings,6.75 crore,2022,6.75
Vaibhav Arora,Punjab Kings,2 crore,2022,2.0
Jitesh Sharma,Punjab Kings,0.2 crore,2022,0.2
Shreyas iyer,Kolkata Knight Riders,12.25 crore,2022,12.25
Andre russell,Kolkata Knight Riders,12 crore,2022,12.0
Nitish rana,Kolkata Knight Riders,8 crore,2022,8.0
Varun chakravarthy,Kolkata Knight Riders,8 crore,2022,8.0
Venkatesh Iyer,Kolkata Knight Riders,8 crore,2022,8.0
Patrick cummins,Kolkata Knight Riders,7.25 crore,2022,7.25
Shivam mavi,Kolkata Knight Riders,7.25 crore,2022,7.25
Sunil narine,Kolkata Knight Riders,6 crore,2022,6.0
Sam billings,Kolkata Knight Riders,2 crore,2022,2.0
Umesh yadav,Kolkata Knight Riders,2 crore,2022,2.0
Tim southee,Kolkata Knight Riders,1.5 crore,2022,1.5
Aaron Finch,Kolkata Knight Riders,1.5 crore,2022,1.5
Ajinkya rahane,Kolkata Knight Riders,1 crore,2022,1.0
Sheldon jackson,Kolkata Knight Riders,0.6 crore,2022,0.6
Rinku singh,Kolkata Knight Riders,0.55 crore,2022,0.55
Rasikh salam,Kolkata Knight Riders,0.2 crore,2022,0.2
Lokesh rahul,Lucknow Supergiants,17 crore,2022,17.0
Avesh khan,Lucknow Supergiants,10 crore,2022,10.0
Marcus Stoinis,Lucknow Supergiants,9.2 crore,2022,9.2
Jason holder,Lucknow Supergiants,8.75 crore,2022,8.75
Krunal pandya,Lucknow Supergiants,8.25 crore,2022,8.25
Quinton de Kock,Lucknow Supergiants,6.75 crore,2022,6.75
Deepak hooda,Lucknow Supergiants,5.75 crore,2022,5.75
Manish pandey,Lucknow Supergiants,4.6 crore,2022,4.6
Ravi Bishnoi,Lucknow Supergiants,4 crore,2022,4.0
Dushmantha Chameera,Lucknow Supergiants,2 crore,2022,2.0
Evin lewis,Lucknow Supergiants,2 crore,2022,2.0
Andrew tye,Lucknow Supergiants,1 crore,2022,1.0
Krishnappa gowtham,Lucknow Supergiants,0.9 crore,2022,0.9
Ayush Badoni,Lucknow Supergiants,0.2 crore,2022,0.2
Sameer Rizvi,Lucknow Supergiants,0.2 crore,2022,0.2
Rohit sharma,Mumbai Indians,16 crore,2022,16.0
Ishan kishan,Mumbai Indians,15.25 crore,2022,15.25
Jasprit bumrah,Mumbai Indians,12 crore,2022,12.0
Tim David,Mumbai Indians,8.25 crore,2022,8.25
Suryakumar yadav,Mumbai Indians,8 crore,2022,8.0
Kieron Pollard,Mumbai Indians,6 crore,2022,6.0
Dewald Brevis,Mumbai Indians,3 crore,2022,3.0
Daniel Sams,Mumbai Indians,2.6 crore,2022,2.6
Tilak Varma,Mumbai Indians,1.7 crore,2022,1.7
Murugan ashwin,Mumbai Indians,1.6 crore,2022,1.6
Tymal mills,Mumbai Indians,1.5 crore,2022,1.5
Jaydev unadkat,Mumbai Indians,1.3 crore,2022,1.3
Basil thampi,Mumbai Indians,0.3 crore,2022,0.3
Anmolpreet singh,Mumbai Indians,0.2 crore,2022,0.2
Ramandeep Singh,Mumbai Indians,0.2 crore,2022,0.2
Arshad Khan,Mumbai Indians,0.2 crore,2022,0.2
Mayank agarwal,Punjab Kings,12 crore,2022,12.0
Liam Livingstone,Punjab Kings,11.5 crore,2022,11.5
Shahrukh Khan,Punjab Kings,9 crore,2022,9.0
Shikhar dhawan,Punjab Kings,8.25 crore,2022,8.25
Odean Smith,Punjab Kings,6 crore,2022,6.0
Rahul chahar,Punjab Kings,5.25 crore,2022,5.25
Arshdeep singh,Punjab Kings,4 crore,2022,4.0
Harpreet brar,Punjab Kings,3.8 crore,2022,3.8
Raj Bawa,Punjab Kings,2 crore,2022,2.0
Simran singh,Punjab Kings,0.6 crore,2022,0.6
Bhanuka Rajapaksa,Punjab Kings,0.5 crore,2022,0.5
Sandeep sharma,Punjab Kings,0.5 crore,2022,0.5
Sanju samson,Rajasthan Royals,14 crore,2022,14.0
Prasidh krishna,Rajasthan Royals,10 crore,2022,10.0
Jos Buttler,Rajasthan Royals,10 crore,2022,10.0
Shimron hetmyer,Rajasthan Royals,8.5 crore,2022,8.5
Trent boult,Rajasthan Royals,8 crore,2022,8.0
Devdutt Padikkal,Rajasthan Royals,7.75 crore,2022,7.75
Yuzvendra chahal,Rajasthan Royals,6.5 crore,2022,6.5
Ravichandran ashwin,Rajasthan Royals,5 crore,2022,5.0
Yashasvi Jaiswal,Rajasthan Royals,4 crore,2022,4.0
Riyan parag,Rajasthan Royals,3.8 crore,2022,3.8
Navdeep saini,Rajasthan Royals,2.6 crore,2022,2.6
Nathan coulter nile,Rajasthan Royals,2 crore,2022,2.0
Rassie van der Dussen,Rajasthan Royals,1 crore,2022,1.0
Kuldeep Sen,Rajasthan Royals,0.2 crore,2022,0.2
Virat kohli,Royal Challengers Bangalore,15 crore,2022,15.0
Glenn maxwell,Royal Challengers Bangalore,11 crore,2022,11.0
Harshal patel,Royal Challengers Bangalore,10.75 crore,2022,10.75
Wanindu Hasaranga,Royal Challengers Bangalore,10.75 crore,2022,10.75
Josh Hazlewood,Royal Challengers Bangalore,7.75 crore,2022,7.75
Faf du Plessis,Royal Challengers Bangalore,7 crore,2022,7.0
Mohammed siraj,Royal Challengers Bangalore,7 crore,2022,7.0
Dinesh karthik,Royal Challengers Bangalore,5.5 crore,2022,5.5
Mohammad Ali,Royal Challengers Bangalore,3.4 crore,2022,3.4
Shahbaz Ahmed,Royal Challengers Bangalore,2.4 crore,2022,2.4
David willey,Royal Challengers Bangalore,2 crore,2022,2.0
Sherfane rutherford,Royal Challengers Bangalore,1 crore,2022,1.0
Suyash Prabhudessai,Royal Challengers Bangalore,0.3 crore,2022,0.3
Akash Deep,Royal Challengers Bangalore,0.2 crore,2022,0.2
Kane williamson,Sunrisers Hyderabad,14 crore,2022,14.0
Nicholas Pooran,Sunrisers Hyderabad,10.75 crore,2022,10.75
Washington sundar,Sunrisers Hyderabad,8.75 crore,2022,8.75
Rahul tripathi,Sunrisers Hyderabad,8.5 crore,2022,8.5
Romario Shepherd,Sunrisers Hyderabad,7.75 crore,2022,7.75
Abhishek sharma,Sunrisers Hyderabad,6.5 crore,2022,6.5
Marco Jansen,Sunrisers Hyderabad,4.2 crore,2022,4.2
Bhuvneshwar kumar,Sunrisers Hyderabad,4.2 crore,2022,4.2
T natarajan,Sunrisers Hyderabad,4 crore,2022,4.0
Abdul Samad,Sunrisers Hyderabad,4 crore,2022,4.0
Umran Malik,Sunrisers Hyderabad,4 crore,2022,4.0
Aiden Markram,Sunrisers Hyderabad,2.6 crore,2022,2.6
Malsha Tharupathi,Sunrisers Hyderabad,0.2 crore,2022,0.2
Deepak Chahar,Chennai Super Kings,"â‚¹14,00,00,000",2022,14.0
Ambati Rayudu,Chennai Super Kings,6.75,2022,6.75
Dwayne Bravo,Chennai Super Kings,4.4,2022,4.4
Shivam Dube,Chennai Super Kings,4.0,2022,4.0
Chris Jordan,Chennai Super Kings,3.6,2022,3.6
Robin Uthappa,Chennai Super Kings,2.0,2022,2.0
Adam Milne,Chennai Super Kings,1.9,2022,1.9
Mitchell Santner,Chennai Super Kings,1.9,2022,1.9
Rajvardhan Hangargekar,Chennai Super Kings,1.5,2022,1.5
Prashant Solanki,Chennai Super Kings,1.2,2022,1.2
Devon Conway,Chennai Super Kings,1.0,2022,1.0
Maheesh Theekshana,Chennai Super Kings,0.7,2022,0.7
Dwaine Pretorius,Chennai Super Kings,0.5,2022,0.5
C.Hari Nishaanth,Chennai Super Kings,0.2,2022,0.2
K.Bhagath Varma,Chennai Super Kings,0.2,2022,0.2
K.M. Asif,Chennai Super Kings,0.2,2022,0.2
Mukesh Choudhary,Chennai Super Kings,0.2,2022,0.2
N. Jagadeesan,Chennai Super Kings,0.2,2022,0.2
Simarjeet Singh,Chennai Super Kings,0.2,2022,0.2
Subhranshu Senapati,Chennai Super Kings,0.2,2022,0.2
Tushar Deshpande,Chennai Super Kings,0.2,2022,0.2
Shardul Thakur,Delhi Capitals,10.75,2022,10.75
Mitchell Marsh,Delhi Capitals,6.5,2022,6.5
David Warner,Delhi Capitals,6.25,2022,6.25
Syed Khaleel Ahmed,Delhi Capitals,5.25,2022,5.25
Chetan Sakariya,Delhi Capitals,4.2,2022,4.2
Rovman Powell,Delhi Capitals,2.8,2022,2.8
K.S. Bharat,Delhi Capitals,2.0,2022,2.0
Kuldeep Yadav,Delhi Capitals,2.0,2022,2.0
Mustafizur Rahman,Delhi Capitals,2.0,2022,2.0
Kamlesh Nagarkoti,Delhi Capitals,1.1,2022,1.1
Mandeep Singh,Delhi Capitals,1.1,2022,1.1
Lalit Yadav,Delhi Capitals,0.65,2022,0.65
Lungisani Ngidi,Delhi Capitals,0.5,2022,0.5
Pravin Dubey,Delhi Capitals,0.5,2022,0.5
Tim Seifert,Delhi Capitals,0.5,2022,0.5
Yash Dhull,Delhi Capitals,0.5,2022,0.5
Ashwin Hebbar,Delhi Capitals,0.2,2022,0.2
Ripal Patel,Delhi Capitals,0.2,2022,0.2
Sarfaraz Khan,Delhi Capitals,0.2,2022,0.2
Vicky Ostwal,Delhi Capitals,0.2,2022,0.2
Lockie Ferguson,Gujarat Titans,10.0,2022,10.0
Rahul Tewatia,Gujarat Titans,9.0,2022,9.0
Mohammad Shami,Gujarat Titans,6.25,2022,6.25
Yash Dayal,Gujarat Titans,3.2,2022,3.2
David Miller,Gujarat Titans,3.0,2022,3.0
R. Sai Kishore,Gujarat Titans,3.0,2022,3.0
Abhinav Sadarangani,Gujarat Titans,2.6,2022,2.6
Alzarri Joseph,Gujarat Titans,2.4,2022,2.4
Matthew Wade,Gujarat Titans,2.4,2022,2.4
Jason Roy,Gujarat Titans,2.0,2022,2.0
Wriddhiman Saha,Gujarat Titans,1.9,2022,1.9
Jayant Yadav,Gujarat Titans,1.7,2022,1.7
Vijay Shankar,Gujarat Titans,1.4,2022,1.4
Dominic Drakes,Gujarat Titans,1.1,2022,1.1
Gurkeerat Singh,Gujarat Titans,0.5,2022,0.5
Varun Aaron,Gujarat Titans,0.5,2022,0.5
Noor Ahmad,Gujarat Titans,0.3,2022,0.3
B. Sai Sudharsan,Gujarat Titans,0.2,2022,0.2
Darshan Nalkande,Gujarat Titans,0.2,2022,0.2
Pradeep Sangwan,Gujarat Titans,0.2,2022,0.2
Shreyas Iyer,Kolkata Knight Riders,12.25,2022,12.25
Nitish Rana,Kolkata Knight Riders,8.0,2022,8.0
Pat Cummins,Kolkata Knight Riders,7.25,2022,7.25
Shivam Mavi,Kolkata Knight Riders,7.25,2022,7.25
Sam Billings,Kolkata Knight Riders,2.0,2022,2.0
Umesh Yadav,Kolkata Knight Riders,2.0,2022,2.0
Alex Hales,Kolkata Knight Riders,1.5,2022,1.5
Tim Southee,Kolkata Knight Riders,1.5,2022,1.5
Ajinkya Rahane,Kolkata Knight Riders,1.0,2022,1.0
Mohammad Nabi,Kolkata Knight Riders,1.0,2022,1.0
Sheldon Jackson,Kolkata Knight Riders,0.6,2022,0.6
Ashok Sharma,Kolkata Knight Riders,0.55,2022,0.55
Rinku Singh,Kolkata Knight Riders,0.55,2022,0.55
Chamika Karunaratne,Kolkata Knight Riders,0.5,2022,0.5
Abhijeet Tomar,Kolkata Knight Riders,0.4,2022,0.4
Aman Khan,Kolkata Knight Riders,0.2,2022,0.2
Anukul Roy,Kolkata Knight Riders,0.2,2022,0.2
Baba Indrajith,Kolkata Knight Riders,0.2,2022,0.2
Pratham Singh,Kolkata Knight Riders,0.2,2022,0.2
Ramesh Kumar,Kolkata Knight Riders,0.2,2022,0.2
Rasikh Dar,Kolkata Knight Riders,0.2,2022,0.2
Avesh Khan,Lucknow Supergiants,10.0,2022,10.0
Jason Holder,Lucknow Supergiants,8.75,2022,8.75
Krunal Pandya,Lucknow Supergiants,8.25,2022,8.25
Mark Wood,Lucknow Supergiants,7.5,2022,7.5
Quinton De Kock,Lucknow Supergiants,6.75,2022,6.75
Deepak Hooda,Lucknow Supergiants,5.75,2022,5.75
Manish Pandey,Lucknow Supergiants,4.6,2022,4.6
Dushmanta Chameera,Lucknow Supergiants,2.0,2022,2.0
Evin Lewis,Lucknow Supergiants,2.0,2022,2.0
K. Gowtham,Lucknow Supergiants,0.9,2022,0.9
Ankit Singh Rajpoot,Lucknow Supergiants,0.5,2022,0.5
Kyle Mayers,Lucknow Supergiants,0.5,2022,0.5
Shahbaz Nadeem,Lucknow Supergiants,0.5,2022,0.5
Ayush Badoni,Lucknow Supergiants,0.2,2022,0.2
Karan Sharma,Lucknow Supergiants,0.2,2022,0.2
Manan Vohra,Lucknow Supergiants,0.2,2022,0.2
Mayank Yadav,Lucknow Supergiants,0.2,2022,0.2
Mohsin Khan,Lucknow Supergiants,0.2,2022,0.2
Ishan Kishan,Mumbai Indians,15.25,2022,15.25
Tim David,Mumbai Indians,8.25,2022,8.25
Jofra Archer,Mumbai Indians,8.0,2022,8.0
Dewald Brevis,Mumbai Indians,3.0,2022,3.0
Daniel Sams,Mumbai Indians,2.6,2022,2.6
N. Tilak Varma,Mumbai Indians,1.7,2022,1.7
Murugan Ashwin,Mumbai Indians,1.6,2022,1.6
Tymal Mills,Mumbai Indians,1.5,2022,1.5
Jaydev Unadkat,Mumbai Indians,1.3,2022,1.3
Riley Meredith,Mumbai Indians,1.0,2022,1.0
Fabian Allen,Mumbai Indians,0.75,2022,0.75
Mayank Markande,Mumbai Indians,0.65,2022,0.65
Sanjay Yadav,Mumbai Indians,0.5,2022,0.5
Arjun Tendulkar,Mumbai Indians,0.3,2022,0.3
Basil Thampi,Mumbai Indians,0.3,2022,0.3
Anmolpreet Singh,Mumbai Indians,0.2,2022,0.2
Aryan Juyal,Mumbai Indians,0.2,2022,0.2
Hrithik Shokeen,Mumbai Indians,0.2,2022,0.2
Mohd. Arshad Khan,Mumbai Indians,0.2,2022,0.2
Rahul Buddhi,Mumbai Indians,0.2,2022,0.2
Ramandeep Singh,Mumbai Indians,0.2,2022,0.2
Liam Livingstone,Punjab Kings,11.5,2022,11.5
Kagiso Rabada,Punjab Kings,9.25,2022,9.25
Shahrukh Khan,Punjab Kings,9.0,2022,9.0
Shikhar Dhawan,Punjab Kings,8.25,2022,8.25
Jonny Bairstow,Punjab Kings,6.75,2022,6.75
Odean Smith,Punjab Kings,6.0,2022,6.0
Rahul Chahar,Punjab Kings,5.25,2022,5.25
Harpreet Brar,Punjab Kings,3.8,2022,3.8
Raj Angad Bawa,Punjab Kings,2.0,2022,2.0
Vaibhav Arora,Punjab Kings,2.0,2022,2.0
Nathan Ellis,Punjab Kings,0.75,2022,0.75
Prabhsimran Singh,Punjab Kings,0.6,2022,0.6
Rishi Dhawan,Punjab Kings,0.55,2022,0.55
Bhanuka Rajapaksa,Punjab Kings,0.5,2022,0.5
Sandeep Sharma,Punjab Kings,0.5,2022,0.5
Benny Howell,Punjab Kings,0.4,2022,0.4
Ishan Porel,Punjab Kings,0.25,2022,0.25
Ansh Patel,Punjab Kings,0.2,2022,0.2
Atharva Taide,Punjab Kings,0.2,2022,0.2
Baltej Dhanda,Punjab Kings,0.2,2022,0.2
Jitesh Sharma,Punjab Kings,0.2,2022,0.2
Prerak Mankad,Punjab Kings,0.2,2022,0.2
Writtick Chatterjee,Punjab Kings,0.2,2022,0.2
Prasidh Krishna,Rajasthan Royals,10.0,2022,10.0
Shimron Hetmyer,Rajasthan Royals,8.5,2022,8.5
Trent Boult,Rajasthan Royals,8.0,2022,8.0
Devdutt Padikkal,Rajasthan Royals,7.75,2022,7.75
Yuzvendra Chahal,Rajasthan Royals,6.5,2022,6.5
R. Ashwin,Rajasthan Royals,5.0,2022,5.0
Riyan Parag,Rajasthan Royals,3.8,2022,3.8
Navdeep Saini,Rajasthan Royals,2.6,2022,2.6
Nathan Coulter-Nile,Rajasthan Royals,2.0,2022,2.0
James Neesham,Rajasthan Royals,1.5,2022,1.5
Karun Nair,Rajasthan Royals,1.4,2022,1.4
Rassie Van Der Dussen,Rajasthan Royals,1.0,2022,1.0
Daryl Mitchell,Rajasthan Royals,0.75,2022,0.75
Obed Mccoy,Rajasthan Royals,0.75,2022,0.75
K.C Cariappa,Rajasthan Royals,0.3,2022,0.3
Anunay Singh,Rajasthan Royals,0.2,2022,0.2
Dhruv Jurel,Rajasthan Royals,0.2,2022,0.2
Kuldeep Sen,Rajasthan Royals,0.2,2022,0.2
Kuldip Yadav,Rajasthan Royals,0.2,2022,0.2
Shubham Garhwal,Rajasthan Royals,0.2,2022,0.2
Tejas Baroka,Rajasthan Royals,0.2,2022,0.2
Harshal Patel,Royal Challengers Bangalore,10.75,2022,10.75
Wanindu Hasaranga,Royal Challengers Bangalore,10.75,2022,10.75
Josh Hazlewood,Royal Challengers Bangalore,7.75,2022,7.75
Faf Du Plessis,Royal Challengers Bangalore,7.0,2022,7.0
Dinesh Karthik,Royal Challengers Bangalore,5.5,2022,5.5
Anuj Rawat,Royal Challengers Bangalore,3.4,2022,3.4
Shahbaz Ahamad,Royal Challengers Bangalore,2.4,2022,2.4
David Willey,Royal Challengers Bangalore,2.0,2022,2.0
Sherfane Rutherford,Royal Challengers Bangalore,1.0,2022,1.0
Mahipal Lomror,Royal Challengers Bangalore,0.95,2022,0.95
Finn Allen,Royal Challengers Bangalore,0.8,2022,0.8
Jason Behrendorff,Royal Challengers Bangalore,0.75,2022,0.75
Siddharth Kaul,Royal Challengers Bangalore,0.75,2022,0.75
Karn Sharma,Royal Challengers Bangalore,0.5,2022,0.5
Suyash Prabhudessai,Royal Challengers Bangalore,0.3,2022,0.3
Chama Milind,Royal Challengers Bangalore,0.25,2022,0.25
Akash Deep,Royal Challengers Bangalore,0.2,2022,0.2
Aneeshwar Gautam,Royal Challengers Bangalore,0.2,2022,0.2
Luvnith Sisodia,Royal Challengers Bangalore,0.2,2022,0.2
Nicholas Pooran,Sunrisers Hyderabad,10.75,2022,10.75
Washington Sundar,Sunrisers Hyderabad,8.75,2022,8.75
Rahul Tripathi,Sunrisers Hyderabad,8.5,2022,8.5
Romario Shepherd,Sunrisers Hyderabad,7.75,2022,7.75
Abhishek Sharma,Sunrisers Hyderabad,6.5,2022,6.5
Bhuvneshwar Kumar,Sunrisers Hyderabad,4.2,2022,4.2
Marco Jansen,Sunrisers Hyderabad,4.2,2022,4.2
Kartik Tyagi,Sunrisers Hyderabad,4.0,2022,4.0
T. Natarajan,Sunrisers Hyderabad,4.0,2022,4.0
Aiden Markram,Sunrisers Hyderabad,2.6,2022,2.6
Sean Abbott,Sunrisers Hyderabad,2.4,2022,2.4
Glenn Phillips,Sunrisers Hyderabad,1.5,2022,1.5
Shreyas Gopal,Sunrisers Hyderabad,0.75,2022,0.75
Fazalhaq Farooqi,Sunrisers Hyderabad,0.5,2022,0.5
Vishnu Vinod,Sunrisers Hyderabad,0.5,2022,0.5
Jagadeesha Suchith,Sunrisers Hyderabad,0.2,2022,0.2
Priyam Garg,Sunrisers Hyderabad,0.2,2022,0.2
R Samarth,Sunrisers Hyderabad,0.2,2022,0.2
Saurabh Dubey,Sunrisers Hyderabad,0.2,2022,0.2
Shashank Singh,Sunrisers Hyderabad,0.2,2022,0.2
Ben stokes,Chennai Super Kings,0.0,2023,0.0
Ravindra jadeja,Chennai Super Kings,16 crore,2023,16.0
Deepak chahar,Chennai Super Kings,14 crore,2023,14.0
Ms dhoni,Chennai Super Kings,12 crore,2023,12.0
Moeen Ali,Chennai Super Kings,8 crore,2023,8.0
Ambati rayudu,Chennai Super Kings,6.75 crore,2023,6.75
Ruturaj Gaikwad,Chennai Super Kings,6 crore,2023,6.0
Shivam dube,Chennai Super Kings,4 crore,2023,4.0
Mitchell santner,Chennai Super Kings,1.9 crore,2023,1.9
Rajvardhan Hangargekar,Chennai Super Kings,1.5 crore,2023,1.5
Devon Conway,Chennai Super Kings,1 crore,2023,1.0
Maheesh Theekshana,Chennai Super Kings,0.7 crore,2023,0.7
Ajinkya rahane,Chennai Super Kings,0.5 crore,2023,0.5
Sisonda Magala,Chennai Super Kings,0.5 crore,2023,0.5
Matheesha Pathirana,Chennai Super Kings,0.2 crore,2023,0.2
Pathum Kumara,Chennai Super Kings,0.20 crore,2023,0.2
Shaik Rasheed,Chennai Super Kings,0.2 crore,2023,0.2
Tushar Deshpande,Chennai Super Kings,0.2 crore,2023,0.2
Dwaine Pretorius,Chennai Super Kings,0 crore,2023,0.0
Axar patel,Delhi Capitals,9 crore,2023,9.0
Prithvi shaw,Delhi Capitals,8 crore,2023,8.0
Anrich Nortje,Delhi Capitals,6.5 crore,2023,6.5
Mitchell marsh,Delhi Capitals,6.5 crore,2023,6.5
David warner,Delhi Capitals,6.25 crore,2023,6.25
Mukesh Kumar,Delhi Capitals,5.5 crore,2023,5.5
Khaleel ahmed,Delhi Capitals,5.25 crore,2023,5.25
Rilee Rossouw,Delhi Capitals,4.6 crore,2023,4.6
Chetan Sakariya,Delhi Capitals,4.2 crore,2023,4.2
Rovman powell,Delhi Capitals,2.8 crore,2023,2.8
Manish pandey,Delhi Capitals,2.4 crore,2023,2.4
Phil Salt,Delhi Capitals,2 crore,2023,2.0
Kuldeep yadav,Delhi Capitals,2 crore,2023,2.0
Mustafizur rahman,Delhi Capitals,2 crore,2023,2.0
AM Ghazanfar,Delhi Capitals,0.65 crore,2023,0.65
Ishant sharma,Delhi Capitals,0.5 crore,2023,0.5
Yash Dhull,Delhi Capitals,0.5 crore,2023,0.5
Praveen dubey,Delhi Capitals,0.5 crore,2023,0.5
Abishek Porel,Delhi Capitals,0.20 crore,2023,0.2
Aman Hakim Khan,Delhi Capitals,0.2 crore,2023,0.2
Priyam Garg,Delhi Capitals,0.2 crore,2023,0.2
Ripal Patel,Delhi Capitals,0.2 crore,2023,0.2
Sarfaraz khan,Delhi Capitals,0.2 crore,2023,0.2
Hardik pandya,Gujarat Titans,15 crore,2023,15.0
Rashid Khan,Gujarat Titans,15 crore,2023,15.0
Rahul tewatia,Gujarat Titans,9 crore,2023,9.0
Shubman gill,Gujarat Titans,8 crore,2023,8.0
Mohammad shami,Gujarat Titans,6.25 crore,2023,6.25
Shivam mavi,Gujarat Titans,6 crore,2023,6.0
Yash Dayal,Gujarat Titans,3.2 crore,2023,3.2
David Miller,Gujarat Titans,3 crore,2023,3.0
Abhinav Manohar,Gujarat Titans,2.6 crore,2023,2.6
Sai Sudharsan,Gujarat Titans,2.6 crore,2023,2.6
Alzarri joseph,Gujarat Titans,2.4 crore,2023,2.4
Matthew wade,Gujarat Titans,2.4 crore,2023,2.4
Kane williamson,Gujarat Titans,2 crore,2023,2.0
Wriddhiman saha,Gujarat Titans,1.9 crore,2023,1.9
Jayant yadav,Gujarat Titans,1.7 crore,2023,1.7
Vijay shankar,Gujarat Titans,1.4 crore,2023,1.4
Srikar Bharat,Gujarat Titans,1.2 crore,2023,1.2
Joshua Little,Gujarat Titans,0.5 crore,2023,0.5
Mohit sharma,Gujarat Titans,0.5 crore,2023,0.5
Varun aaron,Gujarat Titans,0.5 crore,2023,0.5
Noor Ahmad,Gujarat Titans,0.3 crore,2023,0.3
Dasun Shanaka,Gujarat Titans,0 crore,2023,0.0
Andre russell,Kolkata Knight Riders,12 crore,2023,12.0
Shardul thakur,Kolkata Knight Riders,10.75 crore,2023,10.75
Lockie ferguson,Kolkata Knight Riders,10 crore,2023,10.0
Nitish rana,Kolkata Knight Riders,8 crore,2023,8.0
Varun chakravarthy,Kolkata Knight Riders,8 crore,2023,8.0
Venkatesh Iyer,Kolkata Knight Riders,8 crore,2023,8.0
Sunil narine,Kolkata Knight Riders,6 crore,2023,6.0
Jason Roy,Kolkata Knight Riders,2.8 crore,2023,2.8
Umesh yadav,Kolkata Knight Riders,2 crore,2023,2.0
Rahmanullah Gurbaz,Kolkata Knight Riders,1.5 crore,2023,1.5
Tim southee,Kolkata Knight Riders,1.5 crore,2023,1.5
David Wiese,Kolkata Knight Riders,1.00 crore,2023,1.0
Narayan Jagadeesan,Kolkata Knight Riders,0.9 crore,2023,0.9
Vaibhav Arora,Kolkata Knight Riders,0.6 crore,2023,0.6
Rinku singh,Kolkata Knight Riders,0.55 crore,2023,0.55
Litton Das,Kolkata Knight Riders,0.5 crore,2023,0.5
Mandeep singh,Kolkata Knight Riders,0.5 crore,2023,0.5
Kulwant khejroliya,Kolkata Knight Riders,0.2 crore,2023,0.2
Suyash Sharma,Kolkata Knight Riders,0.2 crore,2023,0.2
Anukul roy,Kolkata Knight Riders,0.2 crore,2023,0.2
Harshit Rana,Kolkata Knight Riders,0.2 crore,2023,0.2
Karan Sharma,Lucknow Supergiants,50 crore,2023,50.0
Lokesh rahul,Lucknow Supergiants,17 crore,2023,17.0
Nicholas Pooran,Lucknow Supergiants,16 crore,2023,16.0
Avesh khan,Lucknow Supergiants,10 crore,2023,10.0
Marcus Stoinis,Lucknow Supergiants,9.2 crore,2023,9.2
Krunal pandya,Lucknow Supergiants,8.25 crore,2023,8.25
Mark wood,Lucknow Supergiants,7.5 crore,2023,7.5
Quinton de Kock,Lucknow Supergiants,6.75 crore,2023,6.75
Deepak hooda,Lucknow Supergiants,5.75 crore,2023,5.75
Ravi Bishnoi,Lucknow Supergiants,4 crore,2023,4.0
Krishnappa gowtham,Lucknow Supergiants,0.9 crore,2023,0.9
Amit mishra,Lucknow Supergiants,0.5 crore,2023,0.5
Jaydev unadkat,Lucknow Supergiants,0.5 crore,2023,0.5
Kyle Mayers,Lucknow Supergiants,0.5 crore,2023,0.5
Naveen-ul-Haq,Lucknow Supergiants,0.5 crore,2023,0.5
Romario Shepherd,Lucknow Supergiants,0.5 crore,2023,0.5
Yash Thakur,Lucknow Supergiants,0.45 crore,2023,0.45
Manan vohra,Lucknow Supergiants,0.20 crore,2023,0.2
Prerak Mankad,Lucknow Supergiants,0.2 crore,2023,0.2
Swapnil singh,Lucknow Supergiants,0.2 crore,2023,0.2
Yudhvir Singh,Lucknow Supergiants,0.2 crore,2023,0.2
Ayush Badoni,Lucknow Supergiants,0.2 crore,2023,0.2
Sameer Rizvi,Lucknow Supergiants,0.20 crore,2023,0.2
Daniel Sams,Lucknow Supergiants,0 crore,2023,0.0
Arjun Tendulkar,Mumbai Indians,30 crore,2023,30.0
Cameron Green,Mumbai Indians,17.5 crore,2023,17.5
Rohit sharma,Mumbai Indians,16 crore,2023,16.0
Ishan kishan,Mumbai Indians,15.25 crore,2023,15.25
Tim David,Mumbai Indians,8.25 crore,2023,8.25
Jofra Archer,Mumbai Indians,8 crore,2023,8.0
Suryakumar yadav,Mumbai Indians,8 crore,2023,8.0
Dewald Brevis,Mumbai Indians,3 crore,2023,3.0
Chris jordan,Mumbai Indians,2 crore,2023,2.0
Tilak Varma,Mumbai Indians,1.70 crore,2023,1.7
Jason behrendorff,Mumbai Indians,1.50 crore,2023,1.5
Riley Meredith,Mumbai Indians,1.5 crore,2023,1.5
Jhye Richardson,Mumbai Indians,1.5 crore,2023,1.5
Piyush chawla,Mumbai Indians,0.5 crore,2023,0.5
Duan Jansen,Mumbai Indians,0.2 crore,2023,0.2
Kumar Kartikeya,Mumbai Indians,0.2 crore,2023,0.2
Nehal Wadhera,Mumbai Indians,0.2 crore,2023,0.2
Raghav Goyal,Mumbai Indians,0.2 crore,2023,0.2
Vishnu vinod,Mumbai Indians,0.2 crore,2023,0.2
Tristan Stubbs,Mumbai Indians,0.2 crore,2023,0.2
Arshad Khan,Mumbai Indians,0.2 crore,2023,0.2
Hrithik Shokeen,Mumbai Indians,0.2 crore,2023,0.2
Ramandeep Singh,Mumbai Indians,0.2 crore,2023,0.2
Akash Mandwaal,Mumbai Indians,0 crore,2023,0.0
Jitesh Sharma,Punjab Kings,20 crore,2023,20.0
Sam Curran,Punjab Kings,18.5 crore,2023,18.5
Liam Livingstone,Punjab Kings,11.5 crore,2023,11.5
Kagiso Rabada,Punjab Kings,9.25 crore,2023,9.25
Shahrukh Khan,Punjab Kings,9 crore,2023,9.0
Shikhar dhawan,Punjab Kings,8.25 crore,2023,8.25
Rahul chahar,Punjab Kings,5.25 crore,2023,5.25
Arshdeep singh,Punjab Kings,4 crore,2023,4.0
Harpreet brar,Punjab Kings,3.8 crore,2023,3.8
Nathan Ellis,Punjab Kings,0.75 crore,2023,0.75
Simran singh,Punjab Kings,0.6 crore,2023,0.6
Rishi dhawan,Punjab Kings,0.55 crore,2023,0.55
Bhanuka Rajapaksa,Punjab Kings,0.5 crore,2023,0.5
Sikandar Raza,Punjab Kings,0.5 crore,2023,0.5
Atharva Taide,Punjab Kings,0.2 crore,2023,0.2
Gurnoor Brar,Punjab Kings,0.2 crore,2023,0.2
Harpreet singh,Punjab Kings,0.2 crore,2023,0.2
Mohit Rathee,Punjab Kings,0.2 crore,2023,0.2
Matthew Short,Punjab Kings,0 crore,2023,0.0
Kuldeep Sen,Rajasthan Royals,20 crore,2023,20.0
Sanju samson,Rajasthan Royals,14 crore,2023,14.0
Jos Buttler,Rajasthan Royals,10 crore,2023,10.0
Shimron hetmyer,Rajasthan Royals,8.5 crore,2023,8.5
Trent boult,Rajasthan Royals,8 crore,2023,8.0
Devdutt Padikkal,Rajasthan Royals,7.75 crore,2023,7.75
Yuzvendra chahal,Rajasthan Royals,6.5 crore,2023,6.5
Jason holder,Rajasthan Royals,5.75 crore,2023,5.75
Ravichandran ashwin,Rajasthan Royals,5 crore,2023,5.0
Yashasvi Jaiswal,Rajasthan Royals,4.00 crore,2023,4.0
Riyan parag,Rajasthan Royals,3.8 crore,2023,3.8
Navdeep saini,Rajasthan Royals,2 crore,2023,2.0
Adam zampa,Rajasthan Royals,1.5 crore,2023,1.5
Joe Root,Rajasthan Royals,1 crore,2023,1.0
Obed McCoy,Rajasthan Royals,1 crore,2023,1.0
Sandeep sharma,Rajasthan Royals,0.5 crore,2023,0.5
Km asif,Rajasthan Royals,0.3 crore,2023,0.3
Abdul Basith,Rajasthan Royals,0.2 crore,2023,0.2
Dhruv Jurel,Rajasthan Royals,0.2 crore,2023,0.2
Kuldip Yadav,Rajasthan Royals,0.2 crore,2023,0.2
Murugan ashwin,Rajasthan Royals,0.2 crore,2023,0.2
Virat kohli,Royal Challengers Bangalore,15 crore,2023,15.0
Glenn maxwell,Royal Challengers Bangalore,11 crore,2023,11.0
Harshal patel,Royal Challengers Bangalore,10.75 crore,2023,10.75
Wanindu Hasaranga,Royal Challengers Bangalore,10.75 crore,2023,10.75
Josh Hazlewood,Royal Challengers Bangalore,7.75 crore,2023,7.75
Faf du Plessis,Royal Challengers Bangalore,7 crore,2023,7.0
Mohammed siraj,Royal Challengers Bangalore,7 crore,2023,7.0
Dinesh karthik,Royal Challengers Bangalore,5.5 crore,2023,5.5
Mohammad Ali,Royal Challengers Bangalore,3.4 crore,2023,3.4
Shahbaz Ahmed,Royal Challengers Bangalore,2.4 crore,2023,2.4
David willey,Royal Challengers Bangalore,2 crore,2023,2.0
Reece Topley,Royal Challengers Bangalore,1.9 crore,2023,1.9
Kedar jadhav,Royal Challengers Bangalore,1 crore,2023,1.0
Michael Bracewell,Royal Challengers Bangalore,1 crore,2023,1.0
Mahipal lomror,Royal Challengers Bangalore,0.95 crore,2023,0.95
Karn sharma,Royal Challengers Bangalore,0.5 crore,2023,0.5
Suyash Prabhudessai,Royal Challengers Bangalore,0.3 crore,2023,0.3
Akash Deep,Royal Challengers Bangalore,0.2 crore,2023,0.2
Sonu Yadav,Royal Challengers Bangalore,0.2 crore,2023,0.2
Vijaykumar Vyshak,Royal Challengers Bangalore,0.2 crore,2023,0.2
Wayne Parnell,Royal Challengers Bangalore,0 crore,2023,0.0
Harry Brook,Sunrisers Hyderabad,13.25 crore,2023,13.25
Washington sundar,Sunrisers Hyderabad,8.75 crore,2023,8.75
Rahul tripathi,Sunrisers Hyderabad,8.5 crore,2023,8.5
Mayank agarwal,Sunrisers Hyderabad,8.25 crore,2023,8.25
Abhishek sharma,Sunrisers Hyderabad,6.5 crore,2023,6.5
Heinrich Klaasen,Sunrisers Hyderabad,5.25 crore,2023,5.25
Bhuvneshwar kumar,Sunrisers Hyderabad,4.2 crore,2023,4.2
Kartik Tyagi,Sunrisers Hyderabad,4 crore,2023,4.0
Abdul Samad,Sunrisers Hyderabad,4 crore,2023,4.0
T natarajan,Sunrisers Hyderabad,4 crore,2023,4.0
Umran Malik,Sunrisers Hyderabad,4 crore,2023,4.0
Aiden Markram,Sunrisers Hyderabad,2.6 crore,2023,2.6
Vivrant Sharma,Sunrisers Hyderabad,2.6 crore,2023,2.6
Adil Rashid,Sunrisers Hyderabad,2 crore,2023,2.0
Mayank dagar,Sunrisers Hyderabad,1.8 crore,2023,1.8
Glenn Phillips,Sunrisers Hyderabad,1.5 crore,2023,1.5
Akeal Hosein,Sunrisers Hyderabad,1 crore,2023,1.0
Fazal Haque,Sunrisers Hyderabad,0.50 crore,2023,0.5
Mayank markande,Sunrisers Hyderabad,0.5 crore,2023,0.5
Marco Jansen,Sunrisers Hyderabad,0.5 crore,2023,0.5
Anmolpreet singh,Sunrisers Hyderabad,0.2 crore,2023,0.2
Nitish Kumar Reddy,Sunrisers Hyderabad,0.2 crore,2023,0.2
Sanvir Singh,Sunrisers Hyderabad,0.2 crore,2023,0.2
Ravindra jadeja,Chennai Super Kings,16 crore,2024,16.0
Daryl Mitchell,Chennai Super Kings,14 crore,2024,14.0
Deepak chahar,Chennai Super Kings,14 crore,2024,14.0
Ms dhoni,Chennai Super Kings,12 crore,2024,12.0
Moeen Ali,Chennai Super Kings,8 crore,2024,8.0
Shivam dube,Chennai Super Kings,6 crore,2024,6.0
Ruturaj Gaikwad,Chennai Super Kings,6 crore,2024,6.0
Shardul thakur,Chennai Super Kings,4 crore,2024,4.0
Mustafizur rahman,Chennai Super Kings,2 crore,2024,2.0
Mitchell santner,Chennai Super Kings,1.9 crore,2024,1.9
Rachin Ravindra,Chennai Super Kings,1.8 crore,2024,1.8
Rajvardhan Hangargekar,Chennai Super Kings,1.5 crore,2024,1.5
Devon Conway,Chennai Super Kings,1 crore,2024,1.0
Maheesh Theekshana,Chennai Super Kings,0.7 crore,2024,0.7
Ajinkya rahane,Chennai Super Kings,0.5 crore,2024,0.5
Sameer Rizvi,Chennai Super Kings,0.2 crore,2024,0.2
Ajay Mandal,Chennai Super Kings,0.2 crore,2024,0.2
Aravelly Avanish,Chennai Super Kings,0.2 crore,2024,0.2
Nishant Sindhu,Chennai Super Kings,0.2 crore,2024,0.2
Prashant Solanki,Chennai Super Kings,0.2 crore,2024,0.2
Simarjeet Singh,Chennai Super Kings,0.2 crore,2024,0.2
Matheesha Pathirana,Chennai Super Kings,0.2 crore,2024,0.2
Mukesh Choudhary,Chennai Super Kings,0.2 crore,2024,0.2
Shaik Rasheed,Chennai Super Kings,0.2 crore,2024,0.2
Tushar Deshpande,Chennai Super Kings,0.2 crore,2024,0.2
Rishabh pant,Delhi Capitals,16 crore,2024,16.0
Prithvi shaw,Delhi Capitals,8 crore,2024,8.0
Mitchell marsh,Delhi Capitals,6.5 crore,2024,6.5
David warner,Delhi Capitals,6.25 crore,2024,6.25
Mukesh Kumar,Delhi Capitals,5.50 crore,2024,5.5
Khaleel ahmed,Delhi Capitals,5.2 crore,2024,5.2
Jhye Richardson,Delhi Capitals,5 crore,2024,5.0
Rasikh salam,Delhi Capitals,3 crore,2024,3.0
Vicky Ostwal,Delhi Capitals,2.00 crore,2024,2.0
Kuldeep yadav,Delhi Capitals,2 crore,2024,2.0
Abishek Porel,Delhi Capitals,1.0 crore,2024,1.0
Shai Hope,Delhi Capitals,0.75 crore,2024,0.75
AM Ghazanfar,Delhi Capitals,0.65 crore,2024,0.65
Ishant sharma,Delhi Capitals,0.5 crore,2024,0.5
Praveen dubey,Delhi Capitals,0.5 crore,2024,0.5
Yash Dhull,Delhi Capitals,0.5 crore,2024,0.5
Kumar Kushagra,Delhi Capitals,0.2 crore,2024,0.2
Ricky bhui,Delhi Capitals,0.2 crore,2024,0.2
Sumit Kumar,Delhi Capitals,0.2 crore,2024,0.2
Swastik Chikara,Delhi Capitals,0.2 crore,2024,0.2
Anrich Nortje,Delhi Capitals,0 crore,2024,0.0
Harry Brook,Delhi Capitals,0 crore,2024,0.0
Lungi Ngidi,Delhi Capitals,0 crore,2024,0.0
Nicholas Pooran,Durban's Super Giants,16 crore,2024,16.0
Noor Ahmad,Durban's Super Giants,3 crore,2024,3.0
Reece Topley,Durban's Super Giants,1.90 crore,2024,1.9
Spencer Johnson,Gujarat Titans,10 crore,2024,10.0
Rahul tewatia,Gujarat Titans,9 crore,2024,9.0
Shubman gill,Gujarat Titans,8 crore,2024,8.0
Shahrukh Khan,Gujarat Titans,7.4 crore,2024,7.4
Mohammad shami,Gujarat Titans,6.25 crore,2024,6.25
Umesh yadav,Gujarat Titans,5.8 crore,2024,5.8
Josh Little,Gujarat Titans,4.4 crore,2024,4.4
Azmatullah Omarzai,Gujarat Titans,3 crore,2024,3.0
Sai Kishore,Gujarat Titans,3 crore,2024,3.0
David Miller,Gujarat Titans,3 crore,2024,3.0
Abhinav Manohar,Gujarat Titans,2.6 crore,2024,2.6
Sai Sudharsan,Gujarat Titans,2.6 crore,2024,2.6
Matthew wade,Gujarat Titans,2.4 crore,2024,2.4
Kane williamson,Gujarat Titans,2 crore,2024,2.0
Wriddhiman saha,Gujarat Titans,1.9 crore,2024,1.9
Jayant yadav,Gujarat Titans,1.7 crore,2024,1.7
Kartik Tyagi,Gujarat Titans,1.5 crore,2024,1.5
Vijay shankar,Gujarat Titans,1 crore,2024,1.0
Robin Minz,Gujarat Titans,0.75 crore,2024,0.75
Mohit sharma,Gujarat Titans,0.5 crore,2024,0.5
Sushant Mishra,Gujarat Titans,0.2 crore,2024,0.2
Christopher King,Gujarat Titans,0.2 crore,2024,0.2
Gerald Coetzee,Joburg Super Kings,6.00 crore,2024,6.0
Donovan Ferreira,Joburg Super Kings,1 crore,2024,1.0
Mitchell starc,Kolkata Knight Riders,25 crore,2024,25.0
Shreyas iyer,Kolkata Knight Riders,12.25 crore,2024,12.25
Andre russell,Kolkata Knight Riders,12 crore,2024,12.0
Nitish rana,Kolkata Knight Riders,8 crore,2024,8.0
Varun chakravarthy,Kolkata Knight Riders,8 crore,2024,8.0
Venkatesh Iyer,Kolkata Knight Riders,8 crore,2024,8.0
Gus Atkinson,Kolkata Knight Riders,7.2 crore,2024,7.2
Sunil narine,Kolkata Knight Riders,6 crore,2024,6.0
Ramandeep Singh,Kolkata Knight Riders,4 crore,2024,4.0
Srikar Bharat,Kolkata Knight Riders,3 crore,2024,3.0
Vaibhav Arora,Kolkata Knight Riders,2.6 crore,2024,2.6
Phil Salt,Kolkata Knight Riders,1.5 crore,2024,1.5
Rahmanullah Gurbaz,Kolkata Knight Riders,1.5 crore,2024,1.5
Suyash Sharma,Kolkata Knight Riders,1.2 crore,2024,1.2
Rinku singh,Kolkata Knight Riders,0.55 crore,2024,0.55
Chetan Sakariya,Kolkata Knight Riders,0.5 crore,2024,0.5
Dushmantha Chameera,Kolkata Knight Riders,0.5 crore,2024,0.5
Manish pandey,Kolkata Knight Riders,0.2 crore,2024,0.2
Anukul roy,Kolkata Knight Riders,0.3 crore,2024,0.3
Angkrish Raghuvanshi,Kolkata Knight Riders,0.2 crore,2024,0.2
Sakib Hussain,Kolkata Knight Riders,0.2 crore,2024,0.2
Harshit Rana,Kolkata Knight Riders,0.2 crore,2024,0.2
Jason Roy,Kolkata Knight Riders,0 crore,2024,0.0
Mujeeb Ur Rahman,Kolkata Knight Riders,0 crore,2024,0.0
Sherfane rutherford,Kolkata Knight Riders,0 crore,2024,0.0
Lokesh rahul,Lucknow Supergiants,17 crore,2024,17.0
Marcus Stoinis,Lucknow Supergiants,9.2 crore,2024,9.2
Krunal pandya,Lucknow Supergiants,8.25 crore,2024,8.25
Devdutt Padikkal,Lucknow Supergiants,7.75 crore,2024,7.75
Mark wood,Lucknow Supergiants,7.5 crore,2024,7.5
Quinton de Kock,Lucknow Supergiants,6.75 crore,2024,6.75
Deepak hooda,Lucknow Supergiants,5.75 crore,2024,5.75
Shamar Joseph,Lucknow Supergiants,4.4 crore,2024,4.4
Ravi Bishnoi,Lucknow Supergiants,4 crore,2024,4.0
Shivam mavi,Lucknow Supergiants,2.00 crore,2024,2.0
Ashton turner,Lucknow Supergiants,1 crore,2024,1.0
Krishnappa gowtham,Lucknow Supergiants,0.9 crore,2024,0.9
Kyle Mayers,Lucknow Supergiants,0.5 crore,2024,0.5
Amit mishra,Lucknow Supergiants,0.5 crore,2024,0.5
Naveen-ul-Haq,Lucknow Supergiants,0.5 crore,2024,0.5
Yash Thakur,Lucknow Supergiants,0.45 crore,2024,0.45
Arshin Kulkarni,Lucknow Supergiants,0.2 crore,2024,0.2
Arshad Khan,Lucknow Supergiants,0.2 crore,2024,0.2
Manimaran Siddharth,Lucknow Supergiants,0.2 crore,2024,0.2
Ayush Badoni,Lucknow Supergiants,0.2 crore,2024,0.2
Mayank Yadav,Lucknow Supergiants,0.2 crore,2024,0.2
Prerak Mankad,Lucknow Supergiants,0.2 crore,2024,0.2
Yudhvir Singh,Lucknow Supergiants,0.2 crore,2024,0.2
David willey,Lucknow Supergiants,0 crore,2024,0.0
Rashid Khan,MI Cape Town,15 crore,2024,15.0
Kagiso Rabada,MI Cape Town,12 crore,2024,12.0
Rohit sharma,Mumbai Indians,16 crore,2024,16.0
Ishan kishan,Mumbai Indians,15.25 crore,2024,15.25
Hardik pandya,Mumbai Indians,15 crore,2024,15.0
Jasprit bumrah,Mumbai Indians,12 crore,2024,12.0
Tim David,Mumbai Indians,8.25 crore,2024,8.25
Suryakumar yadav,Mumbai Indians,8 crore,2024,8.0
Nuwan Thushara,Mumbai Indians,4.8 crore,2024,4.8
Dewald Brevis,Mumbai Indians,3 crore,2024,3.0
Tilak Varma,Mumbai Indians,1.7 crore,2024,1.7
Shams Mulani,Mumbai Indians,1.5 crore,2024,1.5
Mohammad nabi,Mumbai Indians,1.5 crore,2024,1.5
Romario Shepherd,Mumbai Indians,0.5 crore,2024,0.5
Piyush chawla,Mumbai Indians,0.5 crore,2024,0.5
Naman Dhir,Mumbai Indians,0.3 crore,2024,0.3
Arjun Tendulkar,Mumbai Indians,0.3 crore,2024,0.3
Anshul Kamboj,Mumbai Indians,0.2 crore,2024,0.2
Shivalik Sharma,Mumbai Indians,0.2 crore,2024,0.2
Shreyas gopal,Mumbai Indians,0.2 crore,2024,0.2
Akash Madhwal,Mumbai Indians,0.2 crore,2024,0.2
Kumar Kartikeya,Mumbai Indians,0.2 crore,2024,0.2
Nehal Wadhera,Mumbai Indians,0.2 crore,2024,0.2
Vishnu vinod,Mumbai Indians,0.2 crore,2024,0.2
Dilshan Madushanka,Mumbai Indians,0 crore,2024,0.0
Jason behrendorff,Mumbai Indians,0 crore,2024,0.0
Will Jacks,Pretoria Capitals,3.2 crore,2024,3.2
Sam Curran,Punjab Kings,18.5 crore,2024,18.5
Harshal patel,Punjab Kings,11.75 crore,2024,11.75
Liam Livingstone,Punjab Kings,11.5 crore,2024,11.5
Shikhar dhawan,Punjab Kings,8.25 crore,2024,8.25
Rilee Rossouw,Punjab Kings,8 crore,2024,8.0
Vishwanath Singh,Punjab Kings,7.8 crore,2024,7.8
Jonny bairstow,Punjab Kings,6.75 crore,2024,6.75
Rahul chahar,Punjab Kings,5.25 crore,2024,5.25
Vidwath Kaverappa,Punjab Kings,5.0 crore,2024,5.0
Chris woakes,Punjab Kings,4.2 crore,2024,4.2
Arshdeep singh,Punjab Kings,4 crore,2024,4.0
Harpreet brar,Punjab Kings,3.8 crore,2024,3.8
Jitesh Sharma,Punjab Kings,2.2 crore,2024,2.2
Sikandar Raza,Punjab Kings,1.5 crore,2024,1.5
Nathan Ellis,Punjab Kings,0.75 crore,2024,0.75
Simran singh,Punjab Kings,0.6 crore,2024,0.6
Rishi dhawan,Punjab Kings,0.55 crore,2024,0.55
Ashutosh Sharma,Punjab Kings,0.2 crore,2024,0.2
Malsha Tharupathi,Punjab Kings,0.2 crore,2024,0.2
Prince Choudhary,Punjab Kings,0.2 crore,2024,0.2
Shivam Singh,Punjab Kings,0.2 crore,2024,0.2
Tanay Thyagarajan,Punjab Kings,0.2 crore,2024,0.2
Atharva Taide,Punjab Kings,0.2 crore,2024,0.2
Harpreet singh,Punjab Kings,0.2 crore,2024,0.2
Sanju samson,Rajasthan Royals,14 crore,2024,14.0
Avesh khan,Rajasthan Royals,10 crore,2024,10.0
Jos Buttler,Rajasthan Royals,10 crore,2024,10.0
Shimron hetmyer,Rajasthan Royals,8.5 crore,2024,8.5
Prasidh krishna,Rajasthan Royals,8 crore,2024,8.0
Trent boult,Rajasthan Royals,8 crore,2024,8.0
Rovman powell,Rajasthan Royals,7 crore,2024,7.0
Yuzvendra chahal,Rajasthan Royals,6.5 crore,2024,6.5
Ravichandran ashwin,Rajasthan Royals,5 crore,2024,5.0
Yashasvi Jaiswal,Rajasthan Royals,4 crore,2024,4.0
Riyan parag,Rajasthan Royals,3.8 crore,2024,3.8
Sandeep sharma,Rajasthan Royals,2 crore,2024,2.0
Navdeep saini,Rajasthan Royals,2 crore,2024,2.0
Adam zampa,Rajasthan Royals,1.5 crore,2024,1.5
Nandre Burger,Rajasthan Royals,0.5 crore,2024,0.5
Tom Kohler-Cadmore,Rajasthan Royals,0.4 crore,2024,0.4
Abid Mushtaq,Rajasthan Royals,0.2 crore,2024,0.2
Kunal Singh Rathore,Rajasthan Royals,0.2 crore,2024,0.2
Shubham Dubey,Rajasthan Royals,0.2 crore,2024,0.2
Dhruv Jurel,Rajasthan Royals,0.2 crore,2024,0.2
Kuldeep Sen,Rajasthan Royals,0.2 crore,2024,0.2
Cameron Green,Royal Challengers Bangalore,17.5 crore,2024,17.5
Virat kohli,Royal Challengers Bangalore,15 crore,2024,15.0
Alzarri joseph,Royal Challengers Bangalore,11.5 crore,2024,11.5
Glenn maxwell,Royal Challengers Bangalore,11 crore,2024,11.0
Faf du Plessis,Royal Challengers Bangalore,7 crore,2024,7.0
Mohammed siraj,Royal Challengers Bangalore,7 crore,2024,7.0
Dinesh karthik,Royal Challengers Bangalore,5.5 crore,2024,5.5
Mohammad Ali,Royal Challengers Bangalore,3.4 crore,2024,3.4
Yash Dayal,Royal Challengers Bangalore,3.2 crore,2024,3.2
Saurav Chauhan,Royal Challengers Bangalore,2 crore,2024,2.0
Lockie ferguson,Royal Challengers Bangalore,2 crore,2024,2.0
Mayank dagar,Royal Challengers Bangalore,1.8 crore,2024,1.8
Mahipal lomror,Royal Challengers Bangalore,0.95 crore,2024,0.95
Vijaykumar Vyshak,Royal Challengers Bangalore,0.75 crore,2024,0.75
Karn sharma,Royal Challengers Bangalore,0.5 crore,2024,0.5
Suyash Prabhudessai,Royal Challengers Bangalore,0.3 crore,2024,0.3
Himanshu Sharma,Royal Challengers Bangalore,0.2 crore,2024,0.2
Manoj Bhandage,Royal Challengers Bangalore,0.2 crore,2024,0.2
Rajan Kumar,Royal Challengers Bangalore,0.2 crore,2024,0.2
Akash Deep,Royal Challengers Bangalore,0.2 crore,2024,0.2
Rajat Patidar,Royal Challengers Bangalore,0.2 crore,2024,0.2
Swapnil singh,Royal Challengers Bangalore,0.2 crore,2024,0.2
Tom curran,Royal Challengers Bangalore,0 crore,2024,0.0
Marco Jansen,Sunrisers Eastern Cape,2.5 crore,2024,2.5
Tristan Stubbs,Sunrisers Eastern Cape,0.5 crore,2024,0.5
Patrick cummins,Sunrisers Hyderabad,20 crore,2024,20.0
Heinrich Klaasen,Sunrisers Hyderabad,9.5 crore,2024,9.5
Washington sundar,Sunrisers Hyderabad,8.75 crore,2024,8.75
Rahul tripathi,Sunrisers Hyderabad,8.5 crore,2024,8.5
Mayank agarwal,Sunrisers Hyderabad,8.25 crore,2024,8.25
Travis head,Sunrisers Hyderabad,6.8 crore,2024,6.8
Abhishek sharma,Sunrisers Hyderabad,6.5 crore,2024,6.5
Fazalhaq Farooqi,Sunrisers Hyderabad,5.0 crore,2024,5.0
Bhuvneshwar kumar,Sunrisers Hyderabad,4.2 crore,2024,4.2
Abdul Samad,Sunrisers Hyderabad,4 crore,2024,4.0
T natarajan,Sunrisers Hyderabad,4 crore,2024,4.0
Nitish Kumar Reddy,Sunrisers Hyderabad,3 crore,2024,3.0
Aiden Markram,Sunrisers Hyderabad,2.6 crore,2024,2.6
Sanvir Singh,Sunrisers Hyderabad,2 crore,2024,2.0
Upendra Yadav,Sunrisers Hyderabad,2 crore,2024,2.0
Jaydev unadkat,Sunrisers Hyderabad,1.6 crore,2024,1.6
Mayank markande,Sunrisers Hyderabad,1.50 crore,2024,1.5
Glenn Phillips,Sunrisers Hyderabad,1.5 crore,2024,1.5
Pathum Kumara,Sunrisers Hyderabad,1.3 crore,2024,1.3
Shahbaz Ahmed,Sunrisers Hyderabad,1.0 crore,2024,1.0
Anmolpreet singh,Sunrisers Hyderabad,0.8 crore,2024,0.8
Jhathavedh Subramanyan,Sunrisers Hyderabad,0.2 crore,2024,0.2
Ravindra jadeja,Chennai Super Kings,18 crore,2025,18.0
Ruturaj Gaikwad,Chennai Super Kings,18 crore,2025,18.0
Matheesha Pathirana,Chennai Super Kings,13 crore,2025,13.0
Shivam dube,Chennai Super Kings,12 crore,2025,12.0
Noor Ahmad,Chennai Super Kings,10 crore,2025,10.0
Ravichandran ashwin,Chennai Super Kings,9.75 crore,2025,9.75
Devon Conway,Chennai Super Kings,6.25 crore,2025,6.25
Khaleel ahmed,Chennai Super Kings,4.8 crore,2025,4.8
Rachin Ravindra,Chennai Super Kings,4 crore,2025,4.0
Ms dhoni,Chennai Super Kings,4 crore,2025,4.0
Anshul Kamboj,Chennai Super Kings,3.4 crore,2025,3.4
Rahul tripathi,Chennai Super Kings,3.4 crore,2025,3.4
Sam Curran,Chennai Super Kings,2.4 crore,2025,2.4
Gurjapneet Singh,Chennai Super Kings,2.2 crore,2025,2.2
Nathan Ellis,Chennai Super Kings,2 crore,2025,2.0
Deepak hooda,Chennai Super Kings,1.7 crore,2025,1.7
Jamie Overton,Chennai Super Kings,1.5 crore,2025,1.5
Vijay shankar,Chennai Super Kings,1.4 crore,2025,1.4
Vansh Bedi,Chennai Super Kings,0.55 crore,2025,0.55
Andre Siddarth,Chennai Super Kings,0.3 crore,2025,0.3
Kamlesh Nagarkoti,Chennai Super Kings,0.3 crore,2025,0.3
Mukesh Choudhary,Chennai Super Kings,0.3 crore,2025,0.3
Ramakrishna Ghosh,Chennai Super Kings,0.3 crore,2025,0.3
Shaik Rasheed,Chennai Super Kings,0.3 crore,2025,0.3
Shreyas gopal,Chennai Super Kings,0.3 crore,2025,0.3
Axar patel,Delhi Capitals,16.5 crore,2025,16.5
Lokesh rahul,Delhi Capitals,14 crore,2025,14.0
Kuldeep yadav,Delhi Capitals,13.25 crore,2025,13.25
Mitchell starc,Delhi Capitals,11.75 crore,2025,11.75
T natarajan,Delhi Capitals,10.75 crore,2025,10.75
Tristan Stubbs,Delhi Capitals,10 crore,2025,10.0
Jake Fraser-McGurk,Delhi Capitals,9 crore,2025,9.0
Mukesh Kumar,Delhi Capitals,8 crore,2025,8.0
Harry Brook,Delhi Capitals,6.25 crore,2025,6.25
Abishek Porel,Delhi Capitals,4 crore,2025,4.0
Ashutosh Sharma,Delhi Capitals,3.8 crore,2025,3.8
Mohit sharma,Delhi Capitals,2.2 crore,2025,2.2
Faf du Plessis,Delhi Capitals,2 crore,2025,2.0
Sameer Rizvi,Delhi Capitals,0.95 crore,2025,0.95
Donovan Ferreira,Delhi Capitals,0.75 crore,2025,0.75
Dushmantha Chameera,Delhi Capitals,0.75 crore,2025,0.75
Karun nair,Delhi Capitals,0.5 crore,2025,0.5
Vipraj Nigam,Delhi Capitals,0.5 crore,2025,0.5
Madhav Tiwari,Delhi Capitals,0.4 crore,2025,0.4
Ajay Mandal,Delhi Capitals,0.3 crore,2025,0.3
Darshan Nalkande,Delhi Capitals,0.3 crore,2025,0.3
Manvanth Kumar,Delhi Capitals,0.3 crore,2025,0.3
Tripurana Vijay,Delhi Capitals,0.3 crore,2025,0.3
Rashid Khan,Gujarat Titans,18 crore,2025,18.0
Shubman gill,Gujarat Titans,16 crore,2025,16.0
Jos Buttler,Gujarat Titans,15.75 crore,2025,15.75
Mohammed siraj,Gujarat Titans,12.25 crore,2025,12.25
Kagiso Rabada,Gujarat Titans,10.75 crore,2025,10.75
Prasidh krishna,Gujarat Titans,9.5 crore,2025,9.5
Sai Sudharsan,Gujarat Titans,8.5 crore,2025,8.5
Rahul tewatia,Gujarat Titans,4 crore,2025,4.0
Shahrukh Khan,Gujarat Titans,4 crore,2025,4.0
Washington sundar,Gujarat Titans,3.2 crore,2025,3.2
Sherfane rutherford,Gujarat Titans,2.6 crore,2025,2.6
Gerald Coetzee,Gujarat Titans,2.4 crore,2025,2.4
Glenn Phillips,Gujarat Titans,2 crore,2025,2.0
Sai Kishore,Gujarat Titans,2 crore,2025,2.0
Mahipal lomror,Gujarat Titans,1.7 crore,2025,1.7
Gurnoor Singh Brar,Gujarat Titans,1.3 crore,2025,1.3
Mohd. Arshad Khan,Gujarat Titans,1.3 crore,2025,1.3
Ishant sharma,Gujarat Titans,0.75 crore,2025,0.75
Jayant yadav,Gujarat Titans,0.75 crore,2025,0.75
Karim Janat,Gujarat Titans,0.75 crore,2025,0.75
Kumar Kushagra,Gujarat Titans,0.65 crore,2025,0.65
Anuj Rawat,Gujarat Titans,0.3 crore,2025,0.3
Manav Suthar,Gujarat Titans,0.3 crore,2025,0.3
Nishant Sindhu,Gujarat Titans,0.3 crore,2025,0.3
Venkatesh Iyer,Kolkata Knight Riders,23.75 crore,2025,23.75
Rinku singh,Kolkata Knight Riders,13 crore,2025,13.0
Andre russell,Kolkata Knight Riders,12 crore,2025,12.0
Sunil narine,Kolkata Knight Riders,12 crore,2025,12.0
Varun chakravarthy,Kolkata Knight Riders,12 crore,2025,12.0
Anrich Nortje,Kolkata Knight Riders,6.5 crore,2025,6.5
Harshit Rana,Kolkata Knight Riders,4 crore,2025,4.0
Ramandeep Singh,Kolkata Knight Riders,4 crore,2025,4.0
Quinton de Kock,Kolkata Knight Riders,3.6 crore,2025,3.6
Angkrish Raghuvanshi,Kolkata Knight Riders,3 crore,2025,3.0
Spencer Johnson,Kolkata Knight Riders,2.8 crore,2025,2.8
Moeen Ali,Kolkata Knight Riders,2 crore,2025,2.0
Rahmanullah Gurbaz,Kolkata Knight Riders,2 crore,2025,2.0
Vaibhav Arora,Kolkata Knight Riders,1.8 crore,2025,1.8
Ajinkya rahane,Kolkata Knight Riders,1.5 crore,2025,1.5
Rovman powell,Kolkata Knight Riders,1.5 crore,2025,1.5
Mayank markande,Kolkata Knight Riders,0.3 crore,2025,0.3
Rishabh pant,Lucknow Supergiants,27 crore,2025,27.0
Nicholas Pooran,Lucknow Supergiants,21 crore,2025,21.0
Mayank Yadav,Lucknow Supergiants,11 crore,2025,11.0
Ravi Bishnoi,Lucknow Supergiants,11 crore,2025,11.0
Avesh khan,Lucknow Supergiants,9.75 crore,2025,9.75
David Miller,Lucknow Supergiants,7.5 crore,2025,7.5
Abdul Samad,Lucknow Supergiants,4.2 crore,2025,4.2
Ayush Badoni,Lucknow Supergiants,4 crore,2025,4.0
Mitchell marsh,Lucknow Supergiants,3.4 crore,2025,3.4
Aiden Markram,Lucknow Supergiants,2 crore,2025,2.0
Aryan Juyal,Lucknow Supergiants,0.3 crore,2025,0.3
Jasprit bumrah,Mumbai Indians,18 crore,2025,18.0
Hardik pandya,Mumbai Indians,16.35 crore,2025,16.35
Rohit sharma,Mumbai Indians,16.3 crore,2025,16.3
Suryakumar yadav,Mumbai Indians,16.35 crore,2025,16.35
Trent boult,Mumbai Indians,12.5 crore,2025,12.5
Deepak chahar,Mumbai Indians,9.5 crore,2025,9.5
Tilak Varma,Mumbai Indians,8 crore,2025,8.0
Naman Dhir,Mumbai Indians,5.25 crore,2025,5.25
Will Jacks,Mumbai Indians,5.25 crore,2025,5.25
Mitchell santner,Mumbai Indians,2 crore,2025,2.0
Reece Topley,Mumbai Indians,0.75 crore,2025,0.75
Robin Minz,Mumbai Indians,0.65 crore,2025,0.65
Karan Sharma,Mumbai Indians,0.5 crore,2025,0.5
Shreyas iyer,Punjab Kings,26.75 crore,2025,26.75
Arshdeep singh,Punjab Kings,18 crore,2025,18.0
Yuzvendra chahal,Punjab Kings,18 crore,2025,18.0
Marcus Stoinis,Punjab Kings,11 crore,2025,11.0
Marco Jansen,Punjab Kings,7 crore,2025,7.0
Malsha Tharupathi,Punjab Kings,5.5 crore,2025,5.5
Glenn maxwell,Punjab Kings,4.2 crore,2025,4.2
Nehal Wadhera,Punjab Kings,4.2 crore,2025,4.2
Simran singh,Punjab Kings,4 crore,2025,4.0
Lockie ferguson,Punjab Kings,2 crore,2025,2.0
Vijaykumar Vyshak,Punjab Kings,1.8 crore,2025,1.8
Yash Thakur,Punjab Kings,1.6 crore,2025,1.6
Harpreet brar,Punjab Kings,1.5 crore,2025,1.5
Vishnu vinod,Punjab Kings,0.95 crore,2025,0.95
Sanju samson,Rajasthan Royals,18 crore,2025,18.0
Yashasvi Jaiswal,Rajasthan Royals,18 crore,2025,18.0
Dhruv Jurel,Rajasthan Royals,14 crore,2025,14.0
Riyan parag,Rajasthan Royals,14 crore,2025,14.0
Jofra Archer,Rajasthan Royals,12.5 crore,2025,12.5
Shimron hetmyer,Rajasthan Royals,11 crore,2025,11.0
Tushar Deshpande,Rajasthan Royals,6.5 crore,2025,6.5
Wanindu Hasaranga,Rajasthan Royals,5.25 crore,2025,5.25
Maheesh Theekshana,Rajasthan Royals,4.4 crore,2025,4.4
Nitish rana,Rajasthan Royals,4.2 crore,2025,4.2
Sandeep sharma,Rajasthan Royals,4 crore,2025,4.0
Akash Madhwal,Rajasthan Royals,1.2 crore,2025,1.2
Vaibhav Suryavanshi,Rajasthan Royals,1.1 crore,2025,1.1
Kumar Kartikeya,Rajasthan Royals,0.3 crore,2025,0.3
Virat kohli,Royal Challengers Bangalore,21 crore,2025,21.0
Josh Hazlewood,Royal Challengers Bangalore,12.5 crore,2025,12.5
Phil Salt,Royal Challengers Bangalore,11.5 crore,2025,11.5
Jitesh Sharma,Royal Challengers Bangalore,11 crore,2025,11.0
Rajat Patidar,Royal Challengers Bangalore,11 crore,2025,11.0
Bhuvneshwar kumar,Royal Challengers Bangalore,10.75 crore,2025,10.75
Liam Livingstone,Royal Challengers Bangalore,8.75 crore,2025,8.75
Rasikh dar,Royal Challengers Bangalore,6 crore,2025,6.0
Krunal pandya,Royal Challengers Bangalore,5.75 crore,2025,5.75
Yash Dayal,Royal Challengers Bangalore,5 crore,2025,5.0
Tim David,Royal Challengers Bangalore,3 crore,2025,3.0
Suyash Sharma,Royal Challengers Bangalore,2.6 crore,2025,2.6
Devdutt Padikkal,Royal Challengers Bangalore,2 crore,2025,2.0
Heinrich Klaasen,Sunrisers Hyderabad,23 crore,2025,23.0
Patrick cummins,Sunrisers Hyderabad,18 crore,2025,18.0
Abhishek sharma,Sunrisers Hyderabad,14 crore,2025,14.0
Travis head,Sunrisers Hyderabad,14 crore,2025,14.0
Ishan kishan,Sunrisers Hyderabad,11.25 crore,2025,11.25
Mohammad shami,Sunrisers Hyderabad,10 crore,2025,10.0
Harshal patel,Sunrisers Hyderabad,8 crore,2025,8.0
Nitish Kumar Reddy,Sunrisers Hyderabad,6 crore,2025,6.0
Abhinav Manohar,Sunrisers Hyderabad,3.2 crore,2025,3.2
Rahul chahar,Sunrisers Hyderabad,3.2 crore,2025,3.2
Adam zampa,Sunrisers Hyderabad,2.4 crore,2025,2.4
Simarjeet Singh,Sunrisers Hyderabad,1.5 crore,2025,1.5
Atharva Taide,Sunrisers Hyderabad,0.3 crore,2025,0.3
