Player_Name,TeamName_bat,Matches_bat,TotalRuns,Balls,Dotballs,StrikeRate_bat,Fours,Sixes,Outs,NotOuts,BattingAverage,FiftyPlusRuns,Centuries,HighestScore,Year,TeamName_bowl,Matches_bowl,TotalRunsConceded,DotBallsBowled,ScoringBallsBowled,BowlingAverage,StrikeRate_bowl,BoundaryPercentage,BoundaryFrequency,EconomyRate,OversBowled,Wides,NoBalls,Wickets,Maidens,FourWickets,FiveWickets,Hattricks,Team Name,Price,Price_Cr
Aaron Finch,Punjab Kings,10.0,134.0,100.0,,134.0,6.0,8.0,8.0,1.0,16.75,0.0,0.0,46,2018,,,,,,,,,,,,,,,,,,,Punjab Kings,6.2 crore,6.2
Aaron Finch,Royal Challengers Bangalore,12.0,268.0,241.0,,111.2,28.0,8.0,12.0,0.0,22.33,1.0,0.0,52,2020,,,,,,,,,,,,,,,,,,,Royal Challengers Bangalore,4.4 crore,4.4
Aaron Finch,Kolkata Knight Riders,5.0,86.0,61.0,26.0,140.98,10.0,3.0,5.0,0.0,17.20,1.0,0.0,58,2022,,,,,,,,,,,,,,,,,,,Kolkata Knight Riders,1.5 crore,1.5
Abdul Basith,Rajasthan Royals,1.0,1.0,1.0,0.0,100.0,0.0,0.0,0.0,1.0,-,0.0,0.0,1*,2023,,,,,,,,,,,,,,,,,,,Rajasthan Royals,0.2 crore,0.2
Abdul Samad,Sunrisers Hyderabad,12.0,111.0,65.0,,170.76,8.0,6.0,5.0,3.0,22.2,0.0,0.0,33,2020,Sunrisers Hyderabad,12.0,96.0,9.0,,96.0,42.0,,,13.71,7.0,,,1.0,0.0,0.0,0.0,0.0,Sunrisers Hyderabad,0.2 crore,0.2
Abdul Samad,Sunrisers Hyderabad,11.0,111.0,87.0,,127.58,4.0,8.0,9.0,1.0,12.33,0.0,0.0,28,2021,,,,,,,,,,,,,,,,,,,Sunrisers Hyderabad,0.2 crore,0.2
Abdul Samad,Sunrisers Hyderabad,2.0,4.0,7.0,3.0,57.14,0.0,0.0,2.0,0.0,2.00,0.0,0.0,4,2022,,,,,,,,,,,,,,,,,,,Sunrisers Hyderabad,4 crore,4.0
Abdul Samad,Sunrisers Hyderabad,9.0,169.0,128.0,52.0,132.03,10.0,11.0,4.0,4.0,42.25,0.0,0.0,37*,2023,,,,,,,,,,,,,,,,,,,Sunrisers Hyderabad,4 crore,4.0
Abdul Samad,Sunrisers Hyderabad,16.0,182.0,108.0,32.0,168.51,15.0,11.0,10.0,2.0,18.20,0.0,0.0,37*,2024,,,,,,,,,,,,,,,,,,,Sunrisers Hyderabad,4 crore,4.0
Abdul Samad,Lucknow Super Giants,13.0,164.0,93.0,27.0,176.34,8.0,14.0,8.0,4.0,20.50,0.0,0.0,45,2025,,,,,,,,,,,,,,,,,,,Lucknow Supergiants,4.2 crore,4.2
Abhijeet Tomar,Kolkata Knight Riders,1.0,4.0,8.0,7.0,50.0,1.0,0.0,1.0,0.0,4.00,0.0,0.0,4,2022,,,,,,,,,,,,,,,,,,,Kolkata Knight Riders,0.4,0.4
Abhinav Manohar,Gujarat Titans,8.0,108.0,75.0,26.0,144.0,14.0,3.0,6.0,1.0,18.00,0.0,0.0,43,2022,,,,,,,,,,,,,,,,,,,Gujarat Titans,2.6 crore,2.6
Abhinav Manohar,Gujarat Titans,9.0,114.0,83.0,25.0,137.34,6.0,7.0,6.0,0.0,19.00,0.0,0.0,42,2023,,,,,,,,,,,,,,,,,,,Gujarat Titans,2.6 crore,2.6
Abhinav Manohar,Gujarat Titans,2.0,9.0,16.0,11.0,56.25,1.0,0.0,2.0,0.0,4.50,0.0,0.0,8,2024,,,,,,,,,,,,,,,,,,,Gujarat Titans,2.6 crore,2.6
Abhinav Manohar,Sunrisers Hyderabad,8.0,61.0,61.0,29.0,100.0,2.0,4.0,5.0,0.0,12.20,0.0,0.0,43,2025,,,,,,,,,,,,,,,,,,,Sunrisers Hyderabad,3.2 crore,3.2
Abhishek Sharma,Sunrisers Hyderabad,14.0,426.0,320.0,126.0,133.12,47.0,13.0,14.0,0.0,30.43,2.0,0.0,75,2022,,,,,,,,,,,,,,,,,,,Sunrisers Hyderabad,6.5,6.5
Abishek Porel,Delhi Capitals,4.0,33.0,31.0,12.0,106.45,1.0,2.0,4.0,0.0,8.25,0.0,0.0,20,2023,,,,,,,,,,,,,,,,,,,Delhi Capitals,0.20 crore,0.2
Abishek Porel,Delhi Capitals,14.0,327.0,205.0,70.0,159.51,36.0,13.0,10.0,2.0,32.70,2.0,0.0,65,2024,,,,,,,,,,,,,,,,,,,Delhi Capitals,1.0 crore,1.0
Abishek Porel,Delhi Capitals,13.0,301.0,205.0,60.0,146.82,28.0,12.0,12.0,1.0,25.08,1.0,0.0,51,2025,,,,,,,,,,,,,,,,,,,Delhi Capitals,4 crore,4.0
Adam Milne,Mumbai Indians,4.0,16.0,17.0,,94.11,0.0,1.0,2.0,1.0,8.0,0.0,0.0,15,2021,Mumbai Indians,4.0,131.0,31.0,,43.66,28.0,,,9.35,14.0,,,3.0,0.0,0.0,0.0,0.0,Mumbai Indians,"3,20,00,000",3.2
Adil Rashid,Sunrisers Hyderabad,2.0,22.0,16.0,7.0,137.5,2.0,1.0,2.0,0.0,11.00,0.0,0.0,18,2023,Sunrisers Hyderabad,2.0,56.0,14.0,28.0,28.0,21.0,53.57,7.0,8.0,7.0,0.0,0.0,2.0,0.0,0.0,0.0,,Sunrisers Hyderabad,2 crore,2.0
Aiden Markram,Sunrisers Hyderabad,14.0,381.0,274.0,79.0,139.05,25.0,19.0,8.0,4.0,47.63,3.0,0.0,68*,2022,Sunrisers Hyderabad,14.0,64.0,8.0,28.0,64.0,36.0,68.75,4.5,10.66,6.0,0.0,0.0,1.0,0.0,0.0,0.0,,Sunrisers Hyderabad,2.6 crore,2.6
Aiden Markram,Sunrisers Hyderabad,14.0,381.0,274.0,79.0,139.05,25.0,19.0,8.0,4.0,47.63,3.0,0.0,68*,2022,Sunrisers Hyderabad,14.0,64.0,8.0,28.0,64.0,36.0,68.75,4.5,10.66,6.0,0.0,0.0,1.0,0.0,0.0,0.0,,Sunrisers Hyderabad,2.6,2.6
Aiden Markram,Sunrisers Hyderabad,13.0,248.0,197.0,57.0,125.88,18.0,8.0,11.0,2.0,22.55,1.0,0.0,50,2023,Sunrisers Hyderabad,13.0,70.0,12.0,37.0,70.0,49.0,54.28,5.44,8.57,8.1,0.0,0.0,1.0,0.0,0.0,0.0,,Sunrisers Hyderabad,2.6 crore,2.6
Aiden Markram,Sunrisers Hyderabad,11.0,220.0,177.0,49.0,124.29,18.0,4.0,9.0,2.0,24.44,1.0,0.0,50,2024,,,,,,,,,,,,,,,,,,,Sunrisers Hyderabad,2.6 crore,2.6
Aiden Markram,Lucknow Super Giants,13.0,445.0,299.0,100.0,148.82,38.0,22.0,13.0,0.0,34.23,5.0,0.0,66,2025,Lucknow Super Giants,13.0,102.0,15.0,53.0,25.5,16.5,52.94,6.6,9.27,11.0,2.0,0.0,4.0,0.0,0.0,0.0,,Lucknow Supergiants,2 crore,2.0
Ajinkya Rahane,Kolkata Knight Riders,7.0,133.0,128.0,62.0,103.9,14.0,4.0,7.0,0.0,19.00,0.0,0.0,44,2022,,,,,,,,,,,,,,,,,,,Kolkata Knight Riders,1.0,1.0
Akash Deep,,,,,,,,,,,,,,,2022,Royal Challengers Bangalore,5.0,205.0,40.0,79.0,41.0,22.6,70.24,3.89,10.88,18.5,4.0,2.0,5.0,1.0,0.0,0.0,,Royal Challengers Bangalore,0.2 crore,0.2
Akash Deep,,,,,,,,,,,,,,,2022,Royal Challengers Bangalore,5.0,205.0,40.0,79.0,41.0,22.6,70.24,3.89,10.88,18.5,4.0,2.0,5.0,1.0,0.0,0.0,,Royal Challengers Bangalore,0.2,0.2
Akash Deep,Royal Challengers Bangalore,2.0,17.0,8.0,2.0,212.5,2.0,1.0,1.0,0.0,17.00,0.0,0.0,17,2023,Royal Challengers Bangalore,2.0,59.0,11.0,22.0,59.0,30.0,74.57,3.33,11.8,5.0,1.0,2.0,1.0,0.0,0.0,0.0,,Royal Challengers Bangalore,0.2 crore,0.2
Akash Deep,Royal Challengers Bengaluru,1.0,2.0,2.0,0.0,100.0,0.0,0.0,0.0,1.0,-,0.0,0.0,2*,2024,Royal Challengers Bengaluru,1.0,55.0,6.0,17.0,55.0,21.0,80.0,2.62,15.71,3.3,2.0,0.0,1.0,0.0,0.0,0.0,,Royal Challengers Bangalore,0.2 crore,0.2
Akash Madhwal,Mumbai Indians,5.0,4.0,5.0,2.0,80.0,0.0,0.0,0.0,1.0,-,0.0,0.0,4*,2024,Mumbai Indians,5.0,205.0,36.0,83.0,41.0,21.8,71.21,3.4,11.28,18.1,8.0,2.0,5.0,0.0,0.0,0.0,,Mumbai Indians,0.2 crore,0.2
Akash Madhwal,Rajasthan Royals,4.0,4.0,9.0,5.0,44.44,0.0,0.0,0.0,1.0,-,0.0,0.0,4*,2025,Rajasthan Royals,4.0,166.0,23.0,74.0,41.5,22.5,66.26,3.75,11.06,15.0,7.0,0.0,4.0,0.0,0.0,0.0,,Rajasthan Royals,1.2 crore,1.2
Akeal Hosein,Sunrisers Hyderabad,1.0,16.0,10.0,3.0,160.0,1.0,1.0,0.0,1.0,-,0.0,0.0,16*,2023,Sunrisers Hyderabad,1.0,40.0,6.0,18.0,40.0,24.0,70.0,4.0,10.0,4.0,0.0,0.0,1.0,0.0,0.0,0.0,,Sunrisers Hyderabad,1 crore,1.0
Alex Carey,Delhi Capitals,3.0,32.0,29.0,,110.34,0.0,1.0,2.0,1.0,16.0,0.0,0.0,14*,2020,,,,,,,,,,,,,,,,,,,Delhi Capitals,2.4 crore,2.4
Alzarri Joseph,Gujarat Titans,9.0,5.0,7.0,2.0,71.42,0.0,0.0,1.0,2.0,5.00,0.0,0.0,4*,2022,Gujarat Titans,9.0,264.0,72.0,113.0,37.71,25.71,65.9,4.86,8.8,30.0,4.0,1.0,7.0,0.0,0.0,0.0,,Gujarat Titans,2.4,2.4
Aman Khan,Kolkata Knight Riders,1.0,5.0,3.0,1.0,166.66,1.0,0.0,1.0,0.0,5.00,0.0,0.0,5,2022,,,,,,,,,,,,,,,,,,,Kolkata Knight Riders,0.2,0.2
Ambati Rayudu,Chennai Super Kings,13.0,274.0,224.0,103.0,122.32,25.0,15.0,11.0,0.0,24.91,1.0,0.0,78,2022,,,,,,,,,,,,,,,,,,,Chennai Super Kings,6.75,6.75
Angkrish Raghuvanshi,Kolkata Knight Riders,10.0,163.0,105.0,34.0,155.23,16.0,8.0,7.0,0.0,23.29,1.0,0.0,54,2024,,,,,,,,,,,,,,,,,,,Kolkata Knight Riders,0.2 crore,0.2
Angkrish Raghuvanshi,Kolkata Knight Riders,12.0,300.0,215.0,59.0,139.53,30.0,8.0,9.0,2.0,33.33,1.0,0.0,50,2025,,,,,,,,,,,,,,,,,,,Kolkata Knight Riders,3 crore,3.0
Anmolpreet Singh,Mumbai Indians,2.0,13.0,13.0,5.0,100.0,1.0,0.0,2.0,0.0,6.50,0.0,0.0,8,2022,,,,,,,,,,,,,,,,,,,Mumbai Indians,0.2,0.2
Anrich Nortje,Delhi Capitals,16.0,7.0,6.0,,116.66,0.0,0.0,1.0,4.0,7.0,0.0,0.0,3*,2020,Delhi Capitals,16.0,512.0,160.0,,23.27,16.63,,,8.39,61.0,,,22.0,0.0,0.0,0.0,0.0,Delhi Capitals,0.5 crore,0.5
Anrich Nortje,,,,,,,,,,,,,,,2021,Delhi Capitals,8.0,187.0,84.0,,15.58,15.16,,,6.16,30.0,,,12.0,1.0,0.0,0.0,0.0,Delhi Capitals,0.5 crore,0.5
Anrich Nortje,Delhi Capitals,6.0,1.0,6.0,5.0,16.66,0.0,0.0,0.0,1.0,-,0.0,0.0,1*,2022,Delhi Capitals,6.0,217.0,49.0,94.0,24.11,14.88,66.35,4.32,9.71,22.2,5.0,4.0,9.0,0.0,0.0,0.0,,Delhi Capitals,6.5 crore,6.5
Anrich Nortje,Delhi Capitals,10.0,37.0,29.0,10.0,127.58,6.0,0.0,3.0,4.0,12.33,0.0,0.0,23*,2023,Delhi Capitals,10.0,364.0,96.0,155.0,36.4,24.0,64.28,4.8,9.1,40.0,8.0,3.0,10.0,0.0,0.0,0.0,,Delhi Capitals,6.5 crore,6.5
Anrich Nortje,Delhi Capitals,6.0,4.0,8.0,5.0,50.0,0.0,0.0,2.0,0.0,2.00,0.0,0.0,4,2024,Delhi Capitals,6.0,294.0,40.0,100.0,42.0,18.85,78.91,2.8,13.36,22.0,7.0,1.0,7.0,0.0,0.0,0.0,,Delhi Capitals,0 crore,0.0
Anrich Nortje,,,,,,,,,,,,,,,2025,Kolkata Knight Riders,2.0,83.0,17.0,28.0,83.0,42.0,84.33,2.62,11.85,7.0,3.0,0.0,1.0,0.0,0.0,0.0,,Kolkata Knight Riders,6.5 crore,6.5
Anshul Kamboj,Mumbai Indians,3.0,2.0,2.0,0.0,100.0,0.0,0.0,0.0,1.0,-,0.0,0.0,2*,2024,Mumbai Indians,3.0,114.0,20.0,48.0,57.0,30.0,66.66,3.75,11.4,10.0,6.0,2.0,2.0,0.0,0.0,0.0,,Mumbai Indians,0.2 crore,0.2
Anshul Kamboj,Chennai Super Kings,8.0,14.0,12.0,6.0,116.66,2.0,0.0,2.0,3.0,7.00,0.0,0.0,5*,2025,Chennai Super Kings,8.0,172.0,56.0,74.0,21.5,16.12,67.44,5.16,8.0,21.3,0.0,1.0,8.0,0.0,0.0,0.0,,Chennai Super Kings,3.4 crore,3.4
Anuj Rawat,Royal Challengers Bangalore,8.0,129.0,118.0,60.0,109.32,10.0,7.0,8.0,0.0,16.13,1.0,0.0,66,2022,,,,,,,,,,,,,,,,,,,Royal Challengers Bangalore,3.4,3.4
Anukul Roy,,,,,,,,,,,,,,,2022,Kolkata Knight Riders,2.0,55.0,11.0,31.0,55.0,42.0,47.27,8.4,7.85,7.0,0.0,0.0,1.0,0.0,0.0,0.0,,Kolkata Knight Riders,0.2,0.2
Anureet Singh,Rajasthan Royals,3.0,3.0,4.0,,75.0,0.0,0.0,0.0,1.0,0.0,0.0,0.0,3*,2018,Rajasthan Royals,3.0,42.0,4.0,,42.0,24.0,,,10.5,4.0,,,1.0,0.0,0.0,0.0,0.0,Rajasthan Royals,0.3 crore,0.3
Arjun Tendulkar,Mumbai Indians,4.0,13.0,9.0,2.0,144.44,0.0,1.0,1.0,0.0,13.00,0.0,0.0,13,2023,Mumbai Indians,4.0,92.0,26.0,42.0,30.66,19.66,58.69,4.91,9.35,9.5,8.0,1.0,3.0,0.0,0.0,0.0,,Mumbai Indians,30 crore,30.0
Arshad Khan,Mumbai Indians,6.0,18.0,15.0,4.0,120.0,0.0,1.0,2.0,1.0,9.00,0.0,0.0,15*,2023,Mumbai Indians,6.0,190.0,27.0,70.0,38.0,17.0,77.89,2.65,13.41,14.1,12.0,0.0,5.0,0.0,0.0,0.0,,Mumbai Indians,0.2 crore,0.2
Arshad Khan,Lucknow Super Giants,4.0,83.0,54.0,20.0,153.7,6.0,5.0,2.0,2.0,41.50,1.0,0.0,58*,2024,Lucknow Super Giants,4.0,114.0,24.0,45.0,114.0,61.0,73.68,3.21,11.21,10.1,8.0,0.0,1.0,0.0,0.0,0.0,,Lucknow Supergiants,0.2 crore,0.2
Ashutosh Sharma,Punjab Kings,11.0,189.0,113.0,38.0,167.25,10.0,15.0,7.0,2.0,27.00,1.0,0.0,61,2024,,,,,,,,,,,,,,,,,,,Punjab Kings,0.2 crore,0.2
Ashutosh Sharma,Delhi Capitals,13.0,204.0,127.0,38.0,160.62,14.0,13.0,7.0,2.0,29.14,1.0,0.0,66*,2025,,,,,,,,,,,,,,,,,,,Delhi Capitals,3.8 crore,3.8
Atharva Taide,Punjab Kings,7.0,186.0,129.0,46.0,144.18,20.0,6.0,7.0,0.0,26.57,2.0,0.0,66,2023,,,,,,,,,,,,,,,,,,,Punjab Kings,0.2 crore,0.2
Atharva Taide,Punjab Kings,2.0,61.0,39.0,12.0,156.41,7.0,2.0,2.0,0.0,30.50,0.0,0.0,46,2024,,,,,,,,,,,,,,,,,,,Punjab Kings,0.2 crore,0.2
Atharva Taide,Sunrisers Hyderabad,1.0,13.0,9.0,5.0,144.44,3.0,0.0,1.0,0.0,13.00,0.0,0.0,13,2025,,,,,,,,,,,,,,,,,,,Sunrisers Hyderabad,0.3 crore,0.3
Avesh Khan,Lucknow Super Giants,13.0,22.0,13.0,6.0,169.23,0.0,3.0,1.0,3.0,22.00,0.0,0.0,12,2022,Lucknow Super Giants,13.0,416.0,126.0,174.0,23.11,15.88,69.71,4.33,8.72,47.4,13.0,1.0,18.0,1.0,1.0,0.0,,Lucknow Supergiants,10.0,10.0
Ayush Badoni,Lucknow Super Giants,13.0,161.0,130.0,48.0,123.84,11.0,7.0,8.0,3.0,20.13,1.0,0.0,54,2022,Lucknow Super Giants,13.0,11.0,4.0,8.0,5.5,6.0,0.0,0.0,5.5,2.0,0.0,0.0,2.0,0.0,0.0,0.0,,Lucknow Supergiants,0.2 crore,0.2
Ayush Badoni,Lucknow Super Giants,13.0,161.0,130.0,48.0,123.84,11.0,7.0,8.0,3.0,20.13,1.0,0.0,54,2022,Lucknow Super Giants,13.0,11.0,4.0,8.0,5.5,6.0,0.0,0.0,5.5,2.0,0.0,0.0,2.0,0.0,0.0,0.0,,Lucknow Supergiants,0.2,0.2
Ayush Badoni,Lucknow Super Giants,15.0,238.0,172.0,56.0,138.37,13.0,12.0,10.0,2.0,23.80,1.0,0.0,59*,2023,,,,,,,,,,,,,,,,,,,Lucknow Supergiants,0.2 crore,0.2
Ayush Badoni,Lucknow Super Giants,14.0,235.0,171.0,47.0,137.42,22.0,5.0,8.0,4.0,29.38,2.0,0.0,55*,2024,,,,,,,,,,,,,,,,,,,Lucknow Supergiants,0.2 crore,0.2
Ayush Badoni,Lucknow Super Giants,14.0,329.0,222.0,65.0,148.19,27.0,14.0,10.0,1.0,32.90,2.0,0.0,74,2025,Lucknow Super Giants,14.0,13.0,3.0,7.0,6.5,5.0,46.15,10.0,7.8,1.4,0.0,0.0,2.0,0.0,0.0,0.0,,Lucknow Supergiants,4 crore,4.0
Azmatullah Omarzai,Gujarat Titans,7.0,42.0,33.0,10.0,127.27,2.0,2.0,4.0,0.0,10.50,0.0,0.0,17,2024,Gujarat Titans,7.0,186.0,57.0,74.0,46.5,31.5,77.41,3.81,8.85,21.0,5.0,0.0,4.0,0.0,0.0,0.0,,Gujarat Titans,3 crore,3.0
Basil Thampi,,,,,,,,,,,,,,,2022,Mumbai Indians,5.0,152.0,41.0,61.0,30.4,19.2,71.05,4.36,9.5,16.0,6.0,0.0,5.0,1.0,0.0,0.0,,Mumbai Indians,0.3,0.3
Bhanuka Rajapaksa,Punjab Kings,9.0,206.0,129.0,45.0,159.68,16.0,13.0,9.0,0.0,22.89,0.0,0.0,43,2022,,,,,,,,,,,,,,,,,,,Punjab Kings,0.5 crore,0.5
Bhanuka Rajapaksa,Punjab Kings,9.0,206.0,129.0,45.0,159.68,16.0,13.0,9.0,0.0,22.89,0.0,0.0,43,2022,,,,,,,,,,,,,,,,,,,Punjab Kings,0.5,0.5
Bhanuka Rajapaksa,Punjab Kings,4.0,71.0,62.0,25.0,114.51,6.0,2.0,3.0,1.0,23.67,1.0,0.0,50,2023,,,,,,,,,,,,,,,,,,,Punjab Kings,0.5 crore,0.5
Bhuvneshwar Kumar,Sunrisers Hyderabad,14.0,24.0,26.0,11.0,92.3,3.0,0.0,3.0,3.0,8.00,0.0,0.0,8,2022,Sunrisers Hyderabad,14.0,383.0,139.0,191.0,31.91,26.08,53.26,6.95,7.34,52.1,15.0,2.0,12.0,2.0,0.0,0.0,,Sunrisers Hyderabad,4.2,4.2
Cameron Green,Mumbai Indians,16.0,452.0,282.0,79.0,160.28,40.0,22.0,9.0,7.0,50.22,2.0,1.0,100*,2023,Mumbai Indians,16.0,361.0,88.0,151.0,60.16,38.0,67.59,4.47,9.5,38.0,10.0,1.0,6.0,0.0,0.0,0.0,,Mumbai Indians,17.5 crore,17.5
Cameron Green,Royal Challengers Bengaluru,13.0,255.0,178.0,53.0,143.25,22.0,10.0,8.0,4.0,31.88,0.0,0.0,46,2024,Royal Challengers Bengaluru,13.0,303.0,72.0,151.0,30.3,21.1,58.74,5.41,8.61,35.1,12.0,0.0,10.0,0.0,0.0,0.0,,Royal Challengers Bangalore,17.5 crore,17.5
Chetan Sakariya,Rajasthan Royals,14.0,16.0,25.0,,64.0,2.0,0.0,5.0,1.0,3.2,0.0,0.0,7,2021,Rajasthan Royals,14.0,426.0,113.0,,30.42,22.28,,,8.19,52.0,,,14.0,1.0,0.0,0.0,0.0,Rajasthan Royals,1.2 crore,1.2
Chetan Sakariya,Rajasthan Royals,14.0,16.0,25.0,,64.0,2.0,0.0,5.0,1.0,3.2,0.0,0.0,7,2021,Rajasthan Royals,14.0,426.0,113.0,,30.42,22.28,,,8.19,52.0,,,14.0,1.0,0.0,0.0,0.0,Rajasthan Royals,"1,20,00,000",1.2
Chetan Sakariya,,,,,,,,,,,,,,,2022,Delhi Capitals,3.0,84.0,21.0,50.0,28.0,22.0,45.23,8.25,7.63,11.0,5.0,0.0,3.0,0.0,0.0,0.0,,Delhi Capitals,4.2 crore,4.2
Chetan Sakariya,,,,,,,,,,,,,,,2022,Delhi Capitals,3.0,84.0,21.0,50.0,28.0,22.0,45.23,8.25,7.63,11.0,5.0,0.0,3.0,0.0,0.0,0.0,,Delhi Capitals,4.2,4.2
Chetan Sakariya,Delhi Capitals,2.0,4.0,6.0,5.0,66.66,1.0,0.0,1.0,1.0,4.00,0.0,0.0,4,2023,Delhi Capitals,2.0,89.0,17.0,38.0,29.66,16.0,67.41,4.0,11.12,8.0,6.0,1.0,3.0,0.0,0.0,0.0,,Delhi Capitals,4.2 crore,4.2
Chris Jordan,Chennai Super Kings,4.0,11.0,8.0,2.0,137.5,0.0,0.0,1.0,1.0,11.00,0.0,0.0,6*,2022,Chennai Super Kings,4.0,135.0,23.0,57.0,67.5,38.5,63.7,4.27,10.51,12.5,1.0,2.0,2.0,0.0,0.0,0.0,,Chennai Super Kings,3.6,3.6
Colin Ingram,Delhi Capitals,12.0,184.0,154.0,,119.48,20.0,5.0,10.0,2.0,18.4,0.0,0.0,47,2019,,,,,,,,,,,,,,,,,,,Delhi Capitals,6.4 crore,6.4
Dan Christian,Royal Challengers Bangalore,9.0,14.0,24.0,,58.33,1.0,0.0,6.0,1.0,2.33,0.0,0.0,9,2021,Royal Challengers Bangalore,9.0,155.0,29.0,,38.75,25.0,,,9.3,16.0,,,4.0,0.0,0.0,0.0,0.0,Royal Challengers Bangalore,"4,80,00,000",4.8
Daniel Sams,Mumbai Indians,11.0,38.0,36.0,18.0,105.55,1.0,3.0,7.0,3.0,5.43,0.0,0.0,15,2022,Mumbai Indians,11.0,370.0,107.0,167.0,28.46,19.38,64.32,5.04,8.8,42.0,21.0,1.0,13.0,0.0,1.0,0.0,,Mumbai Indians,2.6 crore,2.6
Daniel Sams,Mumbai Indians,11.0,38.0,36.0,18.0,105.55,1.0,3.0,7.0,3.0,5.43,0.0,0.0,15,2022,Mumbai Indians,11.0,370.0,107.0,167.0,28.46,19.38,64.32,5.04,8.8,42.0,21.0,1.0,13.0,0.0,1.0,0.0,,Mumbai Indians,2.6,2.6
Darshan Nalkande,,,,,,,,,,,,,,,2022,Gujarat Titans,2.0,59.0,8.0,25.0,29.5,15.5,64.4,3.87,11.41,5.1,2.0,0.0,2.0,0.0,0.0,0.0,,Gujarat Titans,0.2,0.2
Daryl Mitchell,Rajasthan Royals,2.0,33.0,44.0,16.0,75.0,1.0,0.0,2.0,0.0,16.50,0.0,0.0,17,2022,,,,,,,,,,,,,,,,,,,Rajasthan Royals,0.75,0.75
Daryl Mitchell,Chennai Super Kings,13.0,318.0,223.0,59.0,142.6,27.0,10.0,11.0,2.0,28.91,2.0,0.0,63,2024,Chennai Super Kings,13.0,70.0,4.0,34.0,70.0,36.0,60.0,4.0,11.66,6.0,2.0,0.0,1.0,0.0,0.0,0.0,,Chennai Super Kings,14 crore,14.0
Dasun Shanaka,Gujarat Titans,3.0,26.0,26.0,12.0,100.0,2.0,1.0,2.0,1.0,13.00,0.0,0.0,17,2023,,,,,,,,,,,,,,,,,,,Gujarat Titans,0 crore,0.0
David Miller,Punjab Kings,3.0,74.0,64.0,,115.62,3.0,2.0,2.0,1.0,37.0,0.0,0.0,26,2018,,,,,,,,,,,,,,,,,,,Punjab Kings,3 crore,3.0
David Miller,Punjab Kings,10.0,213.0,164.0,,129.87,19.0,7.0,8.0,2.0,26.62,1.0,0.0,59*,2019,,,,,,,,,,,,,,,,,,,Punjab Kings,3 crore,3.0
David Miller,Gujarat Titans,16.0,481.0,337.0,95.0,142.72,32.0,23.0,7.0,9.0,68.71,2.0,0.0,94*,2022,,,,,,,,,,,,,,,,,,,Gujarat Titans,3 crore,3.0
David Miller,Gujarat Titans,16.0,481.0,337.0,95.0,142.72,32.0,23.0,7.0,9.0,68.71,2.0,0.0,94*,2022,,,,,,,,,,,,,,,,,,,Gujarat Titans,3.0,3.0
David Miller,Gujarat Titans,16.0,259.0,178.0,51.0,145.5,18.0,13.0,8.0,5.0,32.38,0.0,0.0,46,2023,,,,,,,,,,,,,,,,,,,Gujarat Titans,3 crore,3.0
David Miller,Gujarat Titans,9.0,210.0,139.0,41.0,151.07,20.0,8.0,6.0,3.0,35.00,1.0,0.0,55,2024,,,,,,,,,,,,,,,,,,,Gujarat Titans,3 crore,3.0
David Miller,Lucknow Super Giants,11.0,153.0,120.0,36.0,127.5,13.0,4.0,5.0,6.0,30.60,0.0,0.0,27*,2025,,,,,,,,,,,,,,,,,,,Lucknow Supergiants,7.5 crore,7.5
David Warner,Delhi Capitals,12.0,432.0,287.0,103.0,150.52,52.0,15.0,9.0,3.0,48.00,5.0,0.0,92*,2022,,,,,,,,,,,,,,,,,,,Delhi Capitals,6.25,6.25
David Wiese,Kolkata Knight Riders,3.0,21.0,11.0,5.0,190.9,0.0,3.0,1.0,2.0,21.00,0.0,0.0,12*,2023,,,,,,,,,,,,,,,,,,,Kolkata Knight Riders,1.00 crore,1.0
David Willey,Royal Challengers Bangalore,4.0,18.0,30.0,22.0,60.0,3.0,0.0,2.0,0.0,9.00,0.0,0.0,18,2022,Royal Challengers Bangalore,4.0,72.0,27.0,39.0,72.0,66.0,50.0,8.25,6.54,11.0,0.0,0.0,1.0,0.0,0.0,0.0,,Royal Challengers Bangalore,2.0,2.0
Dawid Malan,Punjab Kings,1.0,26.0,26.0,,100.0,1.0,1.0,1.0,0.0,26.0,0.0,0.0,26,2021,,,,,,,,,,,,,,,,,,,Punjab Kings,"1,50,00,000",1.5
Deepak Hooda,Lucknow Super Giants,15.0,451.0,330.0,104.0,136.66,36.0,18.0,14.0,0.0,32.21,4.0,0.0,59,2022,Lucknow Super Giants,15.0,43.0,5.0,19.0,43.0,24.0,69.76,4.0,10.75,4.0,0.0,0.0,1.0,0.0,0.0,0.0,,Lucknow Supergiants,5.75,5.75
Devdutt Padikkal,Royal Challengers Bangalore,15.0,473.0,379.0,,124.8,51.0,8.0,15.0,0.0,31.53,5.0,0.0,74,2020,,,,,,,,,,,,,,,,,,,Royal Challengers Bangalore,0.2 crore,0.2
Devdutt Padikkal,Rajasthan Royals,17.0,376.0,306.0,135.0,122.87,40.0,14.0,17.0,0.0,22.12,1.0,0.0,54,2022,,,,,,,,,,,,,,,,,,,Rajasthan Royals,7.75 crore,7.75
Devdutt Padikkal,Rajasthan Royals,17.0,376.0,306.0,135.0,122.87,40.0,14.0,17.0,0.0,22.12,1.0,0.0,54,2022,,,,,,,,,,,,,,,,,,,Rajasthan Royals,7.75,7.75
Devdutt Padikkal,Rajasthan Royals,11.0,261.0,200.0,73.0,130.5,31.0,6.0,10.0,1.0,26.10,2.0,0.0,52,2023,,,,,,,,,,,,,,,,,,,Rajasthan Royals,7.75 crore,7.75
Devdutt Padikkal,Lucknow Super Giants,7.0,38.0,53.0,29.0,71.69,3.0,0.0,7.0,0.0,5.43,0.0,0.0,13,2024,,,,,,,,,,,,,,,,,,,Lucknow Supergiants,7.75 crore,7.75
Devdutt Padikkal,Royal Challengers Bengaluru,10.0,247.0,164.0,59.0,150.6,21.0,14.0,9.0,1.0,27.44,2.0,0.0,61,2025,,,,,,,,,,,,,,,,,,,Royal Challengers Bangalore,2 crore,2.0
Devon Conway,Chennai Super Kings,7.0,252.0,173.0,58.0,145.66,22.0,12.0,6.0,1.0,42.00,3.0,0.0,87,2022,,,,,,,,,,,,,,,,,,,Chennai Super Kings,1 crore,1.0
Devon Conway,Chennai Super Kings,7.0,252.0,173.0,58.0,145.66,22.0,12.0,6.0,1.0,42.00,3.0,0.0,87,2022,,,,,,,,,,,,,,,,,,,Chennai Super Kings,1.0,1.0
Devon Conway,Chennai Super Kings,16.0,672.0,481.0,164.0,139.7,77.0,18.0,13.0,2.0,51.69,6.0,0.0,92*,2023,,,,,,,,,,,,,,,,,,,Chennai Super Kings,1 crore,1.0
Devon Conway,Chennai Super Kings,6.0,156.0,119.0,45.0,131.09,17.0,4.0,6.0,0.0,26.00,2.0,0.0,69,2025,,,,,,,,,,,,,,,,,,,Chennai Super Kings,6.25 crore,6.25
Dewald Brevis,Mumbai Indians,7.0,161.0,113.0,52.0,142.47,14.0,11.0,7.0,0.0,23.00,0.0,0.0,49,2022,Mumbai Indians,7.0,8.0,1.0,2.0,8.0,3.0,100.0,1.5,16.0,0.3,0.0,0.0,1.0,0.0,0.0,0.0,,Mumbai Indians,3 crore,3.0
Dewald Brevis,Mumbai Indians,7.0,161.0,113.0,52.0,142.47,14.0,11.0,7.0,0.0,23.00,0.0,0.0,49,2022,Mumbai Indians,7.0,8.0,1.0,2.0,8.0,3.0,100.0,1.5,16.0,0.3,0.0,0.0,1.0,0.0,0.0,0.0,,Mumbai Indians,3.0,3.0
Dewald Brevis,Mumbai Indians,3.0,69.0,59.0,27.0,116.94,3.0,5.0,3.0,0.0,23.00,0.0,0.0,46,2024,,,,,,,,,,,,,,,,,,,Mumbai Indians,3 crore,3.0
Dhruv Jurel,Rajasthan Royals,13.0,152.0,88.0,21.0,172.72,11.0,9.0,7.0,4.0,21.71,0.0,0.0,34*,2023,,,,,,,,,,,,,,,,,,,Rajasthan Royals,0.2 crore,0.2
Dhruv Jurel,Rajasthan Royals,15.0,195.0,141.0,45.0,138.29,18.0,7.0,8.0,3.0,24.38,2.0,0.0,56*,2024,,,,,,,,,,,,,,,,,,,Rajasthan Royals,0.2 crore,0.2
Dhruv Jurel,Rajasthan Royals,14.0,333.0,213.0,68.0,156.33,22.0,22.0,9.0,4.0,37.00,2.0,0.0,70,2025,,,,,,,,,,,,,,,,,,,Rajasthan Royals,14 crore,14.0
Dinesh Karthik,Royal Challengers Bangalore,16.0,330.0,180.0,53.0,183.33,27.0,22.0,6.0,10.0,55.00,1.0,0.0,66*,2022,,,,,,,,,,,,,,,,,,,Royal Challengers Bangalore,5.5,5.5
Donovan Ferreira,Rajasthan Royals,2.0,8.0,11.0,5.0,72.72,0.0,0.0,2.0,0.0,4.00,0.0,0.0,7,2024,,,,,,,,,,,,,,,,,,,Joburg Super Kings,1 crore,1.0
Donovan Ferreira,Delhi Capitals,1.0,1.0,3.0,2.0,33.33,0.0,0.0,1.0,0.0,1.00,0.0,0.0,1,2025,,,,,,,,,,,,,,,,,,,Delhi Capitals,0.75 crore,0.75
Duan Jansen,,,,,,,,,,,,,,,2023,Mumbai Indians,1.0,53.0,6.0,22.0,53.0,24.0,67.92,3.42,13.25,4.0,4.0,0.0,1.0,0.0,0.0,0.0,,Mumbai Indians,0.2 crore,0.2
Dushmantha Chameera,Lucknow Super Giants,12.0,43.0,28.0,12.0,153.57,3.0,3.0,4.0,4.0,10.75,0.0,0.0,17,2022,Lucknow Super Giants,12.0,384.0,122.0,156.0,42.66,29.33,71.35,4.25,8.72,44.0,12.0,2.0,9.0,0.0,0.0,0.0,,Lucknow Supergiants,2 crore,2.0
Dushmantha Chameera,Delhi Capitals,6.0,10.0,14.0,4.0,71.42,0.0,0.0,0.0,3.0,-,0.0,0.0,8*,2025,Delhi Capitals,6.0,171.0,20.0,78.0,42.75,22.5,63.15,4.09,11.4,15.0,8.0,0.0,4.0,0.0,0.0,0.0,,Delhi Capitals,0.75 crore,0.75
Dwaine Pretorius,Chennai Super Kings,6.0,44.0,28.0,10.0,157.14,3.0,3.0,4.0,1.0,11.00,0.0,0.0,22,2022,Chennai Super Kings,6.0,210.0,37.0,101.0,35.0,21.0,52.38,5.72,10.0,21.0,12.0,0.0,6.0,0.0,0.0,0.0,,Chennai Super Kings,0.5 crore,0.5
Dwaine Pretorius,Chennai Super Kings,6.0,44.0,28.0,10.0,157.14,3.0,3.0,4.0,1.0,11.00,0.0,0.0,22,2022,Chennai Super Kings,6.0,210.0,37.0,101.0,35.0,21.0,52.38,5.72,10.0,21.0,12.0,0.0,6.0,0.0,0.0,0.0,,Chennai Super Kings,0.5,0.5
Dwayne Bravo,Chennai Super Kings,10.0,23.0,24.0,9.0,95.83,1.0,1.0,2.0,4.0,11.50,0.0,0.0,12,2022,Chennai Super Kings,10.0,299.0,70.0,159.0,18.68,12.87,50.83,5.88,8.7,34.2,20.0,3.0,16.0,1.0,0.0,0.0,,Chennai Super Kings,4.4,4.4
Evin Lewis,Lucknow Super Giants,6.0,73.0,56.0,25.0,130.35,8.0,3.0,3.0,2.0,24.33,1.0,0.0,55*,2022,,,,,,,,,,,,,,,,,,,Lucknow Supergiants,2.0,2.0
Fabian Allen,Punjab Kings,4.0,6.0,12.0,,50.0,0.0,0.0,1.0,2.0,6.0,0.0,0.0,6,2021,Punjab Kings,4.0,90.0,20.0,,90.0,66.0,,,8.18,11.0,,,1.0,1.0,0.0,0.0,0.0,Punjab Kings,"75,00,000",0.75
Fabian Allen,Mumbai Indians,1.0,8.0,7.0,3.0,114.28,1.0,0.0,1.0,0.0,8.00,0.0,0.0,8,2022,Mumbai Indians,1.0,46.0,6.0,18.0,46.0,24.0,73.91,3.42,11.5,4.0,0.0,0.0,1.0,0.0,0.0,0.0,,Mumbai Indians,0.75,0.75
Faf Du Plessis,Royal Challengers Bangalore,16.0,468.0,367.0,145.0,127.52,49.0,13.0,15.0,1.0,31.20,3.0,0.0,96,2022,,,,,,,,,,,,,,,,,,,Royal Challengers Bangalore,7.0,7.0
Faf du Plessis,Chennai Super Kings,6.0,162.0,129.0,,125.58,17.0,6.0,5.0,1.0,32.4,1.0,0.0,67*,2018,,,,,,,,,,,,,,,,,,,Chennai Super Kings,1.6 crore,1.6
Faf du Plessis,Chennai Super Kings,12.0,396.0,321.0,,123.36,36.0,15.0,11.0,1.0,36.0,3.0,0.0,96,2019,,,,,,,,,,,,,,,,,,,Chennai Super Kings,1.6 crore,1.6
Faf du Plessis,Chennai Super Kings,13.0,449.0,319.0,,140.75,42.0,14.0,11.0,2.0,40.81,4.0,0.0,87*,2020,,,,,,,,,,,,,,,,,,,Chennai Super Kings,1.6 crore,1.6
Faf du Plessis,Chennai Super Kings,16.0,633.0,458.0,,138.2,60.0,23.0,14.0,2.0,45.21,6.0,0.0,95*,2021,,,,,,,,,,,,,,,,,,,Chennai Super Kings,0 crore,0.0
Fazalhaq Farooqi,Sunrisers Hyderabad,3.0,2.0,8.0,6.0,25.0,0.0,0.0,0.0,1.0,-,0.0,0.0,2*,2022,Sunrisers Hyderabad,3.0,110.0,24.0,52.0,55.0,36.0,58.18,5.14,9.16,12.0,4.0,0.0,2.0,0.0,0.0,0.0,,Sunrisers Hyderabad,0.5,0.5
Gautam Gambhir,Delhi Capitals,6.0,85.0,88.0,,96.59,8.0,1.0,5.0,0.0,17.0,1.0,0.0,55,2018,,,,,,,,,,,,,,,,,,,Delhi Daredevils,2.8 crore,2.8
Gerald Coetzee,Mumbai Indians,10.0,14.0,22.0,13.0,63.63,0.0,1.0,4.0,1.0,3.50,0.0,0.0,8,2024,Mumbai Indians,10.0,341.0,81.0,135.0,26.23,15.46,73.31,3.72,10.17,33.3,14.0,1.0,13.0,0.0,1.0,0.0,,Joburg Super Kings,6.00 crore,6.0
Gerald Coetzee,Gujarat Titans,4.0,17.0,11.0,5.0,154.54,2.0,1.0,2.0,0.0,8.50,0.0,0.0,12,2025,Gujarat Titans,4.0,131.0,21.0,55.0,65.5,36.0,65.64,4.23,10.91,12.0,4.0,0.0,2.0,0.0,0.0,0.0,,Gujarat Titans,2.4 crore,2.4
Glenn Maxwell,Royal Challengers Bangalore,15.0,513.0,356.0,,144.1,48.0,21.0,12.0,2.0,42.75,6.0,0.0,78,2021,Royal Challengers Bangalore,15.0,135.0,25.0,,45.0,32.0,,,8.43,16.0,,,3.0,0.0,0.0,0.0,0.0,Royal Challengers Bangalore,"14,25,00,000",14.25
Glenn Phillips,Sunrisers Hyderabad,5.0,39.0,22.0,10.0,177.27,2.0,4.0,5.0,0.0,7.80,0.0,0.0,25,2023,Sunrisers Hyderabad,5.0,20.0,6.0,12.0,20.0,18.0,40.0,9.0,6.66,3.0,0.0,0.0,1.0,0.0,0.0,0.0,,Sunrisers Hyderabad,1.5 crore,1.5
Harbhajan Singh,Kolkata Knight Riders,3.0,4.0,4.0,,100.0,0.0,0.0,0.0,2.0,0.0,0.0,0.0,2*,2021,,,,,,,,,,,,,,,,,,,Kolkata Knight Riders,"2,00,00,000",2.0
Hardus Viljoen,Punjab Kings,6.0,3.0,7.0,,42.85,0.0,0.0,2.0,1.0,1.5,0.0,0.0,2*,2019,Punjab Kings,6.0,222.0,47.0,,31.71,19.71,,,9.65,23.0,,,7.0,0.0,0.0,0.0,0.0,Punjab Kings,2 crore,2.0
Harpreet Brar,Punjab Kings,5.0,22.0,25.0,16.0,88.0,1.0,2.0,3.0,0.0,7.33,0.0,0.0,14,2022,Punjab Kings,5.0,146.0,38.0,62.0,36.5,24.0,65.75,5.05,9.12,16.0,4.0,0.0,4.0,0.0,0.0,0.0,,Punjab Kings,3.8,3.8
Harry Brook,Sunrisers Hyderabad,11.0,190.0,154.0,65.0,123.37,23.0,4.0,9.0,2.0,21.11,0.0,1.0,100*,2023,,,,,,,,,,,,,,,,,,,Sunrisers Hyderabad,13.25 crore,13.25
Harshal Patel,Royal Challengers Bangalore,15.0,43.0,39.0,19.0,110.25,4.0,2.0,5.0,3.0,8.60,0.0,0.0,11,2022,Royal Challengers Bangalore,15.0,410.0,130.0,208.0,21.57,16.89,57.56,6.55,7.66,53.3,17.0,0.0,19.0,2.0,1.0,0.0,,Royal Challengers Bangalore,10.75,10.75
Harshit Rana,,,,,,,,,,,,,,,2023,Kolkata Knight Riders,6.0,147.0,50.0,58.0,29.4,20.4,72.1,4.43,8.64,17.0,5.0,1.0,5.0,0.0,0.0,0.0,,Kolkata Knight Riders,0.2 crore,0.2
Harshit Rana,,,,,,,,,,,,,,,2024,Kolkata Knight Riders,13.0,383.0,95.0,169.0,20.15,13.31,65.79,4.86,9.08,42.1,11.0,0.0,19.0,1.0,0.0,0.0,,Kolkata Knight Riders,0.2 crore,0.2
Harshit Rana,Kolkata Knight Riders,13.0,57.0,53.0,30.0,107.54,5.0,3.0,4.0,3.0,14.25,0.0,0.0,34,2025,Kolkata Knight Riders,13.0,448.0,105.0,171.0,29.86,17.6,75.0,3.66,10.18,44.0,10.0,2.0,15.0,0.0,0.0,0.0,,Kolkata Knight Riders,4 crore,4.0
Heinrich Klaasen,Rajasthan Royals,4.0,57.0,47.0,,121.27,5.0,1.0,3.0,1.0,19.0,0.0,0.0,32,2018,,,,,,,,,,,,,,,,,,,Rajasthan Royals,0.5 crore,0.5
Heinrich Klaasen,Royal Challengers Bangalore,3.0,9.0,10.0,,90.0,0.0,0.0,2.0,0.0,4.5,0.0,0.0,6,2019,,,,,,,,,,,,,,,,,,,Royal Challengers Bangalore,0.5 crore,0.5
Heinrich Klaasen,Sunrisers Hyderabad,12.0,448.0,253.0,49.0,177.07,32.0,25.0,9.0,2.0,49.78,2.0,1.0,104,2023,,,,,,,,,,,,,,,,,,,Sunrisers Hyderabad,5.25 crore,5.25
Heinrich Klaasen,Sunrisers Hyderabad,16.0,479.0,280.0,76.0,171.07,19.0,38.0,12.0,3.0,39.92,4.0,0.0,80*,2024,,,,,,,,,,,,,,,,,,,Sunrisers Hyderabad,9.5 crore,9.5
Heinrich Klaasen,Sunrisers Hyderabad,13.0,487.0,282.0,64.0,172.69,42.0,25.0,11.0,2.0,44.27,1.0,1.0,105*,2025,,,,,,,,,,,,,,,,,,,Sunrisers Hyderabad,23 crore,23.0
Hrithik Shokeen,Mumbai Indians,5.0,43.0,48.0,25.0,89.58,5.0,0.0,2.0,1.0,21.50,0.0,0.0,25,2022,Mumbai Indians,5.0,127.0,43.0,51.0,63.5,45.0,69.29,5.29,8.46,15.0,4.0,0.0,2.0,0.0,0.0,0.0,,Mumbai Indians,0.2,0.2
Hrithik Shokeen,Mumbai Indians,8.0,23.0,17.0,6.0,135.29,4.0,0.0,1.0,2.0,23.00,0.0,0.0,18*,2023,Mumbai Indians,8.0,187.0,39.0,80.0,62.33,38.0,62.03,4.75,9.84,19.0,3.0,2.0,3.0,0.0,0.0,0.0,,Mumbai Indians,0.2 crore,0.2
Imran Tahir,Chennai Super Kings,6.0,2.0,2.0,,100.0,0.0,0.0,0.0,1.0,0.0,0.0,0.0,2*,2018,Chennai Super Kings,6.0,188.0,40.0,,31.33,20.66,,,9.09,20.0,,,6.0,0.0,0.0,0.0,0.0,Chennai Super Kings,1 crore,1.0
Imran Tahir,,,,,,,,,,,,,,,2019,Chennai Super Kings,17.0,431.0,149.0,,16.57,14.84,,,6.69,64.0,,,26.0,1.0,2.0,0.0,0.0,Chennai Super Kings,1 crore,1.0
Imran Tahir,Chennai Super Kings,3.0,13.0,10.0,,130.0,2.0,0.0,0.0,1.0,0.0,0.0,0.0,13*,2020,Chennai Super Kings,3.0,76.0,19.0,,76.0,66.0,,,6.9,11.0,,,1.0,0.0,0.0,0.0,0.0,Chennai Super Kings,1 crore,1.0
Ishan Kishan,Mumbai Indians,14.0,418.0,348.0,140.0,120.11,45.0,11.0,13.0,1.0,32.15,3.0,0.0,81*,2022,,,,,,,,,,,,,,,,,,,Mumbai Indians,15.25,15.25
Jagadeesha Suchith,Sunrisers Hyderabad,5.0,2.0,8.0,6.0,25.0,0.0,0.0,2.0,0.0,1.00,0.0,0.0,2,2022,Sunrisers Hyderabad,5.0,140.0,49.0,66.0,20.0,15.42,58.57,6.75,7.77,18.0,7.0,0.0,7.0,0.0,0.0,0.0,,Sunrisers Hyderabad,0.2,0.2
James Neesham,Rajasthan Royals,2.0,31.0,27.0,7.0,114.81,3.0,0.0,2.0,0.0,15.50,0.0,0.0,17,2022,,,,,,,,,,,,,,,,,,,Rajasthan Royals,1.5,1.5
Jamie Overton,Chennai Super Kings,3.0,15.0,7.0,2.0,214.28,1.0,1.0,0.0,2.0,-,0.0,0.0,11*,2025,,,,,,,,,,,,,,,,,,,Chennai Super Kings,1.5 crore,1.5
Jason Holder,Lucknow Super Giants,12.0,58.0,44.0,22.0,131.81,2.0,6.0,6.0,2.0,9.67,0.0,0.0,16,2022,Lucknow Super Giants,12.0,391.0,77.0,189.0,27.92,17.78,59.84,5.08,9.42,41.3,17.0,0.0,14.0,0.0,0.0,0.0,,Lucknow Supergiants,8.75,8.75
Jason Roy,Delhi Capitals,5.0,120.0,94.0,,127.65,9.0,7.0,4.0,1.0,30.0,1.0,0.0,91*,2018,,,,,,,,,,,,,,,,,,,Delhi Daredevils,1.5 crore,1.5
Jason Roy,Kolkata Knight Riders,8.0,285.0,188.0,76.0,151.59,36.0,12.0,8.0,0.0,35.63,2.0,0.0,61,2023,,,,,,,,,,,,,,,,,,,Kolkata Knight Riders,2.8 crore,2.8
Jaydev Unadkat,Mumbai Indians,5.0,59.0,37.0,13.0,159.45,4.0,3.0,3.0,2.0,19.67,0.0,0.0,19*,2022,Mumbai Indians,5.0,190.0,36.0,87.0,31.66,20.0,64.21,4.8,9.5,20.0,3.0,0.0,6.0,0.0,0.0,0.0,,Mumbai Indians,1.3,1.3
Jhye Richardson,Punjab Kings,3.0,15.0,24.0,,62.5,2.0,0.0,2.0,0.0,7.5,0.0,0.0,15,2021,Punjab Kings,3.0,117.0,24.0,,39.0,22.0,,,10.63,11.0,,,3.0,0.0,0.0,0.0,0.0,Punjab Kings,14 crore,14.0
Jhye Richardson,Punjab Kings,3.0,15.0,24.0,,62.5,2.0,0.0,2.0,0.0,7.5,0.0,0.0,15,2021,Punjab Kings,3.0,117.0,24.0,,39.0,22.0,,,10.63,11.0,,,3.0,0.0,0.0,0.0,0.0,Punjab Kings,"14,00,00,000",14.0
Jhye Richardson,Delhi Capitals,1.0,2.0,2.0,1.0,100.0,0.0,0.0,1.0,0.0,2.00,0.0,0.0,2,2024,,,,,,,,,,,,,,,,,,,Delhi Capitals,5 crore,5.0
Jitesh Sharma,Punjab Kings,12.0,234.0,143.0,48.0,163.63,22.0,12.0,8.0,2.0,29.25,0.0,0.0,44,2022,,,,,,,,,,,,,,,,,,,Punjab Kings,0.2 crore,0.2
Jitesh Sharma,Punjab Kings,12.0,234.0,143.0,48.0,163.63,22.0,12.0,8.0,2.0,29.25,0.0,0.0,44,2022,,,,,,,,,,,,,,,,,,,Punjab Kings,0.2,0.2
Jitesh Sharma,Punjab Kings,14.0,309.0,198.0,75.0,156.06,22.0,21.0,13.0,1.0,23.77,0.0,0.0,49*,2023,,,,,,,,,,,,,,,,,,,Punjab Kings,20 crore,20.0
Jitesh Sharma,Punjab Kings,14.0,187.0,142.0,51.0,131.69,9.0,12.0,11.0,1.0,17.00,0.0,0.0,32*,2024,,,,,,,,,,,,,,,,,,,Punjab Kings,2.2 crore,2.2
Jitesh Sharma,Royal Challengers Bengaluru,14.0,237.0,138.0,48.0,171.73,22.0,15.0,6.0,4.0,39.50,1.0,0.0,85*,2025,,,,,,,,,,,,,,,,,,,Royal Challengers Bangalore,11 crore,11.0
Joe Root,Rajasthan Royals,3.0,10.0,15.0,8.0,66.66,1.0,0.0,1.0,0.0,10.00,0.0,0.0,10,2023,,,,,,,,,,,,,,,,,,,Rajasthan Royals,1 crore,1.0
Jofra Archer,Rajasthan Royals,10.0,15.0,21.0,,71.42,2.0,0.0,5.0,3.0,3.0,0.0,0.0,8,2018,Mumbai Indians,10.0,325.0,98.0,,21.66,15.53,,,8.36,39.0,,,15.0,0.0,0.0,0.0,0.0,Rajasthan Royals,7.2 crore,7.2
Jofra Archer,Rajasthan Royals,11.0,67.0,40.0,,167.5,4.0,4.0,2.0,3.0,33.5,0.0,0.0,27*,2019,Mumbai Indians,11.0,291.0,121.0,,26.45,23.45,,,6.76,43.0,,,11.0,2.0,0.0,0.0,0.0,Rajasthan Royals,7.2 crore,7.2
Jofra Archer,Rajasthan Royals,14.0,113.0,63.0,,179.36,5.0,10.0,6.0,4.0,18.83,0.0,0.0,27*,2020,Mumbai Indians,14.0,365.0,175.0,,18.25,16.7,,,6.55,55.0,,,20.0,0.0,0.0,0.0,0.0,Rajasthan Royals,7.2 crore,7.2
Jofra Archer,Mumbai Indians,5.0,4.0,4.0,1.0,100.0,0.0,0.0,0.0,2.0,-,0.0,0.0,3*,2023,Mumbai Indians,5.0,190.0,49.0,80.0,95.0,60.0,70.52,4.28,9.5,20.0,7.0,2.0,2.0,0.0,0.0,0.0,,Mumbai Indians,8 crore,8.0
Jofra Archer,Rajasthan Royals,12.0,63.0,50.0,20.0,126.0,3.0,4.0,6.0,1.0,10.50,0.0,0.0,30,2025,Rajasthan Royals,12.0,431.0,110.0,181.0,39.18,24.81,70.53,4.07,9.47,45.3,17.0,2.0,11.0,1.0,0.0,0.0,,Rajasthan Royals,12.5 crore,12.5
Jonny Bairstow,Punjab Kings,11.0,253.0,175.0,74.0,144.57,34.0,9.0,11.0,0.0,23.00,2.0,0.0,66,2022,,,,,,,,,,,,,,,,,,,Punjab Kings,6.75,6.75
Jos Buttler,Rajasthan Royals,13.0,548.0,353.0,,155.24,52.0,21.0,10.0,3.0,54.8,5.0,0.0,95*,2018,,,,,,,,,,,,,,,,,,,Rajasthan Royals,4.4 crore,4.4
Jos Buttler,Rajasthan Royals,8.0,311.0,205.0,,151.7,38.0,14.0,8.0,0.0,38.87,3.0,0.0,89,2019,,,,,,,,,,,,,,,,,,,Rajasthan Royals,4.4 crore,4.4
Jos Buttler,Rajasthan Royals,7.0,254.0,166.0,,153.01,27.0,13.0,7.0,0.0,36.28,0.0,1.0,124,2021,,,,,,,,,,,,,,,,,,,Rajasthan Royals,4.4 crore,4.4
Jos Buttler,Rajasthan Royals,17.0,863.0,579.0,230.0,149.05,83.0,45.0,15.0,2.0,57.53,4.0,4.0,116,2022,,,,,,,,,,,,,,,,,,,Rajasthan Royals,10 crore,10.0
Jos Buttler,Rajasthan Royals,14.0,392.0,282.0,108.0,139.0,42.0,14.0,14.0,0.0,28.00,4.0,0.0,95,2023,,,,,,,,,,,,,,,,,,,Rajasthan Royals,10 crore,10.0
Jos Buttler,Rajasthan Royals,11.0,359.0,255.0,91.0,140.78,36.0,12.0,9.0,2.0,39.89,0.0,2.0,107*,2024,,,,,,,,,,,,,,,,,,,Rajasthan Royals,10 crore,10.0
Jos Buttler,Gujarat Titans,14.0,538.0,330.0,93.0,163.03,52.0,24.0,9.0,4.0,59.78,5.0,0.0,97*,2025,,,,,,,,,,,,,,,,,,,Gujarat Titans,15.75 crore,15.75
Josh Hazlewood,,,,,,,,,,,,,,,2020,Chennai Super Kings,3.0,64.0,31.0,,64.0,60.0,,,6.4,10.0,,,1.0,0.0,0.0,0.0,0.0,Chennai Super Kings,2 crore,2.0
Josh Hazlewood,Royal Challengers Bangalore,12.0,18.0,26.0,12.0,69.23,1.0,0.0,0.0,5.0,-,0.0,0.0,7*,2022,Royal Challengers Bangalore,12.0,377.0,123.0,166.0,18.85,13.95,65.25,5.26,8.1,46.3,10.0,0.0,20.0,1.0,1.0,0.0,,Royal Challengers Bangalore,7.75 crore,7.75
Josh Hazlewood,Royal Challengers Bangalore,12.0,18.0,26.0,12.0,69.23,1.0,0.0,0.0,5.0,-,0.0,0.0,7*,2022,Royal Challengers Bangalore,12.0,377.0,123.0,166.0,18.85,13.95,65.25,5.26,8.1,46.3,10.0,0.0,20.0,1.0,1.0,0.0,,Royal Challengers Bangalore,7.75,7.75
Josh Hazlewood,Royal Challengers Bangalore,3.0,1.0,2.0,1.0,50.0,0.0,0.0,0.0,1.0,-,0.0,0.0,1*,2023,Royal Challengers Bangalore,3.0,76.0,29.0,28.0,25.33,18.0,73.68,4.5,8.44,9.0,1.0,2.0,3.0,0.0,0.0,0.0,,Royal Challengers Bangalore,7.75 crore,7.75
Josh Hazlewood,,,,,,,,,,,,,,,2025,Royal Challengers Bengaluru,11.0,332.0,113.0,131.0,15.8,11.42,74.09,4.52,8.3,40.0,4.0,0.0,21.0,0.0,1.0,0.0,,Royal Challengers Bangalore,12.5 crore,12.5
Josh Little,,,,,,,,,,,,,,,2024,Gujarat Titans,1.0,45.0,9.0,16.0,11.25,6.0,80.0,3.0,11.25,4.0,1.0,0.0,4.0,0.0,1.0,0.0,,Gujarat Titans,4.4 crore,4.4
Kagiso Rabada,Delhi Capitals,12.0,14.0,15.0,,93.33,0.0,1.0,3.0,1.0,4.66,0.0,0.0,9,2019,Delhi Capitals,12.0,368.0,113.0,,14.72,11.28,,,7.82,47.0,,,25.0,0.0,2.0,0.0,0.0,Delhi Capitals,4.2 crore,4.2
Kagiso Rabada,Delhi Capitals,17.0,56.0,49.0,,114.28,4.0,2.0,4.0,4.0,14.0,0.0,0.0,15*,2020,Delhi Capitals,17.0,548.0,156.0,,18.26,13.13,,,8.34,65.0,,,30.0,1.0,2.0,0.0,0.0,Delhi Capitals,4.2 crore,4.2
Kagiso Rabada,Punjab Kings,13.0,48.0,43.0,22.0,111.62,5.0,2.0,5.0,3.0,9.60,0.0,0.0,25,2022,Punjab Kings,13.0,406.0,133.0,170.0,17.65,12.52,67.48,4.72,8.45,48.0,12.0,3.0,23.0,0.0,2.0,0.0,,Punjab Kings,9.25 crore,9.25
Kagiso Rabada,Punjab Kings,13.0,48.0,43.0,22.0,111.62,5.0,2.0,5.0,3.0,9.60,0.0,0.0,25,2022,Punjab Kings,13.0,406.0,133.0,170.0,17.65,12.52,67.48,4.72,8.45,48.0,12.0,3.0,23.0,0.0,2.0,0.0,,Punjab Kings,9.25,9.25
Kagiso Rabada,,,,,,,,,,,,,,,2023,Punjab Kings,6.0,232.0,62.0,84.0,33.14,19.71,78.44,3.72,10.08,23.0,6.0,3.0,7.0,0.0,0.0,0.0,,Punjab Kings,9.25 crore,9.25
Kagiso Rabada,Punjab Kings,11.0,20.0,14.0,4.0,142.85,0.0,2.0,1.0,2.0,20.00,0.0,0.0,11*,2024,Punjab Kings,11.0,372.0,101.0,161.0,33.81,22.9,69.35,4.42,8.85,42.0,10.0,0.0,11.0,0.0,0.0,0.0,,MI Cape Town,12 crore,12.0
Kagiso Rabada,Gujarat Titans,4.0,9.0,8.0,4.0,112.5,0.0,1.0,1.0,1.0,9.00,0.0,0.0,7*,2025,Gujarat Titans,4.0,162.0,24.0,64.0,81.0,42.0,70.37,3.65,11.57,14.0,4.0,0.0,2.0,0.0,0.0,0.0,,Gujarat Titans,10.75 crore,10.75
Kamlesh Nagarkoti,Kolkata Knight Riders,10.0,22.0,31.0,,70.96,1.0,0.0,3.0,3.0,7.33,0.0,0.0,8*,2020,Kolkata Knight Riders,10.0,231.0,46.0,,46.2,31.2,,,8.88,26.0,,,5.0,0.0,0.0,0.0,0.0,Kolkata Knight Riders,3.2 crore,3.2
Karan Sharma,Lucknow Super Giants,1.0,4.0,4.0,3.0,100.0,1.0,0.0,1.0,0.0,4.00,0.0,0.0,4,2022,,,,,,,,,,,,,,,,,,,Lucknow Supergiants,0.2,0.2
Karan Sharma,Lucknow Super Giants,2.0,12.0,21.0,9.0,57.14,0.0,0.0,2.0,0.0,6.00,0.0,0.0,9,2023,,,,,,,,,,,,,,,,,,,Lucknow Supergiants,50 crore,50.0
Kartik Tyagi,Rajasthan Royals,10.0,4.0,6.0,,66.66,0.0,0.0,1.0,2.0,4.0,0.0,0.0,2*,2020,Rajasthan Royals,10.0,367.0,83.0,,40.77,25.44,,,9.61,38.0,,,9.0,0.0,0.0,0.0,0.0,Rajasthan Royals,1.3 crore,1.3
Kartik Tyagi,Sunrisers Hyderabad,2.0,7.0,6.0,3.0,116.66,1.0,0.0,2.0,0.0,3.50,0.0,0.0,7,2022,Sunrisers Hyderabad,2.0,79.0,20.0,34.0,79.0,48.0,65.82,4.36,9.87,8.0,4.0,2.0,1.0,0.0,0.0,0.0,,Sunrisers Hyderabad,4.0,4.0
Kartik Tyagi,,,,,,,,,,,,,,,2023,Sunrisers Hyderabad,3.0,92.0,10.0,34.0,92.0,37.0,76.08,2.31,14.91,6.1,3.0,4.0,1.0,0.0,0.0,0.0,,Sunrisers Hyderabad,4 crore,4.0
Karun Nair,Rajasthan Royals,3.0,16.0,18.0,5.0,88.88,1.0,0.0,2.0,0.0,8.00,0.0,0.0,13,2022,,,,,,,,,,,,,,,,,,,Rajasthan Royals,1.4,1.4
Kedar Jadhav,Sunrisers Hyderabad,6.0,55.0,52.0,,105.76,2.0,2.0,4.0,1.0,13.75,0.0,0.0,19,2021,,,,,,,,,,,,,,,,,,,Sunrisers Hyderabad,"2,00,00,000",2.0
Keemo Paul,Delhi Capitals,8.0,18.0,24.0,,75.0,1.0,1.0,5.0,1.0,3.6,0.0,0.0,7,2019,Delhi Capitals,8.0,237.0,54.0,,26.33,18.11,,,8.72,27.0,,,9.0,0.0,0.0,0.0,0.0,Delhi Capitals,0.5 crore,0.5
Kieron Pollard,Mumbai Indians,9.0,133.0,100.0,,133.0,10.0,7.0,7.0,1.0,19.0,1.0,0.0,50,2018,,,,,,,,,,,,,,,,,,,Mumbai Indians,5.4 crore,5.4
Kieron Pollard,Mumbai Indians,16.0,279.0,178.0,,156.74,14.0,22.0,8.0,6.0,34.87,1.0,0.0,83,2019,,,,,,,,,,,,,,,,,,,Mumbai Indians,5.40 crore,5.4
Kieron Pollard,Mumbai Indians,16.0,268.0,140.0,,191.42,15.0,22.0,5.0,7.0,53.6,1.0,0.0,60*,2020,Mumbai Indians,16.0,190.0,33.0,,47.5,31.5,,,9.04,21.0,,,4.0,0.0,0.0,0.0,0.0,Mumbai Indians,5.4 crore,5.4
Kieron Pollard,Mumbai Indians,14.0,245.0,165.0,,148.48,16.0,16.0,8.0,5.0,30.62,1.0,0.0,87*,2021,Mumbai Indians,14.0,95.0,26.0,,19.0,15.8,,,7.21,13.0,,,5.0,0.0,0.0,0.0,0.0,Mumbai Indians,5.4 crore,5.4
Kieron Pollard,Mumbai Indians,11.0,144.0,134.0,63.0,107.46,6.0,9.0,10.0,1.0,14.40,0.0,0.0,25,2022,Mumbai Indians,11.0,125.0,21.0,66.0,31.25,21.0,60.8,5.25,8.92,14.0,3.0,0.0,4.0,0.0,0.0,0.0,,Mumbai Indians,6 crore,6.0
Krunal Pandya,Lucknow Super Giants,14.0,183.0,145.0,51.0,126.2,16.0,4.0,9.0,4.0,20.33,0.0,0.0,42,2022,Lucknow Super Giants,14.0,265.0,72.0,160.0,26.5,22.8,45.28,8.76,6.97,38.0,4.0,0.0,10.0,1.0,0.0,0.0,,Lucknow Supergiants,8.25,8.25
Kuldeep Sen,,,,,,,,,,,,,,,2022,Rajasthan Royals,7.0,237.0,59.0,98.0,29.62,18.87,68.35,4.31,9.41,25.1,6.0,0.0,8.0,0.0,1.0,0.0,,Rajasthan Royals,0.2 crore,0.2
Kuldeep Sen,,,,,,,,,,,,,,,2022,Rajasthan Royals,7.0,237.0,59.0,98.0,29.62,18.87,68.35,4.31,9.41,25.1,6.0,0.0,8.0,0.0,1.0,0.0,,Rajasthan Royals,0.2,0.2
Kuldeep Sen,,,,,,,,,,,,,,,2024,Rajasthan Royals,3.0,122.0,24.0,55.0,20.33,12.0,68.85,3.78,10.16,12.0,6.0,1.0,6.0,0.0,0.0,0.0,,Rajasthan Royals,0.2 crore,0.2
Kuldeep Yadav,Delhi Capitals,14.0,48.0,52.0,25.0,92.3,3.0,2.0,1.0,6.0,48.00,0.0,0.0,16*,2022,Delhi Capitals,14.0,419.0,97.0,209.0,19.95,14.19,59.18,5.84,8.43,49.4,8.0,0.0,21.0,0.0,2.0,0.0,,Delhi Capitals,2.0,2.0
Kuldip Yadav,Rajasthan Royals,1.0,0.0,4.0,,0.0,0.0,0.0,0.0,1.0,0.0,0.0,0.0,0*,2021,,,,,,,,,,,,,,,,,,,Rajasthan Royals,"20,00,000",0.2
Kuldip Yadav,,,,,,,,,,,,,,,2023,Rajasthan Royals,2.0,68.0,9.0,33.0,34.0,21.0,52.94,6.0,9.71,7.0,0.0,0.0,2.0,0.0,0.0,0.0,,Rajasthan Royals,0.2 crore,0.2
Kumar Kushagra,Delhi Capitals,4.0,3.0,7.0,5.0,42.85,0.0,0.0,3.0,0.0,1.00,0.0,0.0,2,2024,,,,,,,,,,,,,,,,,,,Delhi Capitals,0.2 crore,0.2
Kyle Jamieson,Royal Challengers Bangalore,9.0,65.0,55.0,,118.18,5.0,3.0,4.0,3.0,16.25,0.0,0.0,16*,2021,Royal Challengers Bangalore,9.0,269.0,70.0,,29.88,18.66,,,9.6,28.0,,,9.0,0.0,0.0,0.0,0.0,Royal Challengers Bangalore,15 crore,15.0
Kyle Jamieson,Royal Challengers Bangalore,9.0,65.0,55.0,,118.18,5.0,3.0,4.0,3.0,16.25,0.0,0.0,16*,2021,Royal Challengers Bangalore,9.0,269.0,70.0,,29.88,18.66,,,9.6,28.0,,,9.0,0.0,0.0,0.0,0.0,Royal Challengers Bangalore,"15,00,00,000",15.0
Kyle Mayers,Lucknow Super Giants,13.0,379.0,263.0,128.0,144.1,38.0,22.0,13.0,0.0,29.15,4.0,0.0,73,2023,,,,,,,,,,,,,,,,,,,Lucknow Supergiants,0.5 crore,0.5
Lalit Yadav,Delhi Capitals,12.0,161.0,146.0,62.0,110.27,11.0,7.0,7.0,1.0,23.00,0.0,0.0,48*,2022,Delhi Capitals,12.0,150.0,38.0,72.0,37.5,27.0,58.66,6.0,8.33,18.0,1.0,1.0,4.0,0.0,0.0,0.0,,Delhi Capitals,0.65,0.65
Liam Livingstone,Rajasthan Royals,4.0,71.0,48.0,,147.91,6.0,5.0,3.0,1.0,23.66,0.0,0.0,44,2019,,,,,,,,,,,,,,,,,,,Rajasthan Royals,0.5 crore,0.5
Liam Livingstone,Rajasthan Royals,5.0,42.0,41.0,,102.43,3.0,1.0,5.0,0.0,8.4,0.0,0.0,25,2021,,,,,,,,,,,,,,,,,,,Rajasthan Royals,"75,00,000",0.75
Liam Livingstone,Punjab Kings,14.0,437.0,240.0,72.0,182.08,29.0,34.0,12.0,2.0,36.42,4.0,0.0,70,2022,Punjab Kings,14.0,202.0,38.0,106.0,33.66,23.0,51.48,6.57,8.78,23.0,6.0,0.0,6.0,0.0,0.0,0.0,,Punjab Kings,11.5 crore,11.5
Liam Livingstone,Punjab Kings,14.0,437.0,240.0,72.0,182.08,29.0,34.0,12.0,2.0,36.42,4.0,0.0,70,2022,Punjab Kings,14.0,202.0,38.0,106.0,33.66,23.0,51.48,6.57,8.78,23.0,6.0,0.0,6.0,0.0,0.0,0.0,,Punjab Kings,11.5,11.5
Liam Livingstone,Punjab Kings,9.0,279.0,171.0,56.0,163.15,20.0,19.0,8.0,1.0,34.88,2.0,0.0,94,2023,Punjab Kings,9.0,94.0,5.0,37.0,47.0,21.0,76.59,2.47,13.42,7.0,0.0,0.0,2.0,0.0,0.0,0.0,,Punjab Kings,11.5 crore,11.5
Liam Livingstone,Punjab Kings,7.0,111.0,78.0,28.0,142.3,8.0,7.0,5.0,2.0,22.20,0.0,0.0,38*,2024,Punjab Kings,7.0,84.0,26.0,49.0,28.0,24.0,50.0,8.0,7.0,12.0,3.0,0.0,3.0,0.0,0.0,0.0,,Punjab Kings,11.5 crore,11.5
Liam Livingstone,Royal Challengers Bengaluru,9.0,87.0,69.0,32.0,126.08,4.0,7.0,6.0,1.0,14.50,1.0,0.0,54,2025,Royal Challengers Bengaluru,9.0,76.0,10.0,44.0,38.0,27.0,47.36,6.75,8.44,9.0,0.0,0.0,2.0,0.0,0.0,0.0,,Royal Challengers Bangalore,8.75 crore,8.75
Liam Plunkett,Delhi Capitals,7.0,1.0,3.0,,33.33,0.0,0.0,1.0,1.0,1.0,0.0,0.0,1*,2018,Delhi Capitals,7.0,225.0,42.0,,56.25,37.5,,,9.0,25.0,,,4.0,0.0,0.0,0.0,0.0,Delhi Daredevils,2 crore,2.0
Litton Das,Kolkata Knight Riders,1.0,4.0,4.0,3.0,100.0,1.0,0.0,1.0,0.0,4.00,0.0,0.0,4,2023,,,,,,,,,,,,,,,,,,,Kolkata Knight Riders,0.5 crore,0.5
Lockie Ferguson,Gujarat Titans,13.0,5.0,4.0,2.0,125.0,1.0,0.0,2.0,1.0,2.50,0.0,0.0,5,2022,Gujarat Titans,13.0,427.0,116.0,182.0,35.58,23.83,68.38,4.53,8.95,47.4,11.0,1.0,12.0,0.0,1.0,0.0,,Gujarat Titans,10.0,10.0
Madhav Tiwari,Delhi Capitals,1.0,3.0,4.0,2.0,75.0,0.0,0.0,1.0,0.0,3.00,0.0,0.0,3,2025,,,,,,,,,,,,,,,,,,,Delhi Capitals,0.4 crore,0.4
Maheesh Theekshana,Chennai Super Kings,9.0,7.0,7.0,5.0,100.0,0.0,1.0,1.0,1.0,7.00,0.0,0.0,7*,2022,Chennai Super Kings,9.0,261.0,68.0,144.0,21.75,17.5,52.87,7.24,7.45,35.0,2.0,0.0,12.0,0.0,1.0,0.0,,Chennai Super Kings,0.7 crore,0.7
Maheesh Theekshana,Chennai Super Kings,9.0,7.0,7.0,5.0,100.0,0.0,1.0,1.0,1.0,7.00,0.0,0.0,7*,2022,Chennai Super Kings,9.0,261.0,68.0,144.0,21.75,17.5,52.87,7.24,7.45,35.0,2.0,0.0,12.0,0.0,1.0,0.0,,Chennai Super Kings,0.7,0.7
Maheesh Theekshana,,,,,,,,,,,,,,,2023,Chennai Super Kings,13.0,392.0,87.0,211.0,35.63,26.72,51.53,6.68,8.0,49.0,4.0,0.0,11.0,1.0,0.0,0.0,,Chennai Super Kings,0.7 crore,0.7
Maheesh Theekshana,,,,,,,,,,,,,,,2024,Chennai Super Kings,5.0,144.0,46.0,75.0,72.0,60.0,51.38,8.0,7.2,20.0,1.0,0.0,2.0,0.0,0.0,0.0,,Chennai Super Kings,0.7 crore,0.7
Maheesh Theekshana,Rajasthan Royals,11.0,10.0,27.0,17.0,37.03,0.0,0.0,2.0,2.0,5.00,0.0,0.0,5,2025,Rajasthan Royals,11.0,410.0,72.0,199.0,37.27,22.9,58.53,4.75,9.76,42.0,17.0,2.0,11.0,0.0,0.0,0.0,,Rajasthan Royals,4.4 crore,4.4
Mahipal Lomror,Royal Challengers Bangalore,7.0,86.0,57.0,16.0,150.87,7.0,4.0,5.0,0.0,17.20,0.0,0.0,42,2022,,,,,,,,,,,,,,,,,,,Royal Challengers Bangalore,0.95,0.95
Manan Vohra,Lucknow Super Giants,2.0,19.0,11.0,5.0,172.72,1.0,2.0,1.0,0.0,19.00,0.0,0.0,19,2022,,,,,,,,,,,,,,,,,,,Lucknow Supergiants,0.2,0.2
Mandeep Singh,Delhi Capitals,3.0,18.0,23.0,17.0,78.26,4.0,0.0,3.0,0.0,6.00,0.0,0.0,18,2022,,,,,,,,,,,,,,,,,,,Delhi Capitals,1.1,1.1
Manish Pandey,Lucknow Super Giants,6.0,88.0,80.0,35.0,110.0,9.0,2.0,6.0,0.0,14.67,0.0,0.0,38,2022,,,,,,,,,,,,,,,,,,,Lucknow Supergiants,4.6,4.6
Marco Jansen,Mumbai Indians,2.0,0.0,3.0,,0.0,0.0,0.0,2.0,0.0,0.0,0.0,0.0,0*,2021,Mumbai Indians,2.0,45.0,14.0,,22.5,18.0,,,7.5,6.0,,,2.0,0.0,0.0,0.0,0.0,Mumbai Indians,0.2 crore,0.2
Marco Jansen,Mumbai Indians,2.0,0.0,3.0,,0.0,0.0,0.0,2.0,0.0,0.0,0.0,0.0,0*,2021,Mumbai Indians,2.0,45.0,14.0,,22.5,18.0,,,7.5,6.0,,,2.0,0.0,0.0,0.0,0.0,Mumbai Indians,"20,00,000",0.2
Marco Jansen,Sunrisers Hyderabad,8.0,9.0,7.0,3.0,128.57,0.0,1.0,1.0,2.0,9.00,0.0,0.0,8*,2022,Sunrisers Hyderabad,8.0,274.0,83.0,118.0,39.14,27.42,65.69,5.05,8.56,32.0,9.0,0.0,7.0,0.0,0.0,0.0,,Sunrisers Hyderabad,4.2 crore,4.2
Marco Jansen,Sunrisers Hyderabad,8.0,9.0,7.0,3.0,128.57,0.0,1.0,1.0,2.0,9.00,0.0,0.0,8*,2022,Sunrisers Hyderabad,8.0,274.0,83.0,118.0,39.14,27.42,65.69,5.05,8.56,32.0,9.0,0.0,7.0,0.0,0.0,0.0,,Sunrisers Hyderabad,4.2,4.2
Marco Jansen,Sunrisers Hyderabad,8.0,39.0,43.0,19.0,90.69,4.0,0.0,3.0,3.0,13.00,0.0,0.0,17*,2023,Sunrisers Hyderabad,8.0,267.0,69.0,108.0,26.7,16.2,71.91,3.85,9.88,27.0,11.0,5.0,10.0,1.0,0.0,0.0,,Sunrisers Hyderabad,0.5 crore,0.5
Marco Jansen,Sunrisers Hyderabad,3.0,18.0,13.0,4.0,138.46,1.0,1.0,1.0,1.0,18.00,0.0,0.0,17,2024,Sunrisers Hyderabad,3.0,129.0,20.0,48.0,129.0,60.0,74.41,2.85,12.9,10.0,6.0,2.0,1.0,0.0,0.0,0.0,,Sunrisers Eastern Cape,2.5 crore,2.5
Marco Jansen,Punjab Kings,14.0,75.0,63.0,21.0,119.04,3.0,4.0,4.0,4.0,18.75,0.0,0.0,34*,2025,Punjab Kings,14.0,434.0,116.0,183.0,27.12,17.68,68.2,4.49,9.2,47.1,15.0,2.0,16.0,0.0,0.0,0.0,,Punjab Kings,7 crore,7.0
Marcus Stoinis,Punjab Kings,7.0,99.0,76.0,,130.26,6.0,4.0,4.0,3.0,24.75,0.0,0.0,29*,2018,Punjab Kings,7.0,120.0,15.0,,40.0,22.0,,,10.9,11.0,,,3.0,0.0,0.0,0.0,0.0,Punjab Kings,6.2 crore,6.2
Marcus Stoinis,Royal Challengers Bangalore,10.0,211.0,156.0,,135.25,14.0,10.0,4.0,6.0,52.75,0.0,0.0,46*,2019,Royal Challengers Bangalore,10.0,145.0,32.0,,72.5,50.0,,,8.7,16.0,,,2.0,0.0,0.0,0.0,0.0,Royal Challengers Bangalore,6.2 crore,6.2
Marcus Stoinis,Delhi Capitals,17.0,352.0,237.0,,148.52,31.0,16.0,14.0,3.0,25.14,3.0,0.0,65,2020,Delhi Capitals,17.0,283.0,50.0,,21.76,13.69,,,9.53,29.0,,,13.0,0.0,0.0,0.0,0.0,Delhi Capitals,4.8 crore,4.8
Marcus Stoinis,Delhi Capitals,10.0,89.0,72.0,,123.61,11.0,1.0,4.0,3.0,22.25,0.0,0.0,27*,2021,Delhi Capitals,10.0,117.0,17.0,,58.5,33.5,,,10.47,11.0,,,2.0,0.0,0.0,0.0,0.0,Delhi Capitals,4.8 crore,4.8
Marcus Stoinis,Lucknow Super Giants,11.0,156.0,106.0,39.0,147.16,7.0,13.0,8.0,2.0,19.50,0.0,0.0,38*,2022,Lucknow Super Giants,11.0,79.0,13.0,31.0,19.75,10.5,68.35,3.81,11.28,7.0,2.0,0.0,4.0,0.0,0.0,0.0,,Lucknow Supergiants,9.2 crore,9.2
Marcus Stoinis,Lucknow Super Giants,15.0,408.0,272.0,98.0,150.0,28.0,27.0,13.0,2.0,31.38,3.0,0.0,89*,2023,Lucknow Super Giants,15.0,100.0,23.0,46.0,20.0,13.0,62.0,5.0,9.23,10.5,4.0,0.0,5.0,0.0,0.0,0.0,,Lucknow Supergiants,9.2 crore,9.2
Marcus Stoinis,Lucknow Super Giants,14.0,388.0,263.0,91.0,147.52,39.0,16.0,12.0,2.0,32.33,2.0,1.0,124*,2024,Lucknow Super Giants,14.0,126.0,33.0,54.0,31.5,21.0,61.9,5.25,9.0,14.0,3.0,0.0,4.0,0.0,0.0,0.0,,Lucknow Supergiants,9.2 crore,9.2
Marcus Stoinis,Punjab Kings,12.0,154.0,84.0,30.0,183.33,8.0,14.0,5.0,5.0,30.80,0.0,0.0,44*,2025,Punjab Kings,12.0,175.0,22.0,69.0,175.0,85.0,69.71,3.54,12.35,14.1,5.0,1.0,1.0,0.0,0.0,0.0,,Punjab Kings,11 crore,11.0
Matheesha Pathirana,,,,,,,,,,,,,,,2023,Chennai Super Kings,12.0,371.0,104.0,206.0,19.52,14.63,47.97,6.95,8.0,46.2,31.0,1.0,19.0,0.0,0.0,0.0,,Chennai Super Kings,0.2 crore,0.2
Matheesha Pathirana,,,,,,,,,,,,,,,2024,Chennai Super Kings,6.0,169.0,54.0,91.0,13.0,10.15,50.88,6.94,7.68,22.0,13.0,0.0,13.0,0.0,1.0,0.0,,Chennai Super Kings,0.2 crore,0.2
Matheesha Pathirana,,,,,,,,,,,,,,,2025,Chennai Super Kings,12.0,424.0,82.0,202.0,32.61,19.3,58.96,5.02,10.13,41.5,32.0,1.0,13.0,0.0,0.0,0.0,,Chennai Super Kings,13 crore,13.0
Matthew Short,Punjab Kings,6.0,117.0,92.0,45.0,127.17,15.0,4.0,6.0,0.0,19.50,0.0,0.0,36,2023,,,,,,,,,,,,,,,,,,,Punjab Kings,0 crore,0.0
Matthew Wade,Gujarat Titans,10.0,157.0,138.0,68.0,113.76,23.0,2.0,10.0,0.0,15.70,0.0,0.0,35,2022,,,,,,,,,,,,,,,,,,,Gujarat Titans,2.4,2.4
Mayank Markande,,,,,,,,,,,,,,,2022,Mumbai Indians,2.0,57.0,11.0,31.0,57.0,42.0,56.14,6.0,8.14,7.0,0.0,0.0,1.0,0.0,0.0,0.0,,Mumbai Indians,0.65,0.65
Mayank Yadav,,,,,,,,,,,,,,,2024,Lucknow Super Giants,4.0,85.0,42.0,34.0,12.14,10.42,72.94,5.21,6.98,12.1,2.0,1.0,7.0,0.0,0.0,0.0,,Lucknow Supergiants,0.2 crore,0.2
Mayank Yadav,,,,,,,,,,,,,,,2025,Lucknow Super Giants,2.0,100.0,18.0,35.0,50.0,24.0,78.0,3.2,12.5,8.0,5.0,0.0,2.0,0.0,0.0,0.0,,Lucknow Supergiants,11 crore,11.0
Michael Bracewell,Royal Challengers Bangalore,5.0,58.0,47.0,15.0,123.4,6.0,1.0,2.0,2.0,29.00,0.0,0.0,26,2023,Royal Challengers Bangalore,5.0,95.0,26.0,40.0,15.83,11.0,67.36,5.07,8.63,11.0,0.0,0.0,6.0,0.0,0.0,0.0,,Royal Challengers Bangalore,1 crore,1.0
Mitchell Marsh,Delhi Capitals,8.0,251.0,189.0,74.0,132.8,19.0,14.0,8.0,0.0,31.38,2.0,0.0,89,2022,Delhi Capitals,8.0,102.0,25.0,51.0,25.5,18.0,56.86,5.14,8.5,12.0,4.0,0.0,4.0,0.0,0.0,0.0,,Delhi Capitals,6.5,6.5
Mitchell Santner,Chennai Super Kings,6.0,22.0,27.0,16.0,81.48,3.0,0.0,2.0,2.0,11.00,0.0,0.0,11,2022,Chennai Super Kings,6.0,130.0,43.0,71.0,32.5,28.5,52.3,7.6,6.84,19.0,0.0,0.0,4.0,0.0,0.0,0.0,,Chennai Super Kings,1.9,1.9
Moeen Ali,Royal Challengers Bangalore,5.0,77.0,46.0,,167.39,4.0,6.0,4.0,0.0,19.25,1.0,0.0,65,2018,Royal Challengers Bangalore,5.0,97.0,27.0,,32.33,26.33,,,7.36,13.0,,,3.0,0.0,0.0,0.0,0.0,Royal Challengers Bangalore,1.7 crore,1.7
Moeen Ali,Royal Challengers Bangalore,11.0,220.0,133.0,,165.41,16.0,17.0,8.0,2.0,27.5,2.0,0.0,66,2019,Royal Challengers Bangalore,11.0,169.0,63.0,,28.16,25.0,,,6.76,25.0,,,6.0,0.0,0.0,0.0,0.0,Royal Challengers Bangalore,1.7 crore,1.7
Moeen Ali,Royal Challengers Bangalore,3.0,12.0,16.0,,75.0,1.0,0.0,3.0,0.0,4.0,0.0,0.0,11,2020,Royal Challengers Bangalore,3.0,42.0,8.0,,42.0,30.0,,,8.4,5.0,,,1.0,0.0,0.0,0.0,0.0,Royal Challengers Bangalore,1.7 crore,1.7
Moeen Ali,Chennai Super Kings,15.0,357.0,260.0,,137.3,31.0,19.0,14.0,1.0,25.5,1.0,0.0,58,2021,Chennai Super Kings,15.0,161.0,50.0,,26.83,25.33,,,6.35,25.0,,,6.0,0.0,0.0,0.0,0.0,Chennai Super Kings,7 crore,7.0
Moeen Ali,Chennai Super Kings,15.0,357.0,260.0,,137.3,31.0,19.0,14.0,1.0,25.5,1.0,0.0,58,2021,Chennai Super Kings,15.0,161.0,50.0,,26.83,25.33,,,6.35,25.0,,,6.0,0.0,0.0,0.0,0.0,Chennai Super Kings,"7,00,00,000",7.0
Moeen Ali,Chennai Super Kings,10.0,244.0,177.0,69.0,137.85,24.0,11.0,10.0,0.0,24.40,1.0,0.0,93,2022,Chennai Super Kings,10.0,158.0,56.0,90.0,19.75,17.87,51.89,8.93,6.62,23.5,3.0,0.0,8.0,0.0,0.0,0.0,,Chennai Super Kings,8 crore,8.0
Moeen Ali,Chennai Super Kings,15.0,124.0,91.0,37.0,136.26,12.0,6.0,7.0,3.0,17.71,0.0,0.0,23,2023,Chennai Super Kings,15.0,195.0,57.0,100.0,21.66,17.33,53.33,7.8,7.5,26.0,1.0,0.0,9.0,0.0,1.0,0.0,,Chennai Super Kings,8 crore,8.0
Moeen Ali,Chennai Super Kings,8.0,128.0,98.0,34.0,130.61,7.0,8.0,5.0,0.0,25.60,1.0,0.0,56,2024,Chennai Super Kings,8.0,71.0,12.0,37.0,35.5,24.0,45.07,8.0,8.87,8.0,1.0,0.0,2.0,0.0,0.0,0.0,,Chennai Super Kings,8 crore,8.0
Moeen Ali,Kolkata Knight Riders,6.0,5.0,14.0,9.0,35.71,0.0,0.0,2.0,0.0,2.50,0.0,0.0,5,2025,Kolkata Knight Riders,6.0,136.0,29.0,70.0,22.66,16.0,54.41,6.85,8.5,16.0,3.0,0.0,6.0,1.0,0.0,0.0,,Kolkata Knight Riders,2 crore,2.0
Mohammad Shami,,,,,,,,,,,,,,,2022,Gujarat Titans,16.0,488.0,172.0,206.0,24.4,18.3,65.98,5.08,8.0,61.0,12.0,0.0,20.0,0.0,0.0,0.0,,Gujarat Titans,6.25,6.25
Mohit Rathee,Punjab Kings,1.0,1.0,2.0,1.0,50.0,0.0,0.0,0.0,1.0,-,0.0,0.0,1*,2023,,,,,,,,,,,,,,,,,,,Punjab Kings,0.2 crore,0.2
Mohsin Khan,Lucknow Super Giants,9.0,23.0,16.0,5.0,143.75,2.0,1.0,1.0,2.0,23.00,0.0,0.0,13*,2022,Lucknow Super Giants,9.0,197.0,107.0,99.0,14.07,14.14,55.83,7.92,5.96,33.0,8.0,0.0,14.0,2.0,1.0,0.0,,Lucknow Supergiants,0.2,0.2
Moises Henriques,Punjab Kings,5.0,31.0,32.0,,96.87,0.0,1.0,2.0,2.0,15.5,0.0,0.0,14,2021,Punjab Kings,5.0,45.0,31.0,,11.25,15.0,,,4.5,10.0,,,4.0,0.0,0.0,0.0,0.0,Punjab Kings,"4,20,00,000",4.2
Mukesh Choudhary,Chennai Super Kings,13.0,6.0,6.0,3.0,100.0,1.0,0.0,1.0,1.0,6.00,0.0,0.0,4,2022,Chennai Super Kings,13.0,424.0,119.0,172.0,26.5,17.06,68.39,4.26,9.31,45.3,18.0,0.0,16.0,0.0,1.0,0.0,,Chennai Super Kings,0.2 crore,0.2
Mukesh Choudhary,Chennai Super Kings,13.0,6.0,6.0,3.0,100.0,1.0,0.0,1.0,1.0,6.00,0.0,0.0,4,2022,Chennai Super Kings,13.0,424.0,119.0,172.0,26.5,17.06,68.39,4.26,9.31,45.3,18.0,0.0,16.0,0.0,1.0,0.0,,Chennai Super Kings,0.2,0.2
Mukesh Choudhary,,,,,,,,,,,,,,,2025,Chennai Super Kings,2.0,71.0,11.0,25.0,71.0,36.0,81.69,2.76,11.83,6.0,0.0,0.0,1.0,0.0,0.0,0.0,,Chennai Super Kings,0.3 crore,0.3
Mukesh Kumar,Delhi Capitals,10.0,7.0,9.0,2.0,77.77,0.0,0.0,0.0,3.0,-,0.0,0.0,6*,2023,Delhi Capitals,10.0,326.0,65.0,132.0,46.57,26.57,70.55,3.87,10.51,31.0,10.0,1.0,7.0,0.0,0.0,0.0,,Delhi Capitals,5.5 crore,5.5
Mukesh Kumar,Delhi Capitals,10.0,3.0,9.0,6.0,33.33,0.0,0.0,1.0,1.0,3.00,0.0,0.0,3,2024,Delhi Capitals,10.0,368.0,72.0,151.0,21.64,12.52,73.36,3.49,10.36,35.3,7.0,3.0,17.0,0.0,0.0,0.0,,Delhi Capitals,5.50 crore,5.5
Mukesh Kumar,,,,,,,,,,,,,,,2025,Delhi Capitals,12.0,408.0,82.0,173.0,34.0,19.75,68.13,4.01,10.32,39.3,16.0,2.0,12.0,1.0,1.0,0.0,,Delhi Capitals,8 crore,8.0
Murugan Ashwin,Mumbai Indians,8.0,12.0,14.0,10.0,85.71,1.0,1.0,3.0,2.0,4.00,0.0,0.0,6,2022,Mumbai Indians,8.0,228.0,69.0,110.0,25.33,19.33,60.52,6.21,7.86,29.0,5.0,0.0,9.0,0.0,0.0,0.0,,Mumbai Indians,1.6,1.6
Mustafizur Rahman,Rajasthan Royals,14.0,8.0,14.0,,57.14,0.0,1.0,0.0,5.0,0.0,0.0,0.0,8*,2021,Rajasthan Royals,14.0,436.0,113.0,,31.14,22.21,,,8.41,52.0,,,14.0,0.0,0.0,0.0,0.0,Rajasthan Royals,"1,00,00,000",1.0
Mustafizur Rahman,Delhi Capitals,8.0,3.0,5.0,2.0,60.0,0.0,0.0,0.0,1.0,-,0.0,0.0,3*,2022,Delhi Capitals,8.0,244.0,76.0,123.0,30.5,24.0,55.73,6.19,7.62,32.0,7.0,0.0,8.0,0.0,0.0,0.0,,Delhi Capitals,2.0,2.0
Naman Dhir,Mumbai Indians,7.0,140.0,79.0,30.0,177.21,12.0,10.0,6.0,1.0,23.33,1.0,0.0,62*,2024,,,,,,,,,,,,,,,,,,,Mumbai Indians,0.3 crore,0.3
Naman Dhir,Mumbai Indians,16.0,252.0,138.0,35.0,182.6,24.0,13.0,8.0,4.0,31.50,0.0,0.0,46,2025,,,,,,,,,,,,,,,,,,,Mumbai Indians,5.25 crore,5.25
Naman Ojha,Delhi Capitals,1.0,1.0,4.0,,25.0,0.0,0.0,1.0,0.0,1.0,0.0,0.0,1,2018,,,,,,,,,,,,,,,,,,,Delhi Daredevils,1.4 crore,1.4
Nandre Burger,,,,,,,,,,,,,,,2024,Rajasthan Royals,6.0,145.0,50.0,55.0,20.71,14.57,78.62,4.08,8.52,17.0,3.0,0.0,7.0,0.0,0.0,0.0,,Rajasthan Royals,0.5 crore,0.5
Nathan Coulter-Nile,Mumbai Indians,5.0,4.0,5.0,,80.0,0.0,0.0,2.0,0.0,2.0,0.0,0.0,3,2021,Mumbai Indians,5.0,127.0,53.0,,18.14,17.14,,,6.35,20.0,,,7.0,0.0,1.0,0.0,0.0,Mumbai Indians,"5,00,00,000",5.0
Nathan Coulter-Nile,Rajasthan Royals,1.0,1.0,2.0,1.0,50.0,0.0,0.0,0.0,1.0,-,0.0,0.0,1*,2022,,,,,,,,,,,,,,,,,,,Rajasthan Royals,2.0,2.0
Nathan Ellis,,,,,,,,,,,,,,,2022,Punjab Kings,2.0,55.0,16.0,24.0,18.33,12.0,69.09,4.5,9.16,6.0,3.0,1.0,3.0,0.0,0.0,0.0,,Punjab Kings,0.75,0.75
Nathan Ellis,Punjab Kings,10.0,1.0,7.0,6.0,14.28,0.0,0.0,2.0,0.0,0.50,0.0,0.0,1,2023,Punjab Kings,10.0,339.0,68.0,165.0,26.07,17.53,56.04,5.56,8.92,38.0,3.0,2.0,13.0,0.0,1.0,0.0,,Punjab Kings,0.75 crore,0.75
Nathan Ellis,,,,,,,,,,,,,,,2024,Punjab Kings,1.0,24.0,10.0,14.0,24.0,24.0,50.0,8.0,6.0,4.0,0.0,0.0,1.0,0.0,0.0,0.0,,Punjab Kings,0.75 crore,0.75
Nathan Ellis,,,,,,,,,,,,,,,2025,Chennai Super Kings,1.0,38.0,6.0,19.0,38.0,24.0,47.36,6.0,9.5,4.0,1.0,0.0,1.0,0.0,0.0,0.0,,Chennai Super Kings,2 crore,2.0
Navdeep Saini,Rajasthan Royals,2.0,2.0,2.0,1.0,100.0,0.0,0.0,1.0,0.0,2.00,0.0,0.0,2,2022,Rajasthan Royals,2.0,72.0,10.0,29.0,24.0,12.0,69.44,3.27,12.0,6.0,2.0,1.0,3.0,0.0,0.0,0.0,,Rajasthan Royals,2.6,2.6
Nehal Wadhera,Mumbai Indians,6.0,109.0,84.0,34.0,129.76,9.0,6.0,6.0,0.0,18.17,0.0,0.0,49,2024,,,,,,,,,,,,,,,,,,,Mumbai Indians,0.2 crore,0.2
Nehal Wadhera,Punjab Kings,15.0,354.0,235.0,81.0,150.63,28.0,20.0,11.0,3.0,32.18,2.0,0.0,70,2025,,,,,,,,,,,,,,,,,,,Punjab Kings,4.2 crore,4.2
Nicholas Pooran,Punjab Kings,7.0,168.0,107.0,,157.0,10.0,14.0,6.0,0.0,28.0,0.0,0.0,48,2019,,,,,,,,,,,,,,,,,,,Punjab Kings,4.2 crore,4.2
Nicholas Pooran,Punjab Kings,14.0,353.0,208.0,,169.71,23.0,25.0,10.0,4.0,35.3,2.0,0.0,77,2020,,,,,,,,,,,,,,,,,,,Punjab Kings,4.2 crore,4.2
Nicholas Pooran,Punjab Kings,12.0,85.0,76.0,,111.84,3.0,5.0,11.0,0.0,7.72,0.0,0.0,32,2021,,,,,,,,,,,,,,,,,,,Punjab Kings,4.2 crore,4.2
Nicholas Pooran,Sunrisers Hyderabad,14.0,306.0,212.0,72.0,144.33,16.0,21.0,8.0,5.0,38.25,2.0,0.0,64*,2022,,,,,,,,,,,,,,,,,,,Sunrisers Hyderabad,10.75 crore,10.75
Nicholas Pooran,Sunrisers Hyderabad,14.0,306.0,212.0,72.0,144.33,16.0,21.0,8.0,5.0,38.25,2.0,0.0,64*,2022,,,,,,,,,,,,,,,,,,,Sunrisers Hyderabad,10.75,10.75
Nicholas Pooran,Lucknow Super Giants,15.0,358.0,207.0,68.0,172.94,26.0,26.0,12.0,3.0,29.83,2.0,0.0,62,2023,,,,,,,,,,,,,,,,,,,Lucknow Supergiants,16 crore,16.0
Nicholas Pooran,Lucknow Super Giants,14.0,499.0,280.0,82.0,178.21,35.0,36.0,8.0,6.0,62.38,3.0,0.0,75,2024,,,,,,,,,,,,,,,,,,,Durban's Super Giants,16 crore,16.0
Nicholas Pooran,Lucknow Super Giants,14.0,524.0,267.0,88.0,196.25,45.0,40.0,12.0,2.0,43.67,5.0,0.0,87*,2025,,,,,,,,,,,,,,,,,,,Lucknow Supergiants,21 crore,21.0
Nitish Kumar Reddy,Sunrisers Hyderabad,13.0,303.0,212.0,73.0,142.92,15.0,21.0,9.0,2.0,33.67,2.0,0.0,76*,2024,Sunrisers Hyderabad,13.0,153.0,20.0,67.0,51.0,26.33,66.66,3.76,11.62,13.1,7.0,1.0,3.0,0.0,0.0,0.0,,Sunrisers Hyderabad,3 crore,3.0
Nitish Kumar Reddy,Sunrisers Hyderabad,13.0,182.0,153.0,51.0,118.95,16.0,4.0,8.0,3.0,22.75,0.0,0.0,32,2025,Sunrisers Hyderabad,13.0,47.0,9.0,25.0,23.5,15.0,55.31,6.0,9.4,5.0,4.0,0.0,2.0,0.0,0.0,0.0,,Sunrisers Hyderabad,6 crore,6.0
Nitish Rana,Kolkata Knight Riders,14.0,361.0,251.0,101.0,143.82,29.0,22.0,13.0,1.0,27.77,2.0,0.0,57,2022,,,,,,,,,,,,,,,,,,,Kolkata Knight Riders,8.0,8.0
Noor Ahmad,Gujarat Titans,13.0,8.0,9.0,4.0,88.88,1.0,0.0,2.0,1.0,4.00,0.0,0.0,7*,2023,Gujarat Titans,13.0,369.0,103.0,196.0,23.06,17.68,52.57,6.73,7.82,47.1,15.0,1.0,16.0,0.0,0.0,0.0,,Gujarat Titans,0.3 crore,0.3
Noor Ahmad,Gujarat Titans,10.0,5.0,9.0,7.0,55.55,1.0,0.0,2.0,2.0,2.50,0.0,0.0,4,2024,Gujarat Titans,10.0,290.0,75.0,139.0,36.25,26.12,59.31,5.8,8.32,34.5,5.0,0.0,8.0,0.0,0.0,0.0,,Durban's Super Giants,3 crore,3.0
Noor Ahmad,Chennai Super Kings,14.0,7.0,17.0,12.0,41.17,0.0,0.0,4.0,2.0,1.75,0.0,0.0,2*,2025,Chennai Super Kings,14.0,408.0,107.0,207.0,17.0,12.5,56.86,6.12,8.16,50.0,11.0,3.0,24.0,0.0,2.0,0.0,,Chennai Super Kings,10 crore,10.0
Nuwan Thushara,,,,,,,,,,,,,,,2024,Mumbai Indians,7.0,257.0,51.0,121.0,32.12,19.5,62.25,4.45,9.88,26.0,14.0,2.0,8.0,0.0,0.0,0.0,,Mumbai Indians,4.8 crore,4.8
Odean Smith,Punjab Kings,6.0,51.0,44.0,23.0,115.9,1.0,5.0,3.0,3.0,17.00,0.0,0.0,25*,2022,Punjab Kings,6.0,178.0,36.0,59.0,29.66,15.0,80.89,3.21,11.86,15.0,4.0,1.0,6.0,0.0,1.0,0.0,,Punjab Kings,6 crore,6.0
Odean Smith,Punjab Kings,6.0,51.0,44.0,23.0,115.9,1.0,5.0,3.0,3.0,17.00,0.0,0.0,25*,2022,Punjab Kings,6.0,178.0,36.0,59.0,29.66,15.0,80.89,3.21,11.86,15.0,4.0,1.0,6.0,0.0,1.0,0.0,,Punjab Kings,6.0,6.0
Pat Cummins,Kolkata Knight Riders,14.0,146.0,114.0,,128.07,9.0,8.0,7.0,4.0,20.85,1.0,0.0,53*,2020,Kolkata Knight Riders,14.0,409.0,140.0,,34.08,26.0,,,7.86,52.0,,,12.0,0.0,1.0,0.0,0.0,Rajasthan Royals,0.2 crore,0.2
Pat Cummins,Kolkata Knight Riders,5.0,63.0,24.0,8.0,262.5,5.0,6.0,4.0,1.0,15.75,1.0,0.0,56*,2022,Kolkata Knight Riders,5.0,212.0,37.0,90.0,30.28,17.0,68.86,3.83,10.68,19.5,8.0,0.0,7.0,0.0,0.0,0.0,,Kolkata Knight Riders,7.25,7.25
Phil Salt,Delhi Capitals,9.0,218.0,133.0,44.0,163.9,24.0,10.0,8.0,1.0,27.25,2.0,0.0,87,2023,,,,,,,,,,,,,,,,,,,Delhi Capitals,2 crore,2.0
Phil Salt,Kolkata Knight Riders,12.0,435.0,239.0,87.0,182.0,50.0,24.0,11.0,1.0,39.55,4.0,0.0,89*,2024,,,,,,,,,,,,,,,,,,,Kolkata Knight Riders,1.5 crore,1.5
Phil Salt,Royal Challengers Bengaluru,12.0,387.0,220.0,84.0,175.9,46.0,21.0,11.0,1.0,35.18,4.0,0.0,65,2025,,,,,,,,,,,,,,,,,,,Royal Challengers Bangalore,11.5 crore,11.5
Piyush Chawla,Mumbai Indians,1.0,0.0,2.0,,0.0,0.0,0.0,1.0,0.0,0.0,0.0,0.0,0*,2021,Mumbai Indians,1.0,38.0,3.0,,38.0,24.0,,,9.5,4.0,,,1.0,0.0,0.0,0.0,0.0,Mumbai Indians,"2,40,00,000",2.4
Pradeep Sangwan,Gujarat Titans,3.0,2.0,5.0,3.0,40.0,0.0,0.0,1.0,0.0,2.00,0.0,0.0,2,2022,Gujarat Titans,3.0,65.0,22.0,34.0,21.66,18.0,55.38,6.0,7.22,9.0,2.0,0.0,3.0,0.0,0.0,0.0,,Gujarat Titans,0.2,0.2
Prashant Solanki,,,,,,,,,,,,,,,2022,Chennai Super Kings,2.0,38.0,12.0,24.0,19.0,18.0,42.1,12.0,6.33,6.0,0.0,0.0,2.0,0.0,0.0,0.0,,Chennai Super Kings,1.2,1.2
Prasidh Krishna,Rajasthan Royals,17.0,6.0,12.0,6.0,50.0,0.0,0.0,1.0,2.0,6.00,0.0,0.0,4*,2022,Rajasthan Royals,17.0,551.0,200.0,232.0,29.0,21.0,71.14,4.48,8.28,66.3,30.0,3.0,19.0,3.0,0.0,0.0,,Rajasthan Royals,10.0,10.0
Prerak Mankad,Punjab Kings,1.0,4.0,1.0,0.0,400.0,1.0,0.0,0.0,1.0,-,0.0,0.0,4*,2022,,,,,,,,,,,,,,,,,,,Punjab Kings,0.2,0.2
Prerak Mankad,Lucknow Super Giants,5.0,93.0,72.0,30.0,129.16,12.0,2.0,3.0,2.0,31.00,1.0,0.0,64*,2023,,,,,,,,,,,,,,,,,,,Lucknow Supergiants,0.2 crore,0.2
Priyam Garg,Sunrisers Hyderabad,14.0,133.0,111.0,,119.81,9.0,4.0,9.0,1.0,14.77,1.0,0.0,51*,2020,,,,,,,,,,,,,,,,,,,Sunrisers Hyderabad,1.9 crore,1.9
Priyam Garg,Sunrisers Hyderabad,2.0,46.0,33.0,12.0,139.39,4.0,2.0,2.0,0.0,23.00,0.0,0.0,42,2022,,,,,,,,,,,,,,,,,,,Sunrisers Hyderabad,0.2,0.2
Priyam Garg,Delhi Capitals,2.0,22.0,23.0,9.0,95.65,1.0,0.0,2.0,0.0,11.00,0.0,0.0,12,2023,,,,,,,,,,,,,,,,,,,Delhi Capitals,0.2 crore,0.2
Quinton De Kock,Lucknow Super Giants,15.0,508.0,341.0,115.0,148.97,47.0,23.0,14.0,1.0,36.29,3.0,1.0,140*,2022,,,,,,,,,,,,,,,,,,,Lucknow Supergiants,6.75,6.75
Quinton de Kock,Royal Challengers Bangalore,8.0,201.0,162.0,,124.07,20.0,8.0,8.0,0.0,25.12,1.0,0.0,53,2018,,,,,,,,,,,,,,,,,,,Royal Challengers Bangalore,2.8 crore,2.8
Quinton de Kock,Mumbai Indians,16.0,529.0,398.0,,132.91,45.0,25.0,15.0,1.0,35.26,4.0,0.0,81,2019,,,,,,,,,,,,,,,,,,,Mumbai Indians,2.8 crore,2.8
Quinton de Kock,Mumbai Indians,16.0,503.0,358.0,,140.5,46.0,22.0,14.0,2.0,35.92,4.0,0.0,78*,2020,,,,,,,,,,,,,,,,,,,Mumbai Indians,2.8 crore,2.8
Rachin Ravindra,Chennai Super Kings,10.0,222.0,138.0,48.0,160.86,22.0,12.0,10.0,0.0,22.20,1.0,0.0,61,2024,,,,,,,,,,,,,,,,,,,Chennai Super Kings,1.8 crore,1.8
Rachin Ravindra,Chennai Super Kings,8.0,191.0,149.0,48.0,128.18,18.0,4.0,7.0,1.0,27.29,1.0,0.0,65*,2025,,,,,,,,,,,,,,,,,,,Chennai Super Kings,4 crore,4.0
Rahmanullah Gurbaz,Kolkata Knight Riders,11.0,227.0,170.0,81.0,133.52,17.0,15.0,11.0,0.0,20.64,2.0,0.0,81,2023,,,,,,,,,,,,,,,,,,,Kolkata Knight Riders,1.5 crore,1.5
Rahmanullah Gurbaz,Kolkata Knight Riders,3.0,62.0,46.0,26.0,134.78,7.0,4.0,2.0,0.0,31.00,0.0,0.0,39,2024,,,,,,,,,,,,,,,,,,,Kolkata Knight Riders,1.5 crore,1.5
Rahmanullah Gurbaz,Kolkata Knight Riders,5.0,74.0,53.0,25.0,139.62,10.0,3.0,4.0,1.0,18.50,0.0,0.0,35,2025,,,,,,,,,,,,,,,,,,,Kolkata Knight Riders,2 crore,2.0
Rahul Chahar,Punjab Kings,13.0,77.0,68.0,35.0,113.23,7.0,4.0,6.0,2.0,12.83,0.0,0.0,25*,2022,Punjab Kings,13.0,360.0,99.0,191.0,25.71,20.0,50.0,7.36,7.71,46.4,10.0,0.0,14.0,1.0,0.0,0.0,,Punjab Kings,5.25,5.25
Rahul Tewatia,Gujarat Titans,16.0,217.0,147.0,49.0,147.61,22.0,9.0,7.0,5.0,31.00,0.0,0.0,43*,2022,,,,,,,,,,,,,,,,,,,Gujarat Titans,9.0,9.0
Rahul Tripathi,Sunrisers Hyderabad,14.0,413.0,261.0,85.0,158.23,40.0,20.0,11.0,3.0,37.55,3.0,0.0,76,2022,,,,,,,,,,,,,,,,,,,Sunrisers Hyderabad,8.5,8.5
Rajat Patidar,Royal Challengers Bangalore,4.0,71.0,62.0,,114.51,3.0,3.0,4.0,0.0,17.75,0.0,0.0,31,2021,,,,,,,,,,,,,,,,,,,Royal Challengers Bangalore,0.2 crore,0.2
Rajat Patidar,Royal Challengers Bangalore,4.0,71.0,62.0,,114.51,3.0,3.0,4.0,0.0,17.75,0.0,0.0,31,2021,,,,,,,,,,,,,,,,,,,Royal Challengers Bangalore,"20,00,000",0.2
Rajat Patidar,Royal Challengers Bengaluru,15.0,395.0,223.0,69.0,177.13,21.0,33.0,13.0,0.0,30.38,5.0,0.0,55,2024,,,,,,,,,,,,,,,,,,,Royal Challengers Bangalore,0.2 crore,0.2
Rajat Patidar,Royal Challengers Bengaluru,14.0,286.0,201.0,60.0,142.28,24.0,12.0,12.0,1.0,23.83,2.0,0.0,64,2025,,,,,,,,,,,,,,,,,,,Royal Challengers Bangalore,11 crore,11.0
Rajvardhan Hangargekar,,,,,,,,,,,,,,,2023,Chennai Super Kings,2.0,60.0,14.0,29.0,20.0,12.0,60.0,4.5,10.0,6.0,6.0,1.0,3.0,0.0,0.0,0.0,,Chennai Super Kings,1.5 crore,1.5
Ramandeep Singh,Mumbai Indians,5.0,45.0,40.0,15.0,112.5,3.0,1.0,2.0,2.0,22.50,0.0,0.0,14*,2022,Mumbai Indians,5.0,54.0,13.0,28.0,9.0,6.0,59.25,5.14,9.0,6.0,5.0,0.0,6.0,0.0,0.0,0.0,,Mumbai Indians,0.2 crore,0.2
Ramandeep Singh,Mumbai Indians,5.0,45.0,40.0,15.0,112.5,3.0,1.0,2.0,2.0,22.50,0.0,0.0,14*,2022,Mumbai Indians,5.0,54.0,13.0,28.0,9.0,6.0,59.25,5.14,9.0,6.0,5.0,0.0,6.0,0.0,0.0,0.0,,Mumbai Indians,0.2,0.2
Ramandeep Singh,Kolkata Knight Riders,15.0,125.0,62.0,18.0,201.61,5.0,12.0,4.0,5.0,31.25,0.0,0.0,35,2024,,,,,,,,,,,,,,,,,,,Kolkata Knight Riders,4 crore,4.0
Ramandeep Singh,Kolkata Knight Riders,11.0,47.0,35.0,12.0,134.28,1.0,4.0,5.0,2.0,9.40,0.0,0.0,22,2025,,,,,,,,,,,,,,,,,,,Kolkata Knight Riders,4 crore,4.0
Rashid Khan,Sunrisers Hyderabad,17.0,59.0,31.0,,190.32,3.0,6.0,5.0,2.0,11.8,0.0,0.0,34*,2018,Sunrisers Hyderabad,17.0,458.0,167.0,,21.8,19.42,,,6.73,68.0,,,21.0,1.0,0.0,0.0,0.0,Sunrisers Hyderabad,9 crore,9.0
Rashid Khan,Sunrisers Hyderabad,15.0,34.0,23.0,,147.82,2.0,2.0,5.0,3.0,6.8,0.0,0.0,17*,2019,Sunrisers Hyderabad,15.0,377.0,166.0,,22.17,21.17,,,6.28,60.0,,,17.0,1.0,0.0,0.0,0.0,Sunrisers Hyderabad,9 crore,9.0
Rashid Khan,Sunrisers Hyderabad,16.0,35.0,30.0,,116.66,3.0,2.0,4.0,3.0,8.75,0.0,0.0,14,2020,Sunrisers Hyderabad,16.0,344.0,168.0,,17.2,19.2,,,5.37,64.0,,,20.0,1.0,0.0,0.0,0.0,Sunrisers Hyderabad,9 crore,9.0
Rashid Khan,Sunrisers Hyderabad,14.0,83.0,69.0,,120.28,9.0,2.0,8.0,2.0,10.37,0.0,0.0,22,2021,Sunrisers Hyderabad,14.0,375.0,130.0,,20.83,18.66,,,6.69,56.0,,,18.0,0.0,0.0,0.0,0.0,Sunrisers Hyderabad,9 crore,9.0
Rashid Khan,Gujarat Titans,16.0,91.0,44.0,12.0,206.81,3.0,9.0,4.0,4.0,22.75,0.0,0.0,40,2022,Gujarat Titans,16.0,421.0,127.0,259.0,22.15,20.15,39.9,11.26,6.59,63.5,3.0,0.0,19.0,0.0,1.0,0.0,,Gujarat Titans,15 crore,15.0
Rashid Khan,Gujarat Titans,17.0,130.0,60.0,24.0,216.66,8.0,13.0,4.0,5.0,32.50,1.0,0.0,79*,2023,Gujarat Titans,17.0,552.0,134.0,273.0,20.44,14.88,57.24,6.09,8.23,67.0,5.0,0.0,27.0,0.0,1.0,0.0,,Gujarat Titans,15 crore,15.0
Rashid Khan,Gujarat Titans,12.0,102.0,71.0,25.0,143.66,11.0,3.0,5.0,3.0,20.40,0.0,0.0,31,2024,Gujarat Titans,12.0,367.0,84.0,178.0,36.7,26.2,56.67,6.23,8.4,43.4,0.0,0.0,10.0,0.0,0.0,0.0,,MI Cape Town,15 crore,15.0
Rashid Khan,Gujarat Titans,15.0,40.0,28.0,13.0,142.85,2.0,3.0,5.0,3.0,8.00,0.0,0.0,12,2025,Gujarat Titans,15.0,514.0,94.0,242.0,57.11,36.66,61.08,5.32,9.34,55.0,6.0,0.0,9.0,0.0,0.0,0.0,,Gujarat Titans,18 crore,18.0
Rassie van der Dussen,Rajasthan Royals,3.0,22.0,24.0,11.0,91.66,2.0,0.0,2.0,1.0,11.00,0.0,0.0,12*,2022,,,,,,,,,,,,,,,,,,,Rajasthan Royals,1 crore,1.0
Ravi Bishnoi,Punjab Kings,14.0,7.0,12.0,,58.33,1.0,0.0,1.0,2.0,7.0,0.0,0.0,6*,2020,Punjab Kings,14.0,376.0,122.0,,31.33,25.5,,,7.37,51.0,,,12.0,1.0,0.0,0.0,0.0,Punjab Kings,2 crore,2.0
Ravi Bishnoi,,,,,,,,,,,,,,,2022,Lucknow Super Giants,14.0,456.0,113.0,227.0,35.07,24.92,58.33,5.58,8.44,54.0,13.0,3.0,13.0,0.0,0.0,0.0,,Lucknow Supergiants,4 crore,4.0
Ravi Bishnoi,Lucknow Super Giants,15.0,20.0,27.0,14.0,74.07,1.0,0.0,3.0,4.0,6.67,0.0,0.0,5,2023,Lucknow Super Giants,15.0,391.0,97.0,215.0,24.43,18.93,48.08,7.76,7.74,50.3,7.0,2.0,16.0,0.0,0.0,0.0,,Lucknow Supergiants,4 crore,4.0
Ravi Bishnoi,Lucknow Super Giants,14.0,4.0,6.0,2.0,66.66,0.0,0.0,3.0,0.0,1.33,0.0,0.0,2,2024,Lucknow Super Giants,14.0,383.0,89.0,181.0,38.3,26.2,61.61,5.34,8.77,43.4,8.0,0.0,10.0,0.0,0.0,0.0,,Lucknow Supergiants,4 crore,4.0
Ravi Bishnoi,Lucknow Super Giants,11.0,13.0,16.0,13.0,81.25,0.0,2.0,2.0,1.0,6.50,0.0,0.0,13,2025,Lucknow Super Giants,11.0,401.0,68.0,165.0,44.55,24.66,69.32,3.89,10.83,37.0,11.0,0.0,9.0,0.0,0.0,0.0,,Lucknow Supergiants,11 crore,11.0
Reece Topley,,,,,,,,,,,,,,,2023,Royal Challengers Bangalore,1.0,14.0,7.0,5.0,14.0,12.0,85.71,4.0,7.0,2.0,0.0,0.0,1.0,0.0,0.0,0.0,,Royal Challengers Bangalore,1.9 crore,1.9
Reece Topley,Royal Challengers Bengaluru,4.0,3.0,6.0,3.0,50.0,0.0,0.0,0.0,1.0,-,0.0,0.0,3*,2024,Royal Challengers Bengaluru,4.0,168.0,31.0,64.0,42.0,22.5,75.0,3.33,11.2,15.0,5.0,0.0,4.0,0.0,0.0,0.0,,Durban's Super Giants,1.90 crore,1.9
Rilee Rossouw,Delhi Capitals,9.0,209.0,141.0,51.0,148.22,17.0,11.0,7.0,2.0,29.86,1.0,0.0,82*,2023,,,,,,,,,,,,,,,,,,,Delhi Capitals,4.6 crore,4.6
Rilee Rossouw,Punjab Kings,8.0,211.0,116.0,40.0,181.89,25.0,11.0,8.0,0.0,26.38,1.0,0.0,61,2024,,,,,,,,,,,,,,,,,,,Punjab Kings,8 crore,8.0
Riley Meredith,,,,,,,,,,,,,,,2021,Punjab Kings,5.0,169.0,38.0,,42.25,25.5,,,9.94,17.0,,,4.0,0.0,0.0,0.0,0.0,Punjab Kings,8 crore,8.0
Riley Meredith,,,,,,,,,,,,,,,2021,Punjab Kings,5.0,169.0,38.0,,42.25,25.5,,,9.94,17.0,,,4.0,0.0,0.0,0.0,0.0,Punjab Kings,"8,00,00,000",8.0
Riley Meredith,,,,,,,,,,,,,,,2022,Mumbai Indians,8.0,236.0,76.0,105.0,29.5,21.0,62.71,5.25,8.42,28.0,13.0,0.0,8.0,0.0,0.0,0.0,,Mumbai Indians,1.0,1.0
Riley Meredith,,,,,,,,,,,,,,,2023,Mumbai Indians,5.0,207.0,42.0,84.0,29.57,16.85,72.46,3.57,10.52,19.4,7.0,1.0,7.0,0.0,0.0,0.0,,Mumbai Indians,1.5 crore,1.5
Rinku Singh,Kolkata Knight Riders,7.0,174.0,117.0,39.0,148.71,17.0,7.0,5.0,2.0,34.80,0.0,0.0,42*,2022,,,,,,,,,,,,,,,,,,,Kolkata Knight Riders,0.55,0.55
Ripal Patel,Delhi Capitals,2.0,25.0,27.0,,92.59,3.0,0.0,1.0,1.0,25.0,0.0,0.0,18,2021,,,,,,,,,,,,,,,,,,,Delhi Capitals,"20,00,000",0.2
Ripal Patel,Delhi Capitals,2.0,6.0,3.0,2.0,200.0,0.0,1.0,1.0,0.0,6.00,0.0,0.0,6,2022,,,,,,,,,,,,,,,,,,,Delhi Capitals,0.2,0.2
Ripal Patel,Delhi Capitals,5.0,49.0,43.0,10.0,113.95,3.0,1.0,3.0,1.0,16.33,0.0,0.0,23,2023,,,,,,,,,,,,,,,,,,,Delhi Capitals,0.2 crore,0.2
Rishi Dhawan,Punjab Kings,6.0,37.0,40.0,25.0,92.5,4.0,2.0,2.0,2.0,18.50,0.0,0.0,21*,2022,Punjab Kings,6.0,156.0,33.0,86.0,26.0,19.0,52.56,6.33,8.21,19.0,5.0,0.0,6.0,0.0,0.0,0.0,,Punjab Kings,0.55,0.55
Riyan Parag,Rajasthan Royals,17.0,183.0,132.0,43.0,138.63,11.0,10.0,11.0,3.0,16.64,1.0,0.0,56*,2022,Rajasthan Royals,17.0,59.0,3.0,23.0,59.0,24.0,71.18,3.0,14.75,4.0,2.0,0.0,1.0,0.0,0.0,0.0,,Rajasthan Royals,3.8,3.8
Robin Minz,Mumbai Indians,2.0,6.0,15.0,10.0,40.0,0.0,0.0,2.0,0.0,3.00,0.0,0.0,3,2025,,,,,,,,,,,,,,,,,,,Mumbai Indians,0.65 crore,0.65
Robin Uthappa,Chennai Super Kings,12.0,230.0,171.0,80.0,134.5,19.0,14.0,11.0,0.0,20.91,2.0,0.0,88,2022,,,,,,,,,,,,,,,,,,,Chennai Super Kings,2.0,2.0
Romario Shepherd,Sunrisers Hyderabad,3.0,58.0,41.0,19.0,141.46,2.0,5.0,2.0,1.0,29.00,0.0,0.0,26*,2022,Sunrisers Hyderabad,3.0,98.0,23.0,34.0,32.66,18.0,75.51,3.6,10.88,9.0,3.0,0.0,3.0,0.0,0.0,0.0,,Sunrisers Hyderabad,7.75 crore,7.75
Romario Shepherd,Sunrisers Hyderabad,3.0,58.0,41.0,19.0,141.46,2.0,5.0,2.0,1.0,29.00,0.0,0.0,26*,2022,Sunrisers Hyderabad,3.0,98.0,23.0,34.0,32.66,18.0,75.51,3.6,10.88,9.0,3.0,0.0,3.0,0.0,0.0,0.0,,Sunrisers Hyderabad,7.75,7.75
Romario Shepherd,Mumbai Indians,6.0,57.0,21.0,4.0,271.42,5.0,5.0,2.0,3.0,28.50,0.0,0.0,39*,2024,Mumbai Indians,6.0,159.0,18.0,58.0,159.0,72.0,72.95,3.0,13.25,12.0,4.0,0.0,1.0,0.0,0.0,0.0,,Mumbai Indians,0.5 crore,0.5
Rovman Powell,Delhi Capitals,14.0,250.0,167.0,65.0,149.7,10.0,22.0,10.0,2.0,25.00,1.0,0.0,67*,2022,,,,,,,,,,,,,,,,,,,Delhi Capitals,2.8,2.8
Ruturaj Gaikwad,Chennai Super Kings,6.0,204.0,169.0,,120.71,16.0,6.0,4.0,2.0,51.0,3.0,0.0,72,2020,,,,,,,,,,,,,,,,,,,Chennai Super Kings,0.2 crore,0.2
Ruturaj Gaikwad,Chennai Super Kings,16.0,635.0,466.0,,136.26,64.0,23.0,14.0,2.0,45.35,4.0,1.0,101*,2021,,,,,,,,,,,,,,,,,,,Chennai Super Kings,0.2 crore,0.2
Ruturaj Gaikwad,Chennai Super Kings,16.0,590.0,400.0,134.0,147.5,46.0,30.0,14.0,1.0,42.14,4.0,0.0,92,2023,,,,,,,,,,,,,,,,,,,Chennai Super Kings,6 crore,6.0
Ruturaj Gaikwad,Chennai Super Kings,14.0,583.0,413.0,128.0,141.16,58.0,18.0,11.0,3.0,53.00,4.0,1.0,108*,2024,,,,,,,,,,,,,,,,,,,Chennai Super Kings,6 crore,6.0
Ruturaj Gaikwad,Chennai Super Kings,5.0,122.0,81.0,30.0,150.61,14.0,4.0,5.0,0.0,24.40,2.0,0.0,63,2025,,,,,,,,,,,,,,,,,,,Chennai Super Kings,18 crore,18.0
Sachin Baby,Royal Challengers Bangalore,1.0,7.0,17.0,,41.17,0.0,0.0,1.0,0.0,7.0,0.0,0.0,7,2021,,,,,,,,,,,,,,,,,,,Royal Challengers Bangalore,"20,00,000",0.2
Sai Kishore,Gujarat Titans,5.0,13.0,6.0,3.0,216.66,0.0,2.0,1.0,1.0,13.00,0.0,0.0,13,2024,Gujarat Titans,5.0,137.0,30.0,63.0,19.57,12.85,58.39,6.0,9.13,15.0,3.0,0.0,7.0,0.0,1.0,0.0,,Gujarat Titans,3 crore,3.0
Sai Kishore,Gujarat Titans,15.0,5.0,10.0,5.0,50.0,0.0,0.0,3.0,0.0,1.67,0.0,0.0,3,2025,Gujarat Titans,15.0,393.0,77.0,185.0,20.68,13.42,60.55,5.42,9.24,42.3,7.0,0.0,19.0,0.0,0.0,0.0,,Gujarat Titans,2 crore,2.0
Sai Sudharsan,Gujarat Titans,5.0,145.0,114.0,35.0,127.19,14.0,3.0,4.0,1.0,36.25,1.0,0.0,65*,2022,,,,,,,,,,,,,,,,,,,Gujarat Titans,0.2 crore,0.2
Sai Sudharsan,Gujarat Titans,8.0,362.0,256.0,76.0,141.4,33.0,12.0,7.0,1.0,51.71,3.0,0.0,96,2023,,,,,,,,,,,,,,,,,,,Gujarat Titans,2.6 crore,2.6
Sai Sudharsan,Gujarat Titans,12.0,527.0,373.0,106.0,141.28,48.0,16.0,11.0,1.0,47.91,2.0,1.0,103,2024,,,,,,,,,,,,,,,,,,,Gujarat Titans,2.6 crore,2.6
Sai Sudharsan,Gujarat Titans,15.0,759.0,486.0,133.0,156.17,88.0,21.0,14.0,1.0,54.21,6.0,1.0,108*,2025,,,,,,,,,,,,,,,,,,,Gujarat Titans,8.5 crore,8.5
Sam Billings,Kolkata Knight Riders,8.0,169.0,138.0,56.0,122.46,9.0,10.0,7.0,1.0,24.14,0.0,0.0,36,2022,,,,,,,,,,,,,,,,,,,Kolkata Knight Riders,2.0,2.0
Sam Curran,Punjab Kings,9.0,95.0,55.0,,172.72,13.0,3.0,4.0,4.0,23.75,1.0,0.0,55*,2019,Punjab Kings,9.0,323.0,60.0,,32.3,19.8,,,9.78,33.0,,,10.0,0.0,1.0,0.0,1.0,Punjab Kings,7.2 crore,7.2
Sam Curran,Chennai Super Kings,14.0,186.0,141.0,,131.91,12.0,12.0,8.0,3.0,23.25,1.0,0.0,52,2020,Chennai Super Kings,14.0,344.0,91.0,,26.46,19.38,,,8.19,42.0,,,13.0,0.0,0.0,0.0,0.0,Chennai Super Kings,5.5 crore,5.5
Sam Curran,Chennai Super Kings,9.0,56.0,29.0,,193.1,5.0,3.0,3.0,1.0,18.66,0.0,0.0,34,2021,Chennai Super Kings,9.0,328.0,76.0,,36.44,22.0,,,9.93,33.0,,,9.0,0.0,0.0,0.0,0.0,Chennai Super Kings,5.5 crore,5.5
Sam Curran,Punjab Kings,14.0,276.0,203.0,69.0,135.96,20.0,13.0,10.0,3.0,27.60,1.0,0.0,55,2023,Punjab Kings,14.0,489.0,85.0,214.0,48.9,28.7,66.66,4.04,10.22,47.5,11.0,1.0,10.0,0.0,0.0,0.0,,Punjab Kings,18.5 crore,18.5
Sam Curran,Punjab Kings,13.0,270.0,219.0,70.0,123.28,24.0,6.0,10.0,2.0,27.00,2.0,0.0,63*,2024,Punjab Kings,13.0,416.0,84.0,170.0,26.0,15.37,71.15,3.84,10.14,41.0,7.0,1.0,16.0,0.0,0.0,0.0,,Punjab Kings,18.5 crore,18.5
Sam Curran,Chennai Super Kings,5.0,114.0,84.0,28.0,135.71,11.0,4.0,5.0,0.0,22.80,1.0,0.0,88,2025,Chennai Super Kings,5.0,133.0,18.0,56.0,133.0,72.0,69.17,3.78,11.08,12.0,2.0,0.0,1.0,0.0,0.0,0.0,,Chennai Super Kings,2.4 crore,2.4
Sameer Rizvi,Delhi Capitals,5.0,121.0,79.0,27.0,153.16,11.0,7.0,3.0,1.0,40.33,1.0,0.0,58*,2025,,,,,,,,,,,,,,,,,,,Delhi Capitals,0.95 crore,0.95
Sandeep Sharma,,,,,,,,,,,,,,,2022,Punjab Kings,5.0,153.0,60.0,66.0,76.5,60.0,70.58,5.0,7.65,20.0,6.0,0.0,2.0,0.0,0.0,0.0,,Punjab Kings,0.5,0.5
Sanvir Singh,Sunrisers Hyderabad,2.0,11.0,9.0,6.0,122.22,1.0,1.0,1.0,1.0,11.00,0.0,0.0,7,2023,,,,,,,,,,,,,,,,,,,Sunrisers Hyderabad,0.2 crore,0.2
Sanvir Singh,Sunrisers Hyderabad,4.0,14.0,12.0,2.0,116.66,1.0,0.0,1.0,2.0,14.00,0.0,0.0,8*,2024,,,,,,,,,,,,,,,,,,,Sunrisers Hyderabad,2 crore,2.0
Sarfaraz Khan,Delhi Capitals,6.0,91.0,67.0,20.0,135.82,9.0,2.0,3.0,2.0,30.33,0.0,0.0,36*,2022,,,,,,,,,,,,,,,,,,,Delhi Capitals,0.2,0.2
Saurav Chauhan,Royal Challengers Bengaluru,3.0,18.0,15.0,6.0,120.0,1.0,1.0,3.0,0.0,6.00,0.0,0.0,9,2024,,,,,,,,,,,,,,,,,,,Royal Challengers Bangalore,2 crore,2.0
Sean Abbott,Sunrisers Hyderabad,1.0,7.0,5.0,3.0,140.0,0.0,1.0,1.0,0.0,7.00,0.0,0.0,7,2022,Sunrisers Hyderabad,1.0,47.0,7.0,20.0,47.0,24.0,68.08,3.42,11.75,4.0,3.0,0.0,1.0,0.0,0.0,0.0,,Sunrisers Hyderabad,2.4,2.4
Shahbaz Ahmed,Royal Challengers Bangalore,11.0,59.0,53.0,,111.32,4.0,2.0,7.0,0.0,8.42,0.0,0.0,14,2021,Royal Challengers Bangalore,11.0,92.0,21.0,,13.14,12.0,,,6.57,14.0,,,7.0,0.0,0.0,0.0,0.0,Royal Challengers Bangalore,2.4 crore,2.4
Shahbaz Ahmed,Royal Challengers Bangalore,16.0,219.0,181.0,68.0,120.99,14.0,9.0,8.0,3.0,27.38,0.0,0.0,45,2022,Royal Challengers Bangalore,16.0,336.0,58.0,162.0,84.0,52.5,61.3,5.0,9.6,35.0,9.0,1.0,4.0,0.0,0.0,0.0,,Royal Challengers Bangalore,2.4 crore,2.4
Shahbaz Ahmed,Royal Challengers Bangalore,10.0,42.0,39.0,14.0,107.69,3.0,1.0,4.0,2.0,10.50,0.0,0.0,20*,2023,Royal Challengers Bangalore,10.0,95.0,9.0,33.0,95.0,42.0,75.78,3.0,13.57,7.0,0.0,0.0,1.0,0.0,0.0,0.0,,Royal Challengers Bangalore,2.4 crore,2.4
Shahbaz Ahmed,Sunrisers Hyderabad,16.0,215.0,166.0,52.0,129.51,7.0,13.0,9.0,3.0,23.89,1.0,0.0,59*,2024,Sunrisers Hyderabad,16.0,270.0,52.0,114.0,38.57,23.57,68.14,4.34,9.81,27.3,0.0,1.0,7.0,0.0,0.0,0.0,,Sunrisers Hyderabad,1.0 crore,1.0
Shahrukh Khan,Punjab Kings,11.0,153.0,114.0,,134.21,9.0,10.0,7.0,3.0,21.85,0.0,0.0,47,2021,,,,,,,,,,,,,,,,,,,Punjab Kings,5.25 crore,5.25
Shahrukh Khan,Punjab Kings,11.0,153.0,114.0,,134.21,9.0,10.0,7.0,3.0,21.85,0.0,0.0,47,2021,,,,,,,,,,,,,,,,,,,Punjab Kings,"5,25,00,000",5.25
Shahrukh Khan,Punjab Kings,8.0,117.0,108.0,52.0,108.33,4.0,9.0,7.0,1.0,16.71,0.0,0.0,26,2022,,,,,,,,,,,,,,,,,,,Punjab Kings,9 crore,9.0
Shahrukh Khan,Punjab Kings,8.0,117.0,108.0,52.0,108.33,4.0,9.0,7.0,1.0,16.71,0.0,0.0,26,2022,,,,,,,,,,,,,,,,,,,Punjab Kings,9.0,9.0
Shahrukh Khan,Punjab Kings,14.0,156.0,94.0,30.0,165.95,13.0,9.0,7.0,6.0,22.29,0.0,0.0,41*,2023,,,,,,,,,,,,,,,,,,,Punjab Kings,9 crore,9.0
Shahrukh Khan,Gujarat Titans,7.0,127.0,75.0,23.0,169.33,9.0,9.0,7.0,0.0,18.14,1.0,0.0,58,2024,,,,,,,,,,,,,,,,,,,Gujarat Titans,7.4 crore,7.4
Shahrukh Khan,Gujarat Titans,15.0,179.0,100.0,26.0,179.0,11.0,13.0,6.0,5.0,29.83,1.0,0.0,57,2025,Gujarat Titans,15.0,13.0,1.0,5.0,13.0,6.0,76.92,3.0,13.0,1.0,0.0,0.0,1.0,0.0,0.0,0.0,,Gujarat Titans,4 crore,4.0
Shai Hope,Delhi Capitals,9.0,183.0,122.0,45.0,150.0,12.0,12.0,8.0,1.0,22.88,0.0,0.0,41,2024,,,,,,,,,,,,,,,,,,,Delhi Capitals,0.75 crore,0.75
Shaik Rasheed,Chennai Super Kings,5.0,71.0,63.0,34.0,112.69,9.0,2.0,5.0,0.0,14.20,0.0,0.0,27,2025,,,,,,,,,,,,,,,,,,,Chennai Super Kings,0.3 crore,0.3
Shakib Al Hasan,Kolkata Knight Riders,8.0,47.0,48.0,,97.91,3.0,1.0,5.0,1.0,9.4,0.0,0.0,26,2021,Kolkata Knight Riders,8.0,187.0,50.0,,46.75,39.0,,,7.19,26.0,,,4.0,0.0,0.0,0.0,0.0,Kolkata Knight Riders,"3,20,00,000",3.2
Shams Mulani,Mumbai Indians,2.0,1.0,1.0,0.0,100.0,0.0,0.0,0.0,1.0,-,0.0,0.0,1*,2024,,,,,,,,,,,,,,,,,,,Mumbai Indians,1.5 crore,1.5
Shardul Thakur,Delhi Capitals,14.0,120.0,87.0,30.0,137.93,7.0,7.0,8.0,2.0,15.00,0.0,0.0,29*,2022,Delhi Capitals,14.0,473.0,109.0,206.0,31.53,19.33,66.38,4.32,9.78,48.2,24.0,1.0,15.0,1.0,1.0,0.0,,Delhi Capitals,10.75,10.75
Shashank Singh,Sunrisers Hyderabad,10.0,69.0,47.0,18.0,146.8,5.0,4.0,4.0,1.0,17.25,0.0,0.0,25*,2022,,,,,,,,,,,,,,,,,,,Sunrisers Hyderabad,0.2,0.2
Sheldon Jackson,Kolkata Knight Riders,5.0,23.0,26.0,10.0,88.46,0.0,1.0,4.0,1.0,5.75,0.0,0.0,8,2022,,,,,,,,,,,,,,,,,,,Kolkata Knight Riders,0.6,0.6
Sherfane Rutherford,Royal Challengers Bangalore,3.0,33.0,50.0,26.0,66.0,1.0,1.0,2.0,0.0,16.50,0.0,0.0,28,2022,,,,,,,,,,,,,,,,,,,Royal Challengers Bangalore,1.0,1.0
Shikhar Dhawan,Punjab Kings,14.0,460.0,375.0,141.0,122.66,47.0,12.0,12.0,2.0,38.33,3.0,0.0,88*,2022,,,,,,,,,,,,,,,,,,,Punjab Kings,8.25,8.25
Shimron Hetmyer,Rajasthan Royals,15.0,314.0,204.0,73.0,153.92,21.0,21.0,7.0,8.0,44.86,1.0,0.0,59*,2022,,,,,,,,,,,,,,,,,,,Rajasthan Royals,8.5,8.5
Shivam Dube,Rajasthan Royals,9.0,230.0,193.0,,119.17,18.0,10.0,8.0,1.0,28.75,1.0,0.0,64*,2021,,,,,,,,,,,,,,,,,,,Rajasthan Royals,"4,40,00,000",4.4
Shivam Dube,Chennai Super Kings,11.0,289.0,185.0,59.0,156.21,22.0,16.0,10.0,1.0,28.90,2.0,0.0,95*,2022,,,,,,,,,,,,,,,,,,,Chennai Super Kings,4.0,4.0
Shivam Mavi,Kolkata Knight Riders,6.0,3.0,7.0,4.0,42.85,0.0,0.0,2.0,1.0,1.50,0.0,0.0,2,2022,Kolkata Knight Riders,6.0,227.0,49.0,93.0,45.4,26.4,66.07,4.25,10.31,22.0,8.0,2.0,5.0,0.0,0.0,0.0,,Kolkata Knight Riders,7.25,7.25
Shivam Singh,Punjab Kings,1.0,2.0,3.0,1.0,66.66,0.0,0.0,0.0,1.0,-,0.0,0.0,2*,2024,,,,,,,,,,,,,,,,,,,Punjab Kings,0.2 crore,0.2
Shreyas Gopal,Sunrisers Hyderabad,1.0,9.0,7.0,4.0,128.57,2.0,0.0,0.0,1.0,-,0.0,0.0,9*,2022,Sunrisers Hyderabad,1.0,34.0,7.0,11.0,34.0,18.0,82.35,3.6,11.33,3.0,0.0,0.0,1.0,0.0,0.0,0.0,,Sunrisers Hyderabad,0.75,0.75
Shreyas Iyer,Kolkata Knight Riders,14.0,401.0,298.0,103.0,134.56,41.0,11.0,13.0,1.0,30.85,3.0,0.0,85,2022,,,,,,,,,,,,,,,,,,,Kolkata Knight Riders,12.25,12.25
Shubham Dubey,Rajasthan Royals,4.0,33.0,19.0,5.0,173.68,3.0,2.0,2.0,1.0,16.50,0.0,0.0,25,2024,,,,,,,,,,,,,,,,,,,Rajasthan Royals,0.2 crore,0.2
Sikandar Raza,Punjab Kings,7.0,139.0,98.0,36.0,141.83,10.0,6.0,5.0,2.0,27.80,1.0,0.0,57,2023,Punjab Kings,7.0,119.0,20.0,55.0,39.66,24.0,63.86,4.23,9.91,12.0,3.0,1.0,3.0,0.0,0.0,0.0,,Punjab Kings,0.5 crore,0.5
Sikandar Raza,Punjab Kings,2.0,43.0,38.0,16.0,113.15,2.0,2.0,2.0,0.0,21.50,0.0,0.0,28,2024,,,,,,,,,,,,,,,,,,,Punjab Kings,1.5 crore,1.5
Simarjeet Singh,Chennai Super Kings,6.0,7.0,8.0,3.0,87.5,0.0,0.0,1.0,2.0,7.00,0.0,0.0,3*,2022,Chennai Super Kings,6.0,138.0,57.0,56.0,34.5,27.0,72.46,4.69,7.66,18.0,4.0,1.0,4.0,0.0,0.0,0.0,,Chennai Super Kings,0.2,0.2
Simarjeet Singh,,,,,,,,,,,,,,,2024,Chennai Super Kings,4.0,121.0,28.0,52.0,24.2,14.4,66.11,4.5,10.08,12.0,8.0,0.0,5.0,0.0,0.0,0.0,,Chennai Super Kings,0.2 crore,0.2
Simarjeet Singh,Sunrisers Hyderabad,4.0,3.0,7.0,4.0,42.85,0.0,0.0,2.0,1.0,1.50,0.0,0.0,3*,2025,Sunrisers Hyderabad,4.0,141.0,22.0,41.0,70.5,30.0,89.36,2.4,14.1,10.0,2.0,1.0,2.0,0.0,0.0,0.0,,Sunrisers Hyderabad,1.5 crore,1.5
Spencer Johnson,Gujarat Titans,5.0,6.0,7.0,4.0,85.71,1.0,0.0,0.0,3.0,-,0.0,0.0,5*,2024,Gujarat Titans,5.0,151.0,35.0,64.0,37.75,24.0,72.84,4.0,9.43,16.0,3.0,0.0,4.0,0.0,0.0,0.0,,Gujarat Titans,10 crore,10.0
Spencer Johnson,Kolkata Knight Riders,4.0,2.0,4.0,2.0,50.0,0.0,0.0,0.0,2.0,-,0.0,0.0,1*,2025,Kolkata Knight Riders,4.0,133.0,26.0,47.0,133.0,68.0,78.19,3.09,11.73,11.2,5.0,0.0,1.0,0.0,0.0,0.0,,Kolkata Knight Riders,2.8 crore,2.8
Stuart Binny,Rajasthan Royals,7.0,44.0,39.0,,112.82,2.0,2.0,5.0,0.0,8.8,0.0,0.0,22,2018,,,,,,,,,,,,,,,,,,,Rajasthan Royals,0.5 crore,0.5
Stuart Binny,Rajasthan Royals,8.0,70.0,40.0,,175.0,5.0,4.0,3.0,2.0,23.33,0.0,0.0,33*,2019,Rajasthan Royals,8.0,44.0,13.0,,44.0,42.0,,,6.28,7.0,,,1.0,0.0,0.0,0.0,0.0,Rajasthan Royals,0.5 crore,0.5
Sumit Kumar,Delhi Capitals,4.0,18.0,24.0,17.0,75.0,2.0,1.0,2.0,1.0,9.00,0.0,0.0,9*,2024,,,,,,,,,,,,,,,,,,,Delhi Capitals,0.2 crore,0.2
Suresh Raina,Chennai Super Kings,15.0,445.0,336.0,,132.44,46.0,12.0,12.0,3.0,37.08,4.0,0.0,75*,2018,,,,,,,,,,,,,,,,,,,Chennai Super Kings,11 crore,11.0
Suresh Raina,Chennai Super Kings,17.0,383.0,314.0,,121.97,45.0,9.0,16.0,1.0,23.93,3.0,0.0,59,2019,,,,,,,,,,,,,,,,,,,Chennai Super Kings,11.0 crore,11.0
Suresh Raina,Chennai Super Kings,12.0,160.0,128.0,,125.0,13.0,9.0,9.0,2.0,17.77,1.0,0.0,54,2021,,,,,,,,,,,,,,,,,,,Chennai Super Kings,2 crore,2.0
Suyash Sharma,,,,,,,,,,,,,,,2023,Kolkata Knight Riders,11.0,321.0,83.0,156.0,32.1,23.4,62.3,5.57,8.23,39.0,4.0,1.0,10.0,0.0,0.0,0.0,,Kolkata Knight Riders,0.2 crore,0.2
Suyash Sharma,,,,,,,,,,,,,,,2025,Royal Challengers Bengaluru,13.0,423.0,98.0,195.0,52.87,36.0,64.3,4.96,8.81,48.0,5.0,0.0,8.0,0.0,0.0,0.0,,Royal Challengers Bangalore,2.6 crore,2.6
Tilak Varma,Mumbai Indians,14.0,397.0,303.0,94.0,131.02,29.0,16.0,11.0,3.0,36.09,2.0,0.0,61,2022,,,,,,,,,,,,,,,,,,,Mumbai Indians,1.7 crore,1.7
Tilak Varma,Mumbai Indians,11.0,343.0,209.0,72.0,164.11,26.0,23.0,8.0,3.0,42.88,1.0,0.0,84*,2023,,,,,,,,,,,,,,,,,,,Mumbai Indians,1.70 crore,1.7
Tilak Varma,Mumbai Indians,13.0,416.0,278.0,83.0,149.64,35.0,19.0,10.0,3.0,41.60,3.0,0.0,65,2024,,,,,,,,,,,,,,,,,,,Mumbai Indians,1.7 crore,1.7
Tim David,Mumbai Indians,8.0,186.0,86.0,22.0,216.27,12.0,16.0,5.0,3.0,37.20,0.0,0.0,46,2022,,,,,,,,,,,,,,,,,,,Mumbai Indians,8.25 crore,8.25
Tim David,Mumbai Indians,8.0,186.0,86.0,22.0,216.27,12.0,16.0,5.0,3.0,37.20,0.0,0.0,46,2022,,,,,,,,,,,,,,,,,,,Mumbai Indians,8.25,8.25
Tim David,Mumbai Indians,16.0,231.0,146.0,39.0,158.21,12.0,15.0,9.0,6.0,25.67,0.0,0.0,45*,2023,,,,,,,,,,,,,,,,,,,Mumbai Indians,8.25 crore,8.25
Tim David,Mumbai Indians,13.0,241.0,152.0,47.0,158.55,14.0,15.0,8.0,3.0,30.13,0.0,0.0,45*,2024,,,,,,,,,,,,,,,,,,,Mumbai Indians,8.25 crore,8.25
Tim David,Royal Challengers Bengaluru,12.0,187.0,101.0,38.0,185.14,16.0,14.0,3.0,6.0,62.33,1.0,0.0,50*,2025,,,,,,,,,,,,,,,,,,,Royal Challengers Bangalore,3 crore,3.0
Tim Seifert,Delhi Capitals,2.0,24.0,19.0,10.0,126.31,4.0,0.0,2.0,0.0,12.00,0.0,0.0,21,2022,,,,,,,,,,,,,,,,,,,Delhi Capitals,0.5 crore,0.5
Tim Seifert,Delhi Capitals,2.0,24.0,19.0,10.0,126.31,4.0,0.0,2.0,0.0,12.00,0.0,0.0,21,2022,,,,,,,,,,,,,,,,,,,Delhi Capitals,0.5,0.5
Tim Southee,Kolkata Knight Riders,9.0,2.0,12.0,10.0,16.66,0.0,0.0,4.0,1.0,0.50,0.0,0.0,1*,2022,Kolkata Knight Riders,9.0,275.0,93.0,127.0,19.64,15.0,60.36,6.0,7.85,35.0,9.0,1.0,14.0,0.0,0.0,0.0,,Kolkata Knight Riders,1.5,1.5
Tom Banton,Kolkata Knight Riders,2.0,18.0,20.0,,90.0,1.0,1.0,2.0,0.0,9.0,0.0,0.0,10,2020,,,,,,,,,,,,,,,,,,,Kolkata Knight Riders,1 crore,1.0
Tom Curran,Delhi Capitals,3.0,21.0,17.0,,123.52,2.0,0.0,1.0,1.0,21.0,0.0,0.0,21,2021,Delhi Capitals,3.0,104.0,19.0,,26.0,17.0,,,9.17,11.0,,,4.0,0.0,0.0,0.0,0.0,Delhi Capitals,"5,25,00,000",5.25
Trent Boult,Rajasthan Royals,16.0,40.0,29.0,6.0,137.93,2.0,1.0,2.0,6.0,20.00,0.0,0.0,17*,2022,Rajasthan Royals,16.0,492.0,176.0,211.0,30.75,23.25,67.47,4.96,7.93,62.0,15.0,0.0,16.0,3.0,0.0,0.0,,Rajasthan Royals,8.0,8.0
Tristan Stubbs,Mumbai Indians,2.0,25.0,31.0,14.0,80.64,2.0,0.0,2.0,0.0,12.50,0.0,0.0,20,2023,Mumbai Indians,2.0,14.0,3.0,9.0,14.0,12.0,42.85,12.0,7.0,2.0,0.0,0.0,1.0,0.0,0.0,0.0,,Mumbai Indians,0.2 crore,0.2
Tristan Stubbs,Delhi Capitals,14.0,378.0,198.0,42.0,190.9,24.0,26.0,7.0,6.0,54.00,3.0,0.0,71*,2024,Delhi Capitals,14.0,15.0,6.0,7.0,5.0,4.0,53.33,6.0,7.5,2.0,1.0,0.0,3.0,0.0,0.0,0.0,,Sunrisers Eastern Cape,0.5 crore,0.5
Tristan Stubbs,Delhi Capitals,14.0,300.0,199.0,41.0,150.75,25.0,11.0,6.0,7.0,50.00,0.0,0.0,41*,2025,,,,,,,,,,,,,,,,,,,Delhi Capitals,10 crore,10.0
Tushar Deshpande,Delhi Capitals,5.0,21.0,12.0,,175.0,2.0,1.0,1.0,1.0,21.0,0.0,0.0,20*,2020,Delhi Capitals,5.0,192.0,29.0,,64.0,34.0,,,11.29,17.0,,,3.0,0.0,0.0,0.0,0.0,Delhi Capitals,0.2 crore,0.2
Tushar Deshpande,,,,,,,,,,,,,,,2022,Chennai Super Kings,2.0,63.0,18.0,25.0,63.0,42.0,79.36,3.5,9.0,7.0,1.0,0.0,1.0,0.0,0.0,0.0,,Chennai Super Kings,0.2 crore,0.2
Tushar Deshpande,,,,,,,,,,,,,,,2022,Chennai Super Kings,2.0,63.0,18.0,25.0,63.0,42.0,79.36,3.5,9.0,7.0,1.0,0.0,1.0,0.0,0.0,0.0,,Chennai Super Kings,0.2,0.2
Tushar Deshpande,,,,,,,,,,,,,,,2023,Chennai Super Kings,16.0,564.0,137.0,230.0,26.85,16.23,69.5,4.05,9.92,56.5,23.0,4.0,21.0,0.0,0.0,0.0,,Chennai Super Kings,0.2 crore,0.2
Tushar Deshpande,,,,,,,,,,,,,,,2024,Chennai Super Kings,13.0,424.0,118.0,192.0,24.94,16.94,64.15,4.96,8.83,48.0,20.0,2.0,17.0,0.0,1.0,0.0,,Chennai Super Kings,0.2 crore,0.2
Tushar Deshpande,Rajasthan Royals,10.0,7.0,8.0,3.0,87.5,0.0,0.0,1.0,3.0,7.00,0.0,0.0,3,2025,Rajasthan Royals,10.0,340.0,59.0,153.0,37.77,21.33,64.11,4.0,10.62,32.0,20.0,0.0,9.0,0.0,0.0,0.0,,Rajasthan Royals,6.5 crore,6.5
Tymal Mills,,,,,,,,,,,,,,,2022,Mumbai Indians,5.0,190.0,30.0,77.0,31.66,17.0,71.57,3.4,11.17,17.0,5.0,0.0,6.0,0.0,0.0,0.0,,Mumbai Indians,1.5,1.5
Umesh Yadav,Kolkata Knight Riders,12.0,55.0,40.0,19.0,137.5,4.0,4.0,4.0,3.0,13.75,0.0,0.0,21,2022,Kolkata Knight Riders,12.0,339.0,143.0,154.0,21.18,18.0,65.48,5.87,7.06,48.0,4.0,5.0,16.0,2.0,1.0,0.0,,Kolkata Knight Riders,2.0,2.0
Umran Malik,Sunrisers Hyderabad,14.0,4.0,8.0,5.0,50.0,0.0,0.0,1.0,3.0,4.00,0.0,0.0,3*,2022,Sunrisers Hyderabad,14.0,444.0,141.0,171.0,20.18,13.4,71.62,4.15,9.03,49.1,14.0,4.0,22.0,1.0,1.0,1.0,,Sunrisers Hyderabad,4 crore,4.0
Umran Malik,Sunrisers Hyderabad,8.0,19.0,8.0,3.0,237.5,1.0,2.0,1.0,1.0,19.00,0.0,0.0,19*,2023,Sunrisers Hyderabad,8.0,217.0,43.0,81.0,43.4,24.0,76.49,3.24,10.85,20.0,4.0,0.0,5.0,0.0,0.0,0.0,,Sunrisers Hyderabad,4 crore,4.0
Vaibhav Arora,Punjab Kings,5.0,5.0,13.0,8.0,38.46,0.0,0.0,2.0,2.0,2.50,0.0,0.0,2*,2022,Punjab Kings,5.0,164.0,39.0,71.0,54.66,35.66,70.73,4.11,9.19,17.5,3.0,0.0,3.0,0.0,0.0,0.0,,Punjab Kings,2 crore,2.0
Vaibhav Arora,Punjab Kings,5.0,5.0,13.0,8.0,38.46,0.0,0.0,2.0,2.0,2.50,0.0,0.0,2*,2022,Punjab Kings,5.0,164.0,39.0,71.0,54.66,35.66,70.73,4.11,9.19,17.5,3.0,0.0,3.0,0.0,0.0,0.0,,Punjab Kings,2.0,2.0
Vaibhav Arora,Kolkata Knight Riders,5.0,3.0,2.0,0.0,150.0,0.0,0.0,0.0,2.0,-,0.0,0.0,2*,2023,Kolkata Knight Riders,5.0,146.0,33.0,74.0,29.2,19.2,53.42,5.05,9.12,16.0,7.0,4.0,5.0,0.0,0.0,0.0,,Kolkata Knight Riders,0.6 crore,0.6
Vaibhav Arora,Kolkata Knight Riders,10.0,1.0,1.0,0.0,100.0,0.0,0.0,0.0,2.0,-,0.0,0.0,1*,2024,Kolkata Knight Riders,10.0,276.0,79.0,121.0,25.09,16.36,68.11,4.39,9.2,30.0,15.0,6.0,11.0,0.0,0.0,0.0,,Kolkata Knight Riders,2.6 crore,2.6
Vaibhav Arora,,,,,,,,,,,,,,,2025,Kolkata Knight Riders,12.0,430.0,94.0,178.0,25.29,15.0,69.76,3.92,10.11,42.3,17.0,0.0,17.0,1.0,0.0,0.0,,Kolkata Knight Riders,1.8 crore,1.8
Vaibhav Suryavanshi,Rajasthan Royals,7.0,252.0,122.0,46.0,206.55,18.0,24.0,7.0,0.0,36.00,1.0,1.0,101,2025,,,,,,,,,,,,,,,,,,,Rajasthan Royals,1.1 crore,1.1
Varun Aaron,,,,,,,,,,,,,,,2022,Gujarat Titans,2.0,52.0,7.0,26.0,26.0,15.0,65.38,3.75,10.4,5.0,3.0,0.0,2.0,0.0,0.0,0.0,,Gujarat Titans,0.5,0.5
Venkatesh Iyer,Kolkata Knight Riders,10.0,370.0,288.0,,128.47,37.0,14.0,9.0,1.0,41.11,4.0,0.0,67,2021,Kolkata Knight Riders,10.0,69.0,14.0,,23.0,17.0,,,8.11,8.0,,,3.0,0.0,0.0,0.0,0.0,Kolkata Knight Riders,"20,00,000",0.2
Venkatesh Iyer,Kolkata Knight Riders,12.0,182.0,169.0,85.0,107.69,17.0,7.0,11.0,1.0,16.55,1.0,0.0,50*,2022,,,,,,,,,,,,,,,,,,,Kolkata Knight Riders,8 crore,8.0
Venkatesh Iyer,Kolkata Knight Riders,14.0,404.0,277.0,90.0,145.84,32.0,21.0,14.0,0.0,28.86,2.0,1.0,104,2023,,,,,,,,,,,,,,,,,,,Kolkata Knight Riders,8 crore,8.0
Venkatesh Iyer,Kolkata Knight Riders,15.0,370.0,233.0,84.0,158.79,35.0,19.0,8.0,5.0,46.25,4.0,0.0,70,2024,,,,,,,,,,,,,,,,,,,Kolkata Knight Riders,8 crore,8.0
Venkatesh Iyer,Kolkata Knight Riders,11.0,142.0,102.0,38.0,139.21,15.0,4.0,7.0,0.0,20.29,1.0,0.0,60,2025,,,,,,,,,,,,,,,,,,,Kolkata Knight Riders,23.75 crore,23.75
Vidwath Kaverappa,,,,,,,,,,,,,,,2024,Punjab Kings,1.0,36.0,11.0,13.0,18.0,12.0,72.22,4.8,9.0,4.0,0.0,0.0,2.0,0.0,0.0,0.0,,Punjab Kings,5.0 crore,5.0
Vijay Shankar,Gujarat Titans,4.0,19.0,35.0,21.0,54.28,1.0,0.0,4.0,0.0,4.75,0.0,0.0,13,2022,,,,,,,,,,,,,,,,,,,Gujarat Titans,1.4,1.4
Vipraj Nigam,Delhi Capitals,14.0,142.0,79.0,27.0,179.74,15.0,8.0,7.0,1.0,20.29,0.0,0.0,39,2025,Delhi Capitals,14.0,356.0,74.0,170.0,32.36,21.27,61.23,5.31,9.12,39.0,6.0,4.0,11.0,0.0,0.0,0.0,,Delhi Capitals,0.5 crore,0.5
Vivrant Sharma,Sunrisers Hyderabad,3.0,69.0,47.0,16.0,146.8,9.0,2.0,1.0,0.0,69.00,1.0,0.0,69,2023,,,,,,,,,,,,,,,,,,,Sunrisers Hyderabad,2.6 crore,2.6
Wanindu Hasaranga,Royal Challengers Bangalore,16.0,38.0,43.0,24.0,88.37,4.0,1.0,7.0,0.0,5.43,0.0,0.0,18,2022,Royal Challengers Bangalore,16.0,430.0,143.0,203.0,16.53,13.15,63.25,6.45,7.54,57.0,4.0,0.0,26.0,1.0,1.0,1.0,,Royal Challengers Bangalore,10.75 crore,10.75
Wanindu Hasaranga,Royal Challengers Bangalore,16.0,38.0,43.0,24.0,88.37,4.0,1.0,7.0,0.0,5.43,0.0,0.0,18,2022,Royal Challengers Bangalore,16.0,430.0,143.0,203.0,16.53,13.15,63.25,6.45,7.54,57.0,4.0,0.0,26.0,1.0,1.0,1.0,,Royal Challengers Bangalore,10.75,10.75
Wanindu Hasaranga,Royal Challengers Bangalore,8.0,33.0,28.0,8.0,117.85,3.0,0.0,2.0,3.0,16.50,0.0,0.0,12*,2023,Royal Challengers Bangalore,8.0,258.0,55.0,120.0,28.66,19.33,61.24,5.43,8.89,29.0,1.0,0.0,9.0,0.0,0.0,0.0,,Royal Challengers Bangalore,10.75 crore,10.75
Wanindu Hasaranga,Rajasthan Royals,11.0,9.0,15.0,8.0,60.0,0.0,0.0,5.0,0.0,1.80,0.0,0.0,4,2025,Rajasthan Royals,11.0,371.0,67.0,184.0,33.72,22.36,57.68,5.72,9.04,41.0,5.0,0.0,11.0,0.0,1.0,0.0,,Rajasthan Royals,5.25 crore,5.25
Washington Sundar,Sunrisers Hyderabad,9.0,101.0,69.0,21.0,146.37,9.0,3.0,7.0,0.0,14.43,0.0,0.0,40,2022,Sunrisers Hyderabad,9.0,239.0,47.0,123.0,39.83,28.0,56.06,6.22,8.53,28.0,1.0,1.0,6.0,0.0,0.0,0.0,,Sunrisers Hyderabad,8.75,8.75
Wayne Parnell,Royal Challengers Bangalore,7.0,2.0,5.0,3.0,40.0,0.0,0.0,1.0,0.0,2.00,0.0,0.0,2,2023,Royal Challengers Bangalore,7.0,236.0,56.0,101.0,26.22,16.77,70.33,4.31,9.37,25.1,5.0,1.0,9.0,0.0,0.0,0.0,,Royal Challengers Bangalore,0 crore,0.0
Will Jacks,Royal Challengers Bengaluru,8.0,230.0,131.0,46.0,175.57,16.0,18.0,7.0,1.0,32.86,1.0,1.0,100*,2024,Royal Challengers Bengaluru,8.0,100.0,11.0,44.0,50.0,27.0,66.0,4.15,11.11,9.0,1.0,0.0,2.0,0.0,0.0,0.0,,Pretoria Capitals,3.2 crore,3.2
Will Jacks,Mumbai Indians,13.0,233.0,172.0,64.0,135.46,22.0,11.0,10.0,1.0,23.30,1.0,0.0,53,2025,Mumbai Indians,13.0,120.0,32.0,58.0,20.0,14.0,56.66,5.6,8.57,14.0,5.0,1.0,6.0,0.0,0.0,0.0,,Mumbai Indians,5.25 crore,5.25
Wriddhiman Saha,Gujarat Titans,11.0,317.0,259.0,105.0,122.39,40.0,7.0,10.0,1.0,31.70,3.0,0.0,68,2022,,,,,,,,,,,,,,,,,,,Gujarat Titans,1.9,1.9
Yash Dayal,,,,,,,,,,,,,,,2022,Gujarat Titans,9.0,296.0,76.0,129.0,26.9,17.45,66.21,4.46,9.25,32.0,10.0,3.0,11.0,0.0,0.0,0.0,,Gujarat Titans,3.2,3.2
Yash Dayal,,,,,,,,,,,,,,,2023,Gujarat Titans,5.0,165.0,24.0,64.0,82.5,42.0,72.72,3.5,11.78,14.0,4.0,0.0,2.0,0.0,0.0,0.0,,Gujarat Titans,3.2 crore,3.2
Yash Dayal,,,,,,,,,,,,,,,2024,Royal Challengers Bengaluru,14.0,459.0,122.0,199.0,30.6,20.06,67.1,4.3,9.14,50.1,18.0,3.0,15.0,0.0,0.0,0.0,,Royal Challengers Bangalore,3.2 crore,3.2
Yash Dayal,Royal Challengers Bengaluru,14.0,3.0,7.0,5.0,42.85,0.0,0.0,2.0,0.0,1.50,0.0,0.0,3,2025,Royal Challengers Bengaluru,14.0,452.0,87.0,200.0,37.66,23.0,62.38,4.52,9.82,46.0,7.0,4.0,12.0,0.0,0.0,0.0,,Royal Challengers Bangalore,5 crore,5.0
Yash Dhull,Delhi Capitals,4.0,16.0,23.0,10.0,69.56,1.0,0.0,3.0,0.0,5.33,0.0,0.0,13,2023,,,,,,,,,,,,,,,,,,,Delhi Capitals,0.5 crore,0.5
Yash Thakur,,,,,,,,,,,,,,,2023,Lucknow Super Giants,9.0,289.0,70.0,137.0,22.23,14.69,59.51,5.45,9.07,31.5,14.0,2.0,13.0,0.0,1.0,0.0,,Lucknow Supergiants,0.45 crore,0.45
Yash Thakur,,,,,,,,,,,,,,,2024,Lucknow Super Giants,10.0,402.0,68.0,157.0,36.54,19.36,71.14,3.55,11.32,35.3,11.0,1.0,11.0,1.0,0.0,1.0,,Lucknow Supergiants,0.45 crore,0.45
Yash Thakur,,,,,,,,,,,,,,,2025,Punjab Kings,2.0,79.0,11.0,32.0,79.0,39.0,70.88,3.25,12.15,6.3,3.0,1.0,1.0,0.0,0.0,0.0,,Punjab Kings,1.6 crore,1.6
Yashasvi Jaiswal,Rajasthan Royals,3.0,40.0,44.0,,90.9,2.0,2.0,3.0,0.0,13.33,0.0,0.0,34,2020,,,,,,,,,,,,,,,,,,,Rajasthan Royals,2.4 crore,2.4
Yashasvi Jaiswal,Rajasthan Royals,10.0,258.0,194.0,81.0,132.98,28.0,10.0,10.0,0.0,25.80,2.0,0.0,68,2022,,,,,,,,,,,,,,,,,,,Rajasthan Royals,4 crore,4.0
Yashasvi Jaiswal,Rajasthan Royals,14.0,625.0,382.0,152.0,163.61,82.0,26.0,13.0,1.0,48.08,5.0,1.0,124,2023,,,,,,,,,,,,,,,,,,,Rajasthan Royals,4.00 crore,4.0
Yashasvi Jaiswal,Rajasthan Royals,16.0,435.0,279.0,106.0,155.91,54.0,16.0,14.0,1.0,31.07,1.0,1.0,104*,2024,,,,,,,,,,,,,,,,,,,Rajasthan Royals,4 crore,4.0
Yashasvi Jaiswal,Rajasthan Royals,14.0,559.0,350.0,125.0,159.71,60.0,28.0,13.0,1.0,43.00,6.0,0.0,75,2025,,,,,,,,,,,,,,,,,,,Rajasthan Royals,18 crore,18.0
Yudhvir Singh,Lucknow Super Giants,3.0,1.0,2.0,1.0,50.0,0.0,0.0,2.0,0.0,0.50,0.0,0.0,1,2023,Lucknow Super Giants,3.0,70.0,25.0,25.0,23.33,16.0,80.0,3.69,8.75,8.0,2.0,0.0,3.0,0.0,0.0,0.0,,Lucknow Supergiants,0.2 crore,0.2
Yudhvir Singh,Lucknow Super Giants,2.0,21.0,14.0,7.0,150.0,1.0,2.0,2.0,0.0,10.50,0.0,0.0,14,2024,Lucknow Super Giants,2.0,52.0,5.0,19.0,52.0,24.0,65.38,3.42,13.0,4.0,0.0,0.0,1.0,0.0,0.0,0.0,,Lucknow Supergiants,0.2 crore,0.2
Yusuf Pathan,Sunrisers Hyderabad,15.0,260.0,200.0,,130.0,22.0,11.0,9.0,4.0,28.88,0.0,0.0,45*,2018,Sunrisers Hyderabad,15.0,14.0,2.0,,14.0,12.0,,,7.0,2.0,,,1.0,0.0,0.0,0.0,0.0,Sunrisers Hyderabad,1.9 crore,1.9
Yusuf Pathan,Sunrisers Hyderabad,10.0,40.0,45.0,,88.88,1.0,1.0,3.0,5.0,13.33,0.0,0.0,16*,2019,,,,,,,,,,,,,,,,,,,Sunrisers Hyderabad,1.9 crore,1.9
Yuzvendra Chahal,Rajasthan Royals,17.0,5.0,8.0,4.0,62.5,0.0,0.0,1.0,1.0,5.00,0.0,0.0,5,2022,Rajasthan Royals,17.0,527.0,137.0,292.0,19.51,15.11,49.71,7.84,7.75,68.0,21.0,0.0,27.0,0.0,1.0,1.0,,Rajasthan Royals,6.5,6.5
