BowlerName,TeamName,Matches,TotalRunsConceded,DotBallsBowled,ScoringBallsBowled,BowlingAverage,StrikeRate,BoundaryPercentage,BoundaryFrequency,EconomyRate,OversBowled,Wides,NoBalls,Wickets,Maidens,FourWickets,FiveWickets,Hattricks,Year
Andrew Tye,Punjab Kings,14,448,116,,18.66,14.0,,,8.0,56.0,,,24,0,3,0,0.0,2018
Siddarth Kaul,Sunrisers Hyderabad,17,547,131,,26.04,18.85,,,8.28,66.0,,,21,0,0,0,0.0,2018
Rashid Khan,Sunrisers Hyderabad,17,458,167,,21.8,19.42,,,6.73,68.0,,,21,1,0,0,0.0,2018
Umesh Yadav,Royal Challengers Bangalore,14,418,148,,20.9,15.95,,,7.86,53.0,,,20,1,0,0,0.0,2018
Hardik Pandya,Mumbai Indians,13,381,98,,21.16,14.22,,,8.92,42.0,,,18,0,0,0,0.0,2018
Trent Boult,Delhi Capitals,14,466,118,,25.88,17.55,,,8.84,52.0,,,18,1,0,0,0.0,2018
Jasprit Bumrah,Mumbai Indians,14,372,133,,21.88,19.05,,,6.88,54.0,,,17,0,0,0,0.0,2018
Sunil Narine,Kolkata Knight Riders,16,467,137,,27.47,21.52,,,7.65,61.0,,,17,0,0,0,0.0,2018
Kuldeep Yadav,Kolkata Knight Riders,16,418,94,,24.58,18.11,,,8.14,51.0,,,17,0,1,0,0.0,2018
Shardul Thakur,Chennai Super Kings,13,431,113,,26.93,17.5,,,9.23,46.0,,,16,1,0,0,0.0,2018
Jofra Archer,Mumbai Indians,10,325,98,,21.66,15.53,,,8.36,39.0,,,15,0,0,0,0.0,2018
Mayank Markande,Mumbai Indians,14,368,87,,24.53,17.6,,,8.36,44.0,,,15,0,1,0,0.0,2018
Dwayne Bravo,Chennai Super Kings,16,533,90,,38.07,22.92,,,9.96,53.0,,,14,1,0,0,0.0,2018
Mitchell McClenaghan,Mumbai Indians,11,332,103,,23.71,17.14,,,8.3,40.0,,,14,0,0,0,0.0,2018
Mujeeb Ur Rahman,Punjab Kings,11,289,93,,20.64,17.71,,,6.99,41.0,,,14,0,0,0,0.0,2018
Piyush Chawla,Kolkata Knight Riders,15,412,110,,29.42,21.0,,,8.4,49.0,,,14,0,0,0,0.0,2018
Shakib Al Hasan,Sunrisers Hyderabad,17,456,98,,32.57,24.42,,,8.0,57.0,,,14,0,0,0,0.0,2018
Andre Russell,Kolkata Knight Riders,16,355,76,,27.3,17.46,,,9.38,38.0,,,13,0,0,0,0.0,2018
Sandeep Sharma,Sunrisers Hyderabad,12,333,116,,27.75,22.0,,,7.56,44.0,,,12,0,0,0,0.0,2018
Krunal Pandya,Mumbai Indians,14,284,85,,23.66,20.08,,,7.07,40.0,,,12,0,0,0,0.0,2018
Amit Mishra,Delhi Capitals,10,264,74,,22.0,18.5,,,7.13,37.0,,,12,1,0,0,0.0,2018
Yuzvendra Chahal,Royal Challengers Bangalore,14,363,128,,30.25,25.0,,,7.26,50.0,,,12,1,0,0,0.0,2018
Ankit Rajpoot,Punjab Kings,8,223,80,,20.27,14.27,,,8.52,26.0,,,11,1,0,1,0.0,2018
Mohammed Siraj,Royal Challengers Bangalore,11,367,90,,33.36,22.36,,,8.95,41.0,,,11,0,0,0,0.0,2018
Lungi Ngidi ,Chennai Super Kings,7,156,79,,14.18,14.18,,,6.0,26.0,,,11,2,1,0,0.0,2018
Krishnappa Gowtham,Rajasthan Royals,15,312,90,,28.36,21.81,,,7.8,40.0,,,11,0,0,0,0.0,2018
Ravindra Jadeja,Chennai Super Kings,16,303,82,,27.54,22.36,,,7.39,41.0,,,11,0,0,0,0.0,2018
Jaydev Unadkat,Mumbai Indians,15,486,97,,44.18,27.45,,,9.65,50.0,,,11,0,0,0,0.0,2018
Shreyas Gopal,Rajasthan Royals,11,236,68,,21.45,16.9,,,7.61,31.0,,,11,0,1,0,0.0,2018
Deepak Chahar,Chennai Super Kings,12,278,117,,27.8,22.9,,,7.28,38.0,,,10,1,0,0,0.0,2018
Prasidh Krishna,Kolkata Knight Riders,7,260,60,,26.0,16.8,,,9.28,28.0,,,10,0,1,0,0.0,2018
Ravichandran Ashwin,Punjab Kings,14,410,77,,41.0,30.4,,,8.09,50.0,,,10,0,0,0,0.0,2018
Ben Laughlin,Rajasthan Royals,7,211,34,,23.44,14.0,,,10.04,21.0,,,9,0,0,0,0.0,2018
Bhuvneshwar Kumar,Sunrisers Hyderabad,12,354,124,,39.33,30.77,,,7.66,46.0,,,9,1,0,0,0.0,2018
Chris Woakes,Royal Challengers Bangalore,5,190,47,,23.75,13.75,,,10.36,18.0,,,8,0,0,0,0.0,2018
Ben Stokes,Rajasthan Royals,13,303,77,,37.87,27.75,,,8.18,37.0,,,8,1,0,0,0.0,2018
Harshal Patel,Delhi Capitals,5,167,36,,23.85,15.0,,,9.54,17.0,,,7,0,0,0,0.0,2018
Mohit Sharma,Punjab Kings,9,322,50,,46.0,25.42,,,10.85,29.0,,,7,0,0,0,0.0,2018
Mustafizur Rahman,Mumbai Indians,7,230,59,,32.85,23.57,,,8.36,27.0,,,7,0,0,0,0.0,2018
Harbhajan Singh,Chennai Super Kings,13,270,68,,38.57,27.28,,,8.48,32.0,,,7,0,0,0,0.0,2018
Imran Tahir,Chennai Super Kings,6,188,40,,31.33,20.66,,,9.09,20.0,,,6,0,0,0,0.0,2018
Tom Curran,Kolkata Knight Riders,5,118,15,,19.66,10.16,,,11.6,10.0,,,6,0,0,0,0.0,2018
Rahul Tewatia,Delhi Capitals,8,173,41,,28.83,22.0,,,7.86,22.0,,,6,0,0,0,0.0,2018
Shane Watson,Chennai Super Kings,15,251,57,,41.83,28.0,,,8.96,28.0,,,6,0,0,0,0.0,2018
Tim Southee,Royal Challengers Bangalore,8,261,59,,52.2,34.8,,,9.0,29.0,,,5,0,0,0,0.0,2018
Sandeep Lamichhane,Delhi Capitals,3,82,30,,16.4,14.4,,,6.83,12.0,,,5,0,0,0,0.0,2018
Basil Thampi,Sunrisers Hyderabad,4,114,17,,22.8,12.2,,,11.21,10.0,,,5,0,0,0,0.0,2018
Shivam Mavi,Kolkata Knight Riders,9,270,64,,54.0,33.6,,,9.64,28.0,,,5,0,0,0,0.0,2018
Billy Stanlake,Sunrisers Hyderabad,4,130,47,,26.0,19.2,,,8.12,16.0,,,5,0,0,0,0.0,2018
Carlos Brathwaite,Sunrisers Hyderabad,4,94,23,,18.8,12.2,,,9.24,10.0,,,5,0,0,0,0.0,2018
Glenn Maxwell,Delhi Capitals,12,132,32,,26.4,19.2,,,8.25,16.0,,,5,0,0,0,0.0,2018
Ish Sodhi,Rajasthan Royals,6,135,51,,27.0,27.6,,,5.86,23.0,,,5,0,0,0,0.0,2018
Dhawal Kulkarni,Rajasthan Royals,8,188,54,,47.0,29.75,,,9.47,20.0,,,4,0,0,0,0.0,2018
Washington Sundar,Royal Challengers Bangalore,7,192,29,,48.0,30.0,,,9.6,20.0,,,4,0,0,0,0.0,2018
Avesh Khan,Delhi Capitals,6,204,44,,51.0,28.5,,,10.73,19.0,,,4,0,0,0,0.0,2018
Nitish Rana,Kolkata Knight Riders,15,44,17,,11.0,9.25,,,7.13,6.0,,,4,0,0,0,0.0,2018
Barinder Sran,Punjab Kings,6,229,47,,57.25,33.0,,,10.4,22.0,,,4,0,0,0,0.0,2018
Dan Christian,Delhi Capitals,4,101,22,,25.25,17.75,,,8.53,12.0,,,4,0,0,0,0.0,2018
Liam Plunkett,Delhi Capitals,7,225,42,,56.25,37.5,,,9.0,25.0,,,4,0,0,0,0.0,2018
Karn Sharma,Chennai Super Kings,6,89,16,,22.25,14.25,,,9.36,9.0,,,4,0,0,0,0.0,2018
Shahbaz Nadeem,Delhi Capitals,6,161,21,,53.66,30.0,,,10.73,15.0,,,3,0,0,0,0.0,2018
Axar Patel,Punjab Kings,9,218,41,,72.66,52.0,,,8.38,26.0,,,3,0,0,0,0.0,2018
Mohammad Shami,Delhi Capitals,4,144,28,,48.0,27.66,,,10.4,14.0,,,3,0,0,0,0.0,2018
Corey Anderson,Royal Challengers Bangalore,3,115,16,,38.33,17.33,,,13.26,8.0,,,3,0,0,0,0.0,2018
KM Asif,Chennai Super Kings,2,75,16,,25.0,12.0,,,12.5,6.0,,,3,0,0,0,0.0,2018
Moeen Ali,Royal Challengers Bangalore,5,97,27,,32.33,26.33,,,7.36,13.0,,,3,0,0,0,0.0,2018
Murugan Ashwin,Royal Challengers Bangalore,2,53,20,,17.66,14.0,,,7.57,7.0,,,3,0,0,0,0.0,2018
Marcus Stoinis,Punjab Kings,7,120,15,,40.0,22.0,,,10.9,11.0,,,3,0,0,0,0.0,2018
Chris Morris,Delhi Capitals,4,143,31,,47.66,28.0,,,10.21,14.0,,,3,0,0,0,0.0,2018
Colin de Grandhomme,Royal Challengers Bangalore,9,129,26,,64.5,45.0,,,8.6,15.0,,,2,0,0,0,0.0,2018
Vinay Kumar,Kolkata Knight Riders,2,65,8,,32.5,11.5,,,16.95,4.0,,,2,0,0,0,0.0,2018
David Willey,Chennai Super Kings,3,95,20,,47.5,30.0,,,9.5,10.0,,,2,0,0,0,0.0,2018
Mitchell Johnson,Kolkata Knight Riders,6,216,46,,108.0,63.0,,,10.28,21.0,,,2,0,0,0,0.0,2018
Kulwant Khejroliya,Royal Challengers Bangalore,3,107,18,,53.5,32.5,,,9.87,11.0,,,2,0,0,0,0.0,2018
Javon Searles,Kolkata Knight Riders,4,89,7,,44.5,21.0,,,12.71,7.0,,,2,0,0,0,0.0,2018
Ben Cutting,Mumbai Indians,9,168,24,,84.0,51.0,,,9.88,17.0,,,2,0,0,0,0.0,2018
Pawan Negi,Royal Challengers Bangalore,2,49,9,,49.0,24.0,,,12.25,4.0,,,1,0,0,0,0.0,2018
D'Arcy Short,Rajasthan Royals,7,19,8,,19.0,18.0,,,6.33,3.0,,,1,0,0,0,0.0,2018
Anureet Singh,Rajasthan Royals,3,42,4,,42.0,24.0,,,10.5,4.0,,,1,0,0,0,0.0,2018
Vijay Shankar,Delhi Capitals,13,58,8,,58.0,30.0,,,11.6,5.0,,,1,0,0,0,0.0,2018
Yusuf Pathan,Sunrisers Hyderabad,15,14,2,,14.0,12.0,,,7.0,2.0,,,1,0,0,0,0.0,2018
Mohammad Nabi,Sunrisers Hyderabad,2,47,12,,47.0,30.0,,,9.4,5.0,,,1,0,0,0,0.0,2018
Imran Tahir,Chennai Super Kings,17,431,149,,16.57,14.84,,,6.69,64.0,,,26,1,2,0,0.0,2019
Kagiso Rabada,Delhi Capitals,12,368,113,,14.72,11.28,,,7.82,47.0,,,25,0,2,0,0.0,2019
Deepak Chahar,Chennai Super Kings,17,482,190,,21.9,17.59,,,7.47,64.0,,,22,2,0,0,0.0,2019
Shreyas Gopal,Rajasthan Royals,14,347,107,,17.35,14.4,,,7.22,48.0,,,20,1,0,0,1.0,2019
Mohammad Shami,Punjab Kings,14,469,119,,24.68,17.05,,,8.68,54.0,,,19,0,0,0,0.0,2019
Khaleel Ahmed,Sunrisers Hyderabad,9,287,87,,15.1,11.0,,,8.23,35.0,,,19,0,0,0,0.0,2019
Jasprit Bumrah,Mumbai Indians,16,409,169,,21.52,19.47,,,6.63,61.0,,,19,1,0,0,0.0,2019
Yuzvendra Chahal,Royal Challengers Bangalore,14,386,117,,21.44,16.44,,,7.82,49.0,,,18,1,1,0,0.0,2019
Rashid Khan,Sunrisers Hyderabad,15,377,166,,22.17,21.17,,,6.28,60.0,,,17,1,0,0,0.0,2019
Lasith Malinga,Mumbai Indians,12,438,91,,27.37,16.81,,,9.76,45.0,,,16,0,2,0,0.0,2019
Harbhajan Singh,Chennai Super Kings,11,312,117,,19.5,16.5,,,7.09,44.0,,,16,1,0,0,0.0,2019
Ravichandran Ashwin,Punjab Kings,14,400,100,,26.66,22.0,,,7.27,55.0,,,15,0,0,0,0.0,2019
Ravindra Jadeja,Chennai Super Kings,16,343,128,,22.86,21.6,,,6.35,54.0,,,15,1,0,0,0.0,2019
Hardik Pandya,Mumbai Indians,16,390,94,,27.85,18.21,,,9.17,42.0,,,14,0,0,0,0.0,2019
Chris Morris,Delhi Capitals,9,306,68,,23.53,15.23,,,9.27,33.0,,,13,0,0,0,0.0,2019
Rahul Chahar,Mumbai Indians,13,308,125,,23.69,21.69,,,6.55,47.0,,,13,0,0,0,0.0,2019
Ishant Sharma,Delhi Capitals,13,349,122,,26.84,21.23,,,7.58,46.0,,,13,1,0,0,0.0,2019
Bhuvneshwar Kumar,Sunrisers Hyderabad,15,461,168,,35.46,27.23,,,7.81,59.0,,,13,1,0,0,0.0,2019
Krunal Pandya,Mumbai Indians,16,335,94,,27.91,23.0,,,7.28,46.0,,,12,0,0,0,0.0,2019
Sandeep Sharma,Sunrisers Hyderabad,11,352,82,,29.33,21.33,,,8.25,42.0,,,12,0,0,0,0.0,2019
Dwayne Bravo,Chennai Super Kings,12,330,74,,30.0,22.45,,,8.01,41.0,,,11,0,0,0,0.0,2019
Amit Mishra,Delhi Capitals,11,270,83,,24.54,21.81,,,6.75,40.0,,,11,0,0,0,0.0,2019
Andre Russell,Kolkata Knight Riders,14,287,61,,26.09,16.45,,,9.51,30.0,,,11,0,0,0,0.0,2019
Navdeep Saini,Royal Challengers Bangalore,13,397,141,,36.09,26.18,,,8.27,48.0,,,11,0,0,0,0.0,2019
Jofra Archer,Mumbai Indians,11,291,121,,26.45,23.45,,,6.76,43.0,,,11,2,0,0,0.0,2019
Sam Curran,Punjab Kings,9,323,60,,32.3,19.8,,,9.78,33.0,,,10,0,1,0,1.0,2019
Axar Patel,Delhi Capitals,14,364,110,,36.4,30.6,,,7.13,51.0,,,10,0,0,0,0.0,2019
Piyush Chawla,Kolkata Knight Riders,13,399,87,,39.9,26.7,,,8.96,44.0,,,10,0,0,0,0.0,2019
Sunil Narine,Kolkata Knight Riders,12,347,96,,34.7,26.6,,,7.82,44.0,,,10,1,0,0,0.0,2019
Jaydev Unadkat,Mumbai Indians,11,398,58,,39.8,22.4,,,10.66,37.0,,,10,0,0,0,0.0,2019
Keemo Paul,Delhi Capitals,8,237,54,,26.33,18.11,,,8.72,27.0,,,9,0,0,0,0.0,2019
Shardul Thakur,Chennai Super Kings,10,281,65,,35.12,22.5,,,9.36,30.0,,,8,0,0,0,0.0,2019
Mohammad Nabi,Sunrisers Hyderabad,8,194,69,,24.25,21.87,,,6.65,29.0,,,8,0,1,0,0.0,2019
Umesh Yadav,Royal Challengers Bangalore,11,371,88,,46.37,28.37,,,9.8,38.0,,,8,0,0,0,0.0,2019
Sandeep Lamichhane,Delhi Capitals,6,210,47,,26.25,17.25,,,9.13,23.0,,,8,0,0,0,0.0,2019
Mohammed Siraj,Royal Challengers Bangalore,9,269,69,,38.42,24.14,,,9.55,28.0,,,7,1,0,0,0.0,2019
Harry Gurney,Kolkata Knight Riders,8,238,51,,34.0,23.14,,,8.81,27.0,,,7,0,0,0,0.0,2019
Hardus Viljoen,Punjab Kings,6,222,47,,31.71,19.71,,,9.65,23.0,,,7,0,0,0,0.0,2019
Siddarth Kaul,Sunrisers Hyderabad,7,242,56,,40.33,27.0,,,8.96,27.0,,,6,0,0,0,0.0,2019
Moeen Ali,Royal Challengers Bangalore,11,169,63,,28.16,25.0,,,6.76,25.0,,,6,0,0,0,0.0,2019
Alzarri Joseph ,Mumbai Indians,3,87,25,,14.5,8.66,,,10.03,8.0,,,6,1,0,1,0.0,2019
Dhawal Kulkarni,Rajasthan Royals,10,335,77,,55.83,35.0,,,9.57,35.0,,,6,1,0,0,0.0,2019
Ben Stokes,Rajasthan Royals,9,189,31,,31.5,16.83,,,11.22,17.0,,,6,0,0,0,0.0,2019
Jason Behrendorff,Mumbai Indians,5,165,54,,33.0,22.8,,,8.68,19.0,,,5,0,0,0,0.0,2019
Trent Boult,Delhi Capitals,5,163,44,,32.6,22.8,,,8.57,19.0,,,5,0,0,0,0.0,2019
Oshane Thomas,Rajasthan Royals,4,79,22,,15.8,12.0,,,7.9,10.0,,,5,0,0,0,0.0,2019
Murugan Ashwin,Punjab Kings,10,255,59,,51.0,40.8,,,7.5,34.0,,,5,0,0,0,0.0,2019
Washington Sundar,Royal Challengers Bangalore,3,74,21,,18.5,13.5,,,8.22,9.0,,,4,0,0,0,0.0,2019
Dale Steyn,Royal Challengers Bangalore,2,69,20,,17.25,12.0,,,8.62,8.0,,,4,0,0,0,0.0,2019
Ish Sodhi,Rajasthan Royals,2,67,15,,16.75,10.75,,,9.34,7.0,,,4,1,0,0,0.0,2019
Prasidh Krishna,Kolkata Knight Riders,11,377,95,,94.25,60.5,,,9.34,40.0,,,4,0,0,0,0.0,2019
Kuldeep Yadav,Kolkata Knight Riders,9,286,54,,71.5,49.5,,,8.66,33.0,,,4,0,0,0,0.0,2019
Mitchell Santner,Chennai Super Kings,4,94,37,,23.5,21.0,,,6.71,14.0,,,4,0,0,0,0.0,2019
Varun Aaron,Rajasthan Royals,5,116,28,,29.0,18.0,,,9.66,12.0,,,4,1,0,0,0.0,2019
Mujeeb Ur Rahman,Punjab Kings,5,191,37,,63.66,38.0,,,10.05,19.0,,,3,0,0,0,0.0,2019
Arshdeep Singh,Punjab Kings,3,109,20,,36.33,20.0,,,10.9,10.0,,,3,0,0,0,0.0,2019
Nitish Rana,Kolkata Knight Riders,14,72,15,,24.0,16.0,,,9.0,8.0,,,3,0,0,0,0.0,2019
Ankit Rajpoot,Punjab Kings,4,152,35,,50.66,32.0,,,9.5,16.0,,,3,0,0,0,0.0,2019
Pawan Negi,Royal Challengers Bangalore,7,102,25,,34.0,22.33,,,9.13,11.0,,,3,0,0,0,0.0,2019
Andrew Tye,Punjab Kings,6,233,30,,77.66,44.0,,,10.59,22.0,,,3,0,0,0,0.0,2019
Mitchell McClenaghan,Mumbai Indians,5,142,45,,47.33,36.0,,,7.88,18.0,,,3,1,0,0,0.0,2019
Shakib Al Hasan,Sunrisers Hyderabad,3,95,22,,47.5,32.5,,,8.76,11.0,,,2,0,0,0,0.0,2019
Shahbaz Nadeem,Sunrisers Hyderabad,3,90,10,,45.0,27.0,,,10.0,9.0,,,2,0,0,0,0.0,2019
Scott Kuggeleijn,Chennai Super Kings,2,71,17,,35.5,24.0,,,8.87,8.0,,,2,0,0,0,0.0,2019
Sandeep Warrier,Kolkata Knight Riders,3,85,30,,42.5,36.0,,,7.08,12.0,,,2,0,0,0,0.0,2019
Marcus Stoinis,Royal Challengers Bangalore,10,145,32,,72.5,50.0,,,8.7,16.0,,,2,0,0,0,0.0,2019
Riyan Parag,Rajasthan Royals,7,121,18,,60.5,42.0,,,8.64,14.0,,,2,0,0,0,0.0,2019
Harshal Patel,Delhi Capitals,2,77,15,,38.5,24.0,,,9.62,8.0,,,2,0,0,0,0.0,2019
Rahul Tewatia,Delhi Capitals,5,42,19,,21.0,19.0,,,6.63,6.0,,,2,0,0,0,0.0,2019
Jagadeesha Suchith,Delhi Capitals,1,28,11,,14.0,12.0,,,7.0,4.0,,,2,0,0,0,0.0,2019
Lockie Ferguson,Kolkata Knight Riders,5,183,30,,91.5,51.0,,,10.76,17.0,,,2,0,0,0,0.0,2019
Abhishek Sharma,Sunrisers Hyderabad,3,21,1,,21.0,12.0,,,10.5,2.0,,,1,0,0,0,0.0,2019
Deepak Hooda,Sunrisers Hyderabad,11,21,1,,21.0,12.0,,,10.5,2.0,,,1,0,0,0,0.0,2019
Vijay Shankar,Sunrisers Hyderabad,15,70,14,,70.0,48.0,,,8.75,8.0,,,1,0,0,0,0.0,2019
Varun Chakaravarthy,Punjab Kings,1,35,8,,35.0,18.0,,,11.66,3.0,,,1,0,0,0,0.0,2019
Mayank Markande,Mumbai Indians,3,59,11,,59.0,36.0,,,9.83,6.0,,,1,0,0,0,0.0,2019
Kulwant Khejroliya,Royal Challengers Bangalore,2,47,10,,47.0,30.0,,,9.4,5.0,,,1,0,0,0,0.0,2019
Krishnappa Gowtham,Rajasthan Royals,7,166,38,,166.0,120.0,,,8.3,20.0,,,1,0,0,0,0.0,2019
Tim Southee,Royal Challengers Bangalore,3,118,19,,118.0,54.0,,,13.11,9.0,,,1,0,0,0,0.0,2019
Karn Sharma,Chennai Super Kings,1,33,4,,33.0,17.0,,,11.64,3.0,,,1,0,0,0,0.0,2019
Stuart Binny,Rajasthan Royals,8,44,13,,44.0,42.0,,,6.28,7.0,,,1,0,0,0,0.0,2019
Anukul Roy,Mumbai Indians,1,11,4,,11.0,12.0,,,5.5,2.0,,,1,0,0,0,0.0,2019
Mohit Sharma,Chennai Super Kings,1,27,8,,27.0,18.0,,,9.0,3.0,,,1,0,0,0,0.0,2019
Sherfane Rutherford,Delhi Capitals,7,59,8,,59.0,41.0,,,8.63,7.0,,,1,0,0,0,0.0,2019
Ben Cutting,Mumbai Indians,3,27,2,,27.0,12.0,,,13.5,2.0,,,1,0,0,0,0.0,2019
Jayant Yadav,Mumbai Indians,2,50,17,,50.0,42.0,,,7.14,7.0,,,1,0,0,0,0.0,2019
Prithvi Raj Yarra,Kolkata Knight Riders,2,57,8,,57.0,30.0,,,11.4,5.0,,,1,0,0,0,0.0,2019
Kagiso Rabada,Delhi Capitals,17,548,156,,18.26,13.13,,,8.34,65.0,,,30,1,2,0,0.0,2020
Jasprit Bumrah,Mumbai Indians,15,404,175,,14.96,13.33,,,6.73,60.0,,,27,2,2,0,0.0,2020
Trent Boult,Mumbai Indians,15,457,157,,18.28,13.76,,,7.97,57.0,,,25,3,1,0,0.0,2020
Anrich Nortje,Delhi Capitals,16,512,160,,23.27,16.63,,,8.39,61.0,,,22,0,0,0,0.0,2020
Yuzvendra Chahal,Royal Challengers Bangalore,15,405,118,,19.28,16.33,,,7.08,57.0,,,21,0,0,0,0.0,2020
Mohammad Shami,Punjab Kings,14,460,140,,23.0,16.1,,,8.57,53.0,,,20,0,0,0,0.0,2020
Jofra Archer,Mumbai Indians,14,365,175,,18.25,16.7,,,6.55,55.0,,,20,0,0,0,0.0,2020
Rashid Khan,Sunrisers Hyderabad,16,344,168,,17.2,19.2,,,5.37,64.0,,,20,1,0,0,0.0,2020
Varun Chakaravarthy,Kolkata Knight Riders,13,356,111,,20.94,18.35,,,6.84,52.0,,,17,0,0,1,0.0,2020
T Natarajan,Sunrisers Hyderabad,16,504,136,,31.5,23.56,,,8.02,63.0,,,16,1,0,0,0.0,2020
Rahul Chahar,Mumbai Indians,15,433,104,,28.86,21.2,,,8.16,53.0,,,15,0,0,0,0.0,2020
Jason Holder,Sunrisers Hyderabad,7,233,58,,16.64,12.0,,,8.32,28.0,,,14,0,0,0,0.0,2020
Sandeep Sharma,Sunrisers Hyderabad,13,374,119,,26.71,22.28,,,7.19,52.0,,,14,0,0,0,0.0,2020
Marcus Stoinis,Delhi Capitals,17,283,50,,21.76,13.69,,,9.53,29.0,,,13,0,0,0,0.0,2020
Ravichandran Ashwin,Delhi Capitals,15,391,101,,30.07,23.53,,,7.66,51.0,,,13,0,0,0,0.0,2020
Sam Curran,Chennai Super Kings,14,344,91,,26.46,19.38,,,8.19,42.0,,,13,0,0,0,0.0,2020
Pat Cummins,Kolkata Knight Riders,14,409,140,,34.08,26.0,,,7.86,52.0,,,12,0,1,0,0.0,2020
Ravi Bishnoi,Punjab Kings,14,376,122,,31.33,25.5,,,7.37,51.0,,,12,1,0,0,0.0,2020
Deepak Chahar,Chennai Super Kings,14,396,118,,33.0,26.0,,,7.61,52.0,,,12,2,0,0,0.0,2020
Mohammed Siraj,Royal Challengers Bangalore,9,236,77,,21.45,14.81,,,8.68,27.0,,,11,2,0,0,0.0,2020
James Pattinson,Mumbai Indians,10,320,78,,29.09,19.36,,,9.01,35.0,,,11,0,0,0,0.0,2020
Chris Morris,Royal Challengers Bangalore,9,210,91,,19.09,17.27,,,6.63,31.0,,,11,1,1,0,0.0,2020
Shreyas Gopal,Rajasthan Royals,14,427,86,,42.7,30.0,,,8.54,50.0,,,10,0,0,0,0.0,2020
Murugan Ashwin,Punjab Kings,9,235,70,,23.5,18.9,,,7.46,31.0,,,10,0,0,0,0.0,2020
Shardul Thakur,Chennai Super Kings,9,275,68,,27.5,19.4,,,8.5,32.0,,,10,0,0,0,0.0,2020
Rahul Tewatia,Rajasthan Royals,14,326,95,,32.6,27.6,,,7.08,46.0,,,10,0,0,0,0.0,2020
Lungi Ngidi ,Chennai Super Kings,4,167,35,,18.55,10.66,,,10.43,16.0,,,9,0,0,0,0.0,2020
Kartik Tyagi,Rajasthan Royals,10,367,83,,40.77,25.44,,,9.61,38.0,,,9,0,0,0,0.0,2020
Arshdeep Singh,Punjab Kings,8,218,56,,24.22,16.55,,,8.77,25.0,,,9,1,0,0,0.0,2020
Axar Patel,Delhi Capitals,15,327,100,,36.33,34.0,,,6.41,51.0,,,9,0,0,0,0.0,2020
Shivam Mavi,Kolkata Knight Riders,8,212,63,,23.55,17.33,,,8.15,26.0,,,9,2,0,0,0.0,2020
Chris Jordan,Punjab Kings,9,304,62,,33.77,21.0,,,9.65,31.0,,,9,0,0,0,0.0,2020
Khaleel Ahmed,Sunrisers Hyderabad,7,242,62,,30.25,19.25,,,9.42,25.0,,,8,0,0,0,0.0,2020
Isuru Udana,Royal Challengers Bangalore,10,282,49,,35.25,21.75,,,9.72,29.0,,,8,0,0,0,0.0,2020
Washington Sundar,Royal Challengers Bangalore,15,298,114,,37.25,37.5,,,5.96,50.0,,,8,1,0,0,0.0,2020
Piyush Chawla,Chennai Super Kings,7,191,37,,31.83,21.0,,,9.09,21.0,,,6,0,0,0,0.0,2020
Navdeep Saini,Royal Challengers Bangalore,13,379,116,,63.16,45.66,,,8.29,45.0,,,6,1,0,0,0.0,2020
Sheldon Cottrell,Punjab Kings,6,176,59,,29.33,20.0,,,8.8,20.0,,,6,1,0,0,0.0,2020
Lockie Ferguson,Kolkata Knight Riders,5,148,48,,24.66,19.83,,,7.46,20.0,,,6,0,0,0,0.0,2020
Ravindra Jadeja,Chennai Super Kings,14,318,56,,53.0,36.33,,,8.75,36.0,,,6,0,0,0,0.0,2020
Krunal Pandya,Mumbai Indians,16,380,100,,63.33,50.16,,,7.57,50.0,,,6,0,0,0,0.0,2020
Dwayne Bravo,Chennai Super Kings,6,180,35,,30.0,21.0,,,8.57,21.0,,,6,0,0,0,0.0,2020
Andre Russell,Kolkata Knight Riders,10,175,39,,29.16,18.0,,,9.72,18.0,,,6,0,0,0,0.0,2020
Shahbaz Nadeem,Sunrisers Hyderabad,7,178,31,,35.6,26.4,,,8.09,22.0,,,5,0,0,0,0.0,2020
Nathan Coulter-Nile,Mumbai Indians,7,206,69,,41.2,31.2,,,7.92,26.0,,,5,0,0,0,0.0,2020
Karn Sharma,Chennai Super Kings,5,165,27,,33.0,22.8,,,8.68,19.0,,,5,0,0,0,0.0,2020
Kamlesh Nagarkoti,Kolkata Knight Riders,10,231,46,,46.2,31.2,,,8.88,26.0,,,5,0,0,0,0.0,2020
Sunil Narine,Kolkata Knight Riders,10,302,67,,60.4,45.6,,,7.94,38.0,,,5,0,0,0,0.0,2020
Vijay Shankar,Sunrisers Hyderabad,7,82,31,,20.5,19.75,,,6.22,13.0,,,4,0,0,0,0.0,2020
Shivam Dube,Royal Challengers Bangalore,11,73,14,,18.25,13.5,,,8.11,9.0,,,4,0,0,0,0.0,2020
Kieron Pollard,Mumbai Indians,16,190,33,,47.5,31.5,,,9.04,21.0,,,4,0,0,0,0.0,2020
Prasidh Krishna,Kolkata Knight Riders,6,164,35,,41.0,26.25,,,9.37,17.0,,,4,0,0,0,0.0,2020
Jaydev Unadkat,Mumbai Indians,7,228,35,,57.0,34.5,,,9.91,23.0,,,4,0,0,0,0.0,2020
Bhuvneshwar Kumar,Sunrisers Hyderabad,4,99,40,,33.0,28.33,,,6.98,14.0,,,3,0,0,0,0.0,2020
Glenn Maxwell,Punjab Kings,13,169,37,,56.33,42.0,,,8.04,21.0,,,3,0,0,0,0.0,2020
Harshal Patel,Delhi Capitals,5,134,23,,44.66,30.0,,,8.93,15.0,,,3,0,0,0,0.0,2020
Tom Curran,Rajasthan Royals,5,208,25,,69.33,36.33,,,11.44,18.0,,,3,0,0,0,0.0,2020
Tushar Deshpande,Delhi Capitals,5,192,29,,64.0,34.0,,,11.29,17.0,,,3,0,0,0,0.0,2020
Amit Mishra,Delhi Capitals,3,72,17,,24.0,20.0,,,7.2,10.0,,,3,0,0,0,0.0,2020
Ankit Rajpoot,Rajasthan Royals,6,199,34,,99.5,51.0,,,11.7,17.0,,,2,0,0,0,0.0,2020
Siddarth Kaul,Sunrisers Hyderabad,1,64,6,,32.0,12.0,,,16.0,4.0,,,2,0,0,0,0.0,2020
Ben Stokes,Rajasthan Royals,8,154,24,,77.0,45.0,,,10.26,15.0,,,2,0,0,0,0.0,2020
Adam Zampa,Royal Challengers Bangalore,3,92,20,,46.0,33.0,,,8.36,11.0,,,2,0,0,0,0.0,2020
Abhishek Sharma,Sunrisers Hyderabad,8,91,11,,45.5,30.0,,,9.1,10.0,,,2,0,0,0,0.0,2020
Shahbaz Ahmed,Royal Challengers Bangalore,2,44,9,,22.0,18.0,,,7.33,6.0,,,2,0,0,0,0.0,2020
Jimmy Neesham,Punjab Kings,5,148,26,,74.0,45.0,,,9.86,15.0,,,2,0,0,0,0.0,2020
Mitchell Santner,Chennai Super Kings,2,53,12,,26.5,21.0,,,7.57,7.0,,,2,0,0,0,0.0,2020
Dale Steyn,Royal Challengers Bangalore,3,133,24,,133.0,70.0,,,11.4,11.0,,,1,0,0,0,0.0,2020
Basil Thampi,Sunrisers Hyderabad,1,46,5,,46.0,24.0,,,11.5,4.0,,,1,0,0,0,0.0,2020
Imran Tahir,Chennai Super Kings,3,76,19,,76.0,66.0,,,6.9,11.0,,,1,0,0,0,0.0,2020
Jayant Yadav,Mumbai Indians,2,43,13,,43.0,42.0,,,6.14,7.0,,,1,0,0,0,0.0,2020
Andrew Tye,Rajasthan Royals,1,50,5,,50.0,24.0,,,12.5,4.0,,,1,0,0,0,0.0,2020
Josh Hazlewood,Chennai Super Kings,3,64,31,,64.0,60.0,,,6.4,10.0,,,1,0,0,0,0.0,2020
Mohit Sharma,Delhi Capitals,1,45,7,,45.0,24.0,,,11.25,4.0,,,1,0,0,0,0.0,2020
Krishnappa Gowtham,Punjab Kings,2,84,11,,84.0,48.0,,,10.5,8.0,,,1,0,0,0,0.0,2020
Moeen Ali,Royal Challengers Bangalore,3,42,8,,42.0,30.0,,,8.4,5.0,,,1,0,0,0,0.0,2020
Kuldeep Yadav,Kolkata Knight Riders,5,92,19,,92.0,72.0,,,7.66,12.0,,,1,0,0,0,0.0,2020
Abdul Samad,Sunrisers Hyderabad,12,96,9,,96.0,42.0,,,13.71,7.0,,,1,0,0,0,0.0,2020
Harshal Patel,Royal Challengers Bangalore,15,459,122,,14.34,10.56,,,8.14,56.0,,,32,0,1,1,1.0,2021
Avesh Khan,Delhi Capitals,16,450,156,,18.75,15.25,,,7.37,61.0,,,24,0,0,0,0.0,2021
Jasprit Bumrah,Mumbai Indians,14,410,142,,19.52,15.71,,,7.45,55.0,,,21,0,0,0,0.0,2021
Shardul Thakur,Chennai Super Kings,16,527,137,,25.09,17.09,,,8.8,60.0,,,21,1,0,0,0.0,2021
Mohammad Shami,Punjab Kings,14,395,145,,20.78,16.63,,,7.5,52.0,,,19,1,0,0,0.0,2021
Rashid Khan,Sunrisers Hyderabad,14,375,130,,20.83,18.66,,,6.69,56.0,,,18,0,0,0,0.0,2021
Arshdeep Singh,Punjab Kings,12,342,88,,19.0,13.77,,,8.27,41.0,,,18,0,0,1,0.0,2021
Varun Chakaravarthy,Kolkata Knight Riders,17,448,149,,24.88,22.66,,,6.58,68.0,,,18,0,0,0,0.0,2021
Yuzvendra Chahal,Royal Challengers Bangalore,15,374,127,,20.77,17.66,,,7.05,53.0,,,18,1,0,0,0.0,2021
Jason Holder,Sunrisers Hyderabad,8,247,75,,15.43,11.93,,,7.75,32.0,,,16,0,1,0,0.0,2021
Sunil Narine,Kolkata Knight Riders,14,361,131,,22.56,21.0,,,6.44,56.0,,,16,0,1,0,0.0,2021
Chris Morris,Rajasthan Royals,11,376,91,,25.06,16.4,,,9.17,41.0,,,15,0,1,0,0.0,2021
Axar Patel,Delhi Capitals,12,306,99,,20.4,18.4,,,6.65,46.0,,,15,0,0,0,0.0,2021
Kagiso Rabada,Delhi Capitals,15,456,135,,30.4,22.4,,,8.14,56.0,,,15,1,0,0,0.0,2021
Chetan Sakariya,Rajasthan Royals,14,426,113,,30.42,22.28,,,8.19,52.0,,,14,1,0,0,0.0,2021
Deepak Chahar,Chennai Super Kings,15,451,132,,32.21,23.14,,,8.35,54.0,,,14,1,2,0,0.0,2021
Dwayne Bravo,Chennai Super Kings,11,263,73,,18.78,14.42,,,7.81,33.0,,,14,0,0,0,0.0,2021
Mustafizur Rahman,Rajasthan Royals,14,436,113,,31.14,22.21,,,8.41,52.0,,,14,0,0,0,0.0,2021
Ravindra Jadeja,Chennai Super Kings,16,346,104,,26.61,22.61,,,7.06,49.0,,,13,1,0,0,0.0,2021
Lockie Ferguson,Kolkata Knight Riders,8,224,76,,17.23,13.84,,,7.46,30.0,,,13,0,0,0,0.0,2021
Trent Boult,Mumbai Indians,14,406,138,,31.23,23.69,,,7.9,51.0,,,13,1,0,0,0.0,2021
Rahul Chahar,Mumbai Indians,11,318,93,,24.46,19.84,,,7.39,43.0,,,13,0,1,0,0.0,2021
Ravi Bishnoi,Punjab Kings,9,222,84,,18.5,17.5,,,6.34,35.0,,,12,0,0,0,0.0,2021
Anrich Nortje,Delhi Capitals,8,187,84,,15.58,15.16,,,6.16,30.0,,,12,1,0,0,0.0,2021
Prasidh Krishna,Kolkata Knight Riders,10,351,102,,29.25,19.25,,,9.11,38.0,,,12,0,0,0,0.0,2021
Shivam Mavi,Kolkata Knight Riders,9,233,91,,21.18,17.54,,,7.24,32.0,,,11,0,1,0,0.0,2021
Josh Hazlewood,Chennai Super Kings,9,293,87,,26.63,19.09,,,8.37,35.0,,,11,0,0,0,0.0,2021
Mohammed Siraj,Royal Challengers Bangalore,15,353,147,,32.09,28.36,,,6.78,52.0,,,11,1,0,0,0.0,2021
Andre Russell,Kolkata Knight Riders,10,188,39,,17.09,10.36,,,9.89,19.0,,,11,0,0,1,0.0,2021
Pat Cummins,Kolkata Knight Riders,7,237,60,,26.33,17.88,,,8.83,27.0,,,9,0,0,0,0.0,2021
Sam Curran,Chennai Super Kings,9,328,76,,36.44,22.0,,,9.93,33.0,,,9,0,0,0,0.0,2021
Kyle Jamieson,Royal Challengers Bangalore,9,269,70,,29.88,18.66,,,9.6,28.0,,,9,0,0,0,0.0,2021
Rahul Tewatia,Rajasthan Royals,14,340,50,,42.5,27.75,,,9.18,37.0,,,8,0,0,0,0.0,2021
Siddarth Kaul,Sunrisers Hyderabad,8,247,70,,35.28,25.71,,,8.23,30.0,,,7,1,0,0,0.0,2021
Nathan Coulter-Nile,Mumbai Indians,5,127,53,,18.14,17.14,,,6.35,20.0,,,7,0,1,0,0.0,2021
Ravichandran Ashwin,Delhi Capitals,13,331,95,,47.28,38.28,,,7.41,44.0,,,7,0,0,0,0.0,2021
Shahbaz Ahmed,Royal Challengers Bangalore,11,92,21,,13.14,12.0,,,6.57,14.0,,,7,0,0,0,0.0,2021
Amit Mishra,Delhi Capitals,4,109,25,,18.16,14.0,,,7.78,14.0,,,6,0,1,0,0.0,2021
Bhuvneshwar Kumar,Sunrisers Hyderabad,11,335,103,,55.83,42.0,,,7.97,42.0,,,6,1,0,0,0.0,2021
Moeen Ali,Chennai Super Kings,15,161,50,,26.83,25.33,,,6.35,25.0,,,6,0,0,0,0.0,2021
Lungi Ngidi ,Chennai Super Kings,3,125,25,,25.0,14.4,,,10.41,12.0,,,5,0,0,0,0.0,2021
Chris Woakes,Delhi Capitals,3,82,33,,16.4,13.2,,,7.45,11.0,,,5,0,0,0,0.0,2021
Krunal Pandya,Mumbai Indians,13,265,68,,53.0,39.8,,,7.98,33.0,,,5,0,0,0,0.0,2021
Jimmy Neesham,Mumbai Indians,3,66,21,,13.2,10.8,,,7.33,9.0,,,5,0,0,0,0.0,2021
Harpreet Brar,Punjab Kings,7,139,56,,27.8,27.6,,,6.04,23.0,,,5,1,0,0,0.0,2021
Kieron Pollard,Mumbai Indians,14,95,26,,19.0,15.8,,,7.21,13.0,,,5,0,0,0,0.0,2021
Khaleel Ahmed,Sunrisers Hyderabad,7,219,56,,43.8,32.4,,,8.11,27.0,,,5,0,0,0,0.0,2021
Abhishek Sharma,Sunrisers Hyderabad,8,64,25,,16.0,15.0,,,6.4,10.0,,,4,0,0,0,0.0,2021
Lalit Yadav,Delhi Capitals,7,101,21,,25.25,21.0,,,7.21,14.0,,,4,0,0,0,0.0,2021
Jaydev Unadkat,Mumbai Indians,6,168,52,,42.0,33.0,,,7.63,22.0,,,4,0,0,0,0.0,2021
Tom Curran,Delhi Capitals,3,104,19,,26.0,17.0,,,9.17,11.0,,,4,0,0,0,0.0,2021
Chris Jordan,Punjab Kings,4,96,27,,24.0,18.0,,,8.0,12.0,,,4,0,0,0,0.0,2021
Kartik Tyagi,Rajasthan Royals,4,124,37,,31.0,21.0,,,8.85,14.0,,,4,0,0,0,0.0,2021
Moises Henriques,Punjab Kings,5,45,31,,11.25,15.0,,,4.5,10.0,,,4,0,0,0,0.0,2021
Dan Christian,Royal Challengers Bangalore,9,155,29,,38.75,25.0,,,9.3,16.0,,,4,0,0,0,0.0,2021
Riley Meredith,Punjab Kings,5,169,38,,42.25,25.5,,,9.94,17.0,,,4,0,0,0,0.0,2021
Shakib Al Hasan,Kolkata Knight Riders,8,187,50,,46.75,39.0,,,7.19,26.0,,,4,0,0,0,0.0,2021
Washington Sundar,Royal Challengers Bangalore,6,118,32,,39.33,32.0,,,7.37,16.0,,,3,0,0,0,0.0,2021
Venkatesh Iyer,Kolkata Knight Riders,10,69,14,,23.0,17.0,,,8.11,8.0,,,3,0,0,0,0.0,2021
Sandeep Sharma,Sunrisers Hyderabad,7,203,52,,67.66,47.0,,,8.63,23.0,,,3,0,0,0,0.0,2021
Adam Milne,Mumbai Indians,4,131,31,,43.66,28.0,,,9.35,14.0,,,3,0,0,0,0.0,2021
Tim Southee,Kolkata Knight Riders,3,95,23,,31.66,24.0,,,7.91,12.0,,,3,0,0,0,0.0,2021
Vijay Shankar,Sunrisers Hyderabad,7,100,22,,33.33,22.0,,,9.09,11.0,,,3,0,0,0,0.0,2021
Jhye Richardson,Punjab Kings,3,117,24,,39.0,22.0,,,10.63,11.0,,,3,0,0,0,0.0,2021
Glenn Maxwell,Royal Challengers Bangalore,15,135,25,,45.0,32.0,,,8.43,16.0,,,3,0,0,0,0.0,2021
George Garton,Royal Challengers Bangalore,5,135,32,,45.0,30.0,,,9.0,15.0,,,3,0,0,0,0.0,2021
T Natarajan,Sunrisers Hyderabad,2,69,14,,34.5,24.0,,,8.62,8.0,,,2,0,0,0,0.0,2021
Jayant Yadav,Mumbai Indians,5,130,44,,65.0,51.0,,,7.64,17.0,,,2,0,0,0,0.0,2021
Imran Tahir,Chennai Super Kings,1,16,14,,8.0,12.0,,,4.0,4.0,,,2,0,0,0,0.0,2021
Umran Malik,Sunrisers Hyderabad,3,96,31,,48.0,36.0,,,8.0,12.0,,,2,0,0,0,0.0,2021
Marco Jansen,Mumbai Indians,2,45,14,,22.5,18.0,,,7.5,6.0,,,2,0,0,0,0.0,2021
Marcus Stoinis,Delhi Capitals,10,117,17,,58.5,33.5,,,10.47,11.0,,,2,0,0,0,0.0,2021
Mohammad Nabi,Sunrisers Hyderabad,3,86,13,,43.0,24.0,,,10.75,8.0,,,2,0,0,0,0.0,2021
Mujeeb Ur Rahman,Sunrisers Hyderabad,1,29,10,,14.5,12.0,,,7.25,4.0,,,2,0,0,0,0.0,2021
Deepak Hooda,Punjab Kings,12,136,31,,68.0,48.0,,,8.5,16.0,,,2,0,0,0,0.0,2021
Fabian Allen,Punjab Kings,4,90,20,,90.0,66.0,,,8.18,11.0,,,1,1,0,0,0.0,2021
Glenn Phillips,Rajasthan Royals,3,20,4,,20.0,12.0,,,10.0,2.0,,,1,0,0,0,0.0,2021
Piyush Chawla,Mumbai Indians,1,38,3,,38.0,24.0,,,9.5,4.0,,,1,0,0,0,0.0,2021
Ishan Porel,Punjab Kings,1,39,10,,39.0,24.0,,,9.75,4.0,,,1,0,0,0,0.0,2021
Daniel Sams,Royal Challengers Bangalore,2,39,15,,39.0,36.0,,,6.5,6.0,,,1,0,0,0,0.0,2021
Ishant Sharma,Delhi Capitals,3,97,26,,97.0,72.0,,,8.08,12.0,,,1,2,0,0,0.0,2021
Kane Richardson,Royal Challengers Bangalore,1,29,5,,29.0,18.0,,,9.66,3.0,,,1,0,0,0,0.0,2021
KM Asif,Chennai Super Kings,1,18,2,,18.0,13.0,,,8.3,2.0,,,1,0,0,0,0.0,2021
Shahbaz Nadeem,Sunrisers Hyderabad,1,36,9,,36.0,24.0,,,9.0,4.0,,,1,0,0,0,0.0,2021
Lukman Meriwala,Delhi Capitals,1,32,6,,32.0,18.0,,,10.66,3.0,,,1,0,0,0,0.0,2021
Mahipal Lomror,Rajasthan Royals,4,47,13,,47.0,42.0,,,6.71,7.0,,,1,0,0,0,0.0,2021
Riyan Parag,Rajasthan Royals,11,73,7,,73.0,37.0,,,11.83,6.0,,,1,0,0,0,0.0,2021
Murugan Ashwin,Punjab Kings,3,97,19,,97.0,66.0,,,8.81,11.0,,,1,0,0,0,0.0,2021
Nathan Ellis,Punjab Kings,3,98,27,,98.0,72.0,,,8.16,12.0,,,1,0,0,0,0.0,2021
Yuzvendra Chahal,Rajasthan Royals,17,527,137,292.0,19.51,15.11,49.71,7.84,7.75,68.0,21.0,0.0,27,0,1,1,,2022
Wanindu Hasaranga,Royal Challengers Bangalore,16,430,143,203.0,16.53,13.15,63.25,6.45,7.54,57.0,4.0,0.0,26,1,1,1,,2022
Kagiso Rabada,Punjab Kings,13,406,133,170.0,17.65,12.52,67.48,4.72,8.45,48.0,12.0,3.0,23,0,2,0,,2022
Umran Malik,Sunrisers Hyderabad,14,444,141,171.0,20.18,13.4,71.62,4.15,9.03,49.1,14.0,4.0,22,1,1,1,,2022
Kuldeep Yadav,Delhi Capitals,14,419,97,209.0,19.95,14.19,59.18,5.84,8.43,49.4,8.0,0.0,21,0,2,0,,2022
Mohammad Shami,Gujarat Titans,16,488,172,206.0,24.4,18.3,65.98,5.08,8.0,61.0,12.0,0.0,20,0,0,0,,2022
Josh Hazlewood,Royal Challengers Bangalore,12,377,123,166.0,18.85,13.95,65.25,5.26,8.1,46.3,10.0,0.0,20,1,1,0,,2022
Rashid Khan,Gujarat Titans,16,421,127,259.0,22.15,20.15,39.9,11.26,6.59,63.5,3.0,0.0,19,0,1,0,,2022
Harshal Patel,Royal Challengers Bangalore,15,410,130,208.0,21.57,16.89,57.56,6.55,7.66,53.3,17.0,0.0,19,2,1,0,,2022
Prasidh Krishna,Rajasthan Royals,17,551,200,232.0,29.0,21.0,71.14,4.48,8.28,66.3,30.0,3.0,19,3,0,0,,2022
Avesh Khan,Lucknow Super Giants,13,416,126,174.0,23.11,15.88,69.71,4.33,8.72,47.4,13.0,1.0,18,1,1,0,,2022
T Natarajan,Sunrisers Hyderabad,11,406,82,190.0,22.55,14.33,61.08,4.86,9.44,43.0,14.0,0.0,18,0,0,0,,2022
Andre Russell,Kolkata Knight Riders,14,278,58,118.0,16.35,9.94,67.62,4.12,9.86,28.1,6.0,1.0,17,0,1,0,,2022
Umesh Yadav,Kolkata Knight Riders,12,339,143,154.0,21.18,18.0,65.48,5.87,7.06,48.0,4.0,5.0,16,2,1,0,,2022
Trent Boult,Rajasthan Royals,16,492,176,211.0,30.75,23.25,67.47,4.96,7.93,62.0,15.0,0.0,16,3,0,0,,2022
Khaleel Ahmed,Delhi Capitals,10,315,110,132.0,19.68,14.68,67.93,5.0,8.04,39.1,6.0,1.0,16,0,0,0,,2022
Dwayne Bravo,Chennai Super Kings,10,299,70,159.0,18.68,12.87,50.83,5.88,8.7,34.2,20.0,3.0,16,1,0,0,,2022
Mukesh Choudhary,Chennai Super Kings,13,424,119,172.0,26.5,17.06,68.39,4.26,9.31,45.3,18.0,0.0,16,0,1,0,,2022
Jasprit Bumrah,Mumbai Indians,14,383,139,188.0,25.53,21.33,56.91,6.53,7.18,53.2,6.0,1.0,15,2,0,1,,2022
Shardul Thakur,Delhi Capitals,14,473,109,206.0,31.53,19.33,66.38,4.32,9.78,48.2,24.0,1.0,15,1,1,0,,2022
Mohsin Khan,Lucknow Super Giants,9,197,107,99.0,14.07,14.14,55.83,7.92,5.96,33.0,8.0,0.0,14,2,1,0,,2022
Rahul Chahar,Punjab Kings,13,360,99,191.0,25.71,20.0,50.0,7.36,7.71,46.4,10.0,0.0,14,1,0,0,,2022
Tim Southee,Kolkata Knight Riders,9,275,93,127.0,19.64,15.0,60.36,6.0,7.85,35.0,9.0,1.0,14,0,0,0,,2022
Jason Holder,Lucknow Super Giants,12,391,77,189.0,27.92,17.78,59.84,5.08,9.42,41.3,17.0,0.0,14,0,0,0,,2022
Ravi Bishnoi,Lucknow Super Giants,14,456,113,227.0,35.07,24.92,58.33,5.58,8.44,54.0,13.0,3.0,13,0,0,0,,2022
Daniel Sams,Mumbai Indians,11,370,107,167.0,28.46,19.38,64.32,5.04,8.8,42.0,21.0,1.0,13,0,1,0,,2022
Bhuvneshwar Kumar,Sunrisers Hyderabad,14,383,139,191.0,31.91,26.08,53.26,6.95,7.34,52.1,15.0,2.0,12,2,0,0,,2022
Maheesh Theekshana,Chennai Super Kings,9,261,68,144.0,21.75,17.5,52.87,7.24,7.45,35.0,2.0,0.0,12,0,1,0,,2022
Ravichandran Ashwin,Rajasthan Royals,17,503,122,297.0,41.91,33.5,44.53,8.73,7.5,67.0,16.0,1.0,12,0,0,0,,2022
Lockie Ferguson,Gujarat Titans,13,427,116,182.0,35.58,23.83,68.38,4.53,8.95,47.4,11.0,1.0,12,0,1,0,,2022
Obed McCoy,Rajasthan Royals,7,237,48,124.0,21.54,14.09,54.0,5.53,9.17,25.5,16.0,2.0,11,0,0,0,,2022
Yash Dayal,Gujarat Titans,9,296,76,129.0,26.9,17.45,66.21,4.46,9.25,32.0,10.0,3.0,11,0,0,0,,2022
Krunal Pandya,Lucknow Super Giants,14,265,72,160.0,26.5,22.8,45.28,8.76,6.97,38.0,4.0,0.0,10,1,0,0,,2022
Arshdeep Singh,Punjab Kings,14,385,110,207.0,38.5,30.0,54.02,6.12,7.7,50.0,13.0,4.0,10,0,0,0,,2022
Sunil Narine,Kolkata Knight Riders,14,312,142,200.0,34.66,37.33,38.46,14.0,5.57,56.0,6.0,0.0,9,0,0,0,,2022
Murugan Ashwin,Mumbai Indians,8,228,69,110.0,25.33,19.33,60.52,6.21,7.86,29.0,5.0,0.0,9,0,0,0,,2022
Dushmantha Chameera,Lucknow Super Giants,12,384,122,156.0,42.66,29.33,71.35,4.25,8.72,44.0,12.0,2.0,9,0,0,0,,2022
Anrich Nortje,Delhi Capitals,6,217,49,94.0,24.11,14.88,66.35,4.32,9.71,22.2,5.0,4.0,9,0,0,0,,2022
Mohammed Siraj,Royal Challengers Bangalore,15,514,129,196.0,57.11,34.0,72.76,3.92,10.07,51.0,16.0,3.0,9,0,0,0,,2022
Moeen Ali,Chennai Super Kings,10,158,56,90.0,19.75,17.87,51.89,8.93,6.62,23.5,3.0,0.0,8,0,0,0,,2022
Hardik Pandya,Gujarat Titans,15,222,76,113.0,27.75,22.87,54.05,6.77,7.27,30.3,5.0,1.0,8,0,0,0,,2022
Mustafizur Rahman,Delhi Capitals,8,244,76,123.0,30.5,24.0,55.73,6.19,7.62,32.0,7.0,0.0,8,0,0,0,,2022
Riley Meredith,Mumbai Indians,8,236,76,105.0,29.5,21.0,62.71,5.25,8.42,28.0,13.0,0.0,8,0,0,0,,2022
Kuldeep Sen,Rajasthan Royals,7,237,59,98.0,29.62,18.87,68.35,4.31,9.41,25.1,6.0,0.0,8,0,1,0,,2022
Jagadeesha Suchith,Sunrisers Hyderabad,5,140,49,66.0,20.0,15.42,58.57,6.75,7.77,18.0,7.0,0.0,7,0,0,0,,2022
Marco Jansen,Sunrisers Hyderabad,8,274,83,118.0,39.14,27.42,65.69,5.05,8.56,32.0,9.0,0.0,7,0,0,0,,2022
Alzarri Joseph,Gujarat Titans,9,264,72,113.0,37.71,25.71,65.9,4.86,8.8,30.0,4.0,1.0,7,0,0,0,,2022
Pat Cummins,Kolkata Knight Riders,5,212,37,90.0,30.28,17.0,68.86,3.83,10.68,19.5,8.0,0.0,7,0,0,0,,2022
Glenn Maxwell,Royal Challengers Bangalore,13,165,63,83.0,27.5,24.0,54.54,8.47,6.87,24.0,2.0,0.0,6,1,0,0,,2022
Axar Patel,Delhi Capitals,13,321,86,175.0,53.5,43.0,52.95,7.37,7.46,43.0,3.0,0.0,6,0,0,0,,2022
Sai Kishore,Gujarat Titans,5,121,27,71.0,20.16,16.0,47.93,8.0,7.56,16.0,2.0,0.0,6,0,0,0,,2022
Rishi Dhawan,Punjab Kings,6,156,33,86.0,26.0,19.0,52.56,6.33,8.21,19.0,5.0,0.0,6,0,0,0,,2022
Varun Chakaravarthy,Kolkata Knight Riders,11,332,88,156.0,55.33,39.0,60.24,5.85,8.51,39.0,8.0,3.0,6,0,0,0,,2022
Washington Sundar,Sunrisers Hyderabad,9,239,47,123.0,39.83,28.0,56.06,6.22,8.53,28.0,1.0,1.0,6,0,0,0,,2022
Liam Livingstone,Punjab Kings,14,202,38,106.0,33.66,23.0,51.48,6.57,8.78,23.0,6.0,0.0,6,0,0,0,,2022
Ramandeep Singh,Mumbai Indians,5,54,13,28.0,9.0,6.0,59.25,5.14,9.0,6.0,5.0,0.0,6,0,0,0,,2022
Jaydev Unadkat,Mumbai Indians,5,190,36,87.0,31.66,20.0,64.21,4.8,9.5,20.0,3.0,0.0,6,0,0,0,,2022
Dwaine Pretorius,Chennai Super Kings,6,210,37,101.0,35.0,21.0,52.38,5.72,10.0,21.0,12.0,0.0,6,0,0,0,,2022
Tymal Mills,Mumbai Indians,5,190,30,77.0,31.66,17.0,71.57,3.4,11.17,17.0,5.0,0.0,6,0,0,0,,2022
Odean Smith,Punjab Kings,6,178,36,59.0,29.66,15.0,80.89,3.21,11.86,15.0,4.0,1.0,6,0,1,0,,2022
Ravindra Jadeja,Chennai Super Kings,10,248,65,138.0,49.6,39.6,50.8,7.61,7.51,33.0,5.0,0.0,5,0,0,0,,2022
Kumar Kartikeya Singh,Mumbai Indians,4,102,30,48.0,20.4,15.6,60.78,6.0,7.84,13.0,0.0,0.0,5,0,0,0,,2022
Krishnappa Gowtham,Lucknow Super Giants,4,99,33,39.0,19.8,14.4,70.7,5.14,8.25,12.0,0.0,0.0,5,1,0,0,,2022
Basil Thampi,Mumbai Indians,5,152,41,61.0,30.4,19.2,71.05,4.36,9.5,16.0,6.0,0.0,5,1,0,0,,2022
Shivam Mavi,Kolkata Knight Riders,6,227,49,93.0,45.4,26.4,66.07,4.25,10.31,22.0,8.0,2.0,5,0,0,0,,2022
Akash Deep,Royal Challengers Bangalore,5,205,40,79.0,41.0,22.6,70.24,3.89,10.88,18.5,4.0,2.0,5,1,0,0,,2022
Mitchell Santner,Chennai Super Kings,6,130,43,71.0,32.5,28.5,52.3,7.6,6.84,19.0,0.0,0.0,4,0,0,0,,2022
Simarjeet Singh,Chennai Super Kings,6,138,57,56.0,34.5,27.0,72.46,4.69,7.66,18.0,4.0,1.0,4,0,0,0,,2022
Lalit Yadav,Delhi Capitals,12,150,38,72.0,37.5,27.0,58.66,6.0,8.33,18.0,1.0,1.0,4,0,0,0,,2022
Mitchell Marsh,Delhi Capitals,8,102,25,51.0,25.5,18.0,56.86,5.14,8.5,12.0,4.0,0.0,4,0,0,0,,2022
Kieron Pollard,Mumbai Indians,11,125,21,66.0,31.25,21.0,60.8,5.25,8.92,14.0,3.0,0.0,4,0,0,0,,2022
Harpreet Brar,Punjab Kings,5,146,38,62.0,36.5,24.0,65.75,5.05,9.12,16.0,4.0,0.0,4,0,0,0,,2022
Shahbaz Ahmed,Royal Challengers Bangalore,16,336,58,162.0,84.0,52.5,61.3,5.0,9.6,35.0,9.0,1.0,4,0,0,0,,2022
Marcus Stoinis,Lucknow Super Giants,11,79,13,31.0,19.75,10.5,68.35,3.81,11.28,7.0,2.0,0.0,4,0,0,0,,2022
Pradeep Sangwan,Gujarat Titans,3,65,22,34.0,21.66,18.0,55.38,6.0,7.22,9.0,2.0,0.0,3,0,0,0,,2022
Chetan Sakariya,Delhi Capitals,3,84,21,50.0,28.0,22.0,45.23,8.25,7.63,11.0,5.0,0.0,3,0,0,0,,2022
Nathan Ellis,Punjab Kings,2,55,16,24.0,18.33,12.0,69.09,4.5,9.16,6.0,3.0,1.0,3,0,0,0,,2022
Vaibhav Arora,Punjab Kings,5,164,39,71.0,54.66,35.66,70.73,4.11,9.19,17.5,3.0,0.0,3,0,0,0,,2022
Romario Shepherd,Sunrisers Hyderabad,3,98,23,34.0,32.66,18.0,75.51,3.6,10.88,9.0,3.0,0.0,3,0,0,0,,2022
Navdeep Saini,Rajasthan Royals,2,72,10,29.0,24.0,12.0,69.44,3.27,12.0,6.0,2.0,1.0,3,0,0,0,,2022
Ayush Badoni,Lucknow Super Giants,13,11,4,8.0,5.5,6.0,0.0,0.0,5.5,2.0,0.0,0.0,2,0,0,0,,2022
Prashant Solanki,Chennai Super Kings,2,38,12,24.0,19.0,18.0,42.1,12.0,6.33,6.0,0.0,0.0,2,0,0,0,,2022
Matheesha Pathirana,Chennai Super Kings,2,52,20,28.0,26.0,20.5,53.84,5.85,7.6,6.5,7.0,0.0,2,0,0,0,,2022
Sandeep Sharma,Punjab Kings,5,153,60,66.0,76.5,60.0,70.58,5.0,7.65,20.0,6.0,0.0,2,0,0,0,,2022
Hrithik Shokeen,Mumbai Indians,5,127,43,51.0,63.5,45.0,69.29,5.29,8.46,15.0,4.0,0.0,2,0,0,0,,2022
Fazalhaq Farooqi,Sunrisers Hyderabad,3,110,24,52.0,55.0,36.0,58.18,5.14,9.16,12.0,4.0,0.0,2,0,0,0,,2022
Andrew Tye,Lucknow Super Giants,3,107,24,45.0,53.5,33.0,74.76,3.66,9.72,11.0,3.0,0.0,2,0,0,0,,2022
Varun Aaron,Gujarat Titans,2,52,7,26.0,26.0,15.0,65.38,3.75,10.4,5.0,3.0,0.0,2,0,0,0,,2022
Chris Jordan,Chennai Super Kings,4,135,23,57.0,67.5,38.5,63.7,4.27,10.51,12.5,1.0,2.0,2,0,0,0,,2022
Darshan Nalkande,Gujarat Titans,2,59,8,25.0,29.5,15.5,64.4,3.87,11.41,5.1,2.0,0.0,2,0,0,0,,2022
David Willey,Royal Challengers Bangalore,4,72,27,39.0,72.0,66.0,50.0,8.25,6.54,11.0,0.0,0.0,1,0,0,0,,2022
Anukul Roy,Kolkata Knight Riders,2,55,11,31.0,55.0,42.0,47.27,8.4,7.85,7.0,0.0,0.0,1,0,0,0,,2022
Mayank Markande,Mumbai Indians,2,57,11,31.0,57.0,42.0,56.14,6.0,8.14,7.0,0.0,0.0,1,0,0,0,,2022
Tushar Deshpande,Chennai Super Kings,2,63,18,25.0,63.0,42.0,79.36,3.5,9.0,7.0,1.0,0.0,1,0,0,0,,2022
Kartik Tyagi,Sunrisers Hyderabad,2,79,20,34.0,79.0,48.0,65.82,4.36,9.87,8.0,4.0,2.0,1,0,0,0,,2022
Harshit Rana,Kolkata Knight Riders,2,51,12,19.0,51.0,30.0,74.5,3.75,10.2,5.0,0.0,1.0,1,0,0,0,,2022
Aiden Markram,Sunrisers Hyderabad,14,64,8,28.0,64.0,36.0,68.75,4.5,10.66,6.0,0.0,0.0,1,0,0,0,,2022
Deepak Hooda,Lucknow Super Giants,15,43,5,19.0,43.0,24.0,69.76,4.0,10.75,4.0,0.0,0.0,1,0,0,0,,2022
Shreyas Gopal,Sunrisers Hyderabad,1,34,7,11.0,34.0,18.0,82.35,3.6,11.33,3.0,0.0,0.0,1,0,0,0,,2022
Fabian Allen,Mumbai Indians,1,46,6,18.0,46.0,24.0,73.91,3.42,11.5,4.0,0.0,0.0,1,0,0,0,,2022
Sean Abbott,Sunrisers Hyderabad,1,47,7,20.0,47.0,24.0,68.08,3.42,11.75,4.0,3.0,0.0,1,0,0,0,,2022
Riyan Parag,Rajasthan Royals,17,59,3,23.0,59.0,24.0,71.18,3.0,14.75,4.0,2.0,0.0,1,0,0,0,,2022
Dewald Brevis,Mumbai Indians,7,8,1,2.0,8.0,3.0,100.0,1.5,16.0,0.3,0.0,0.0,1,0,0,0,,2022
Mohammad Shami,Gujarat Titans,17,522,193,209.0,18.64,13.92,67.81,5.0,8.03,65.0,11.0,2.0,28,2,2,0,,2023
Mohit Sharma,Gujarat Titans,14,361,87,181.0,13.37,9.81,57.61,6.02,8.17,44.1,3.0,0.0,27,0,2,1,,2023
Rashid Khan,Gujarat Titans,17,552,134,273.0,20.44,14.88,57.24,6.09,8.23,67.0,5.0,0.0,27,0,1,0,,2023
Piyush Chawla,Mumbai Indians,16,495,121,250.0,22.5,16.63,57.77,5.9,8.11,61.0,5.0,0.0,22,0,0,0,,2023
Yuzvendra Chahal,Rajasthan Royals,14,432,97,229.0,20.57,15.09,49.53,6.89,8.17,52.5,9.0,0.0,21,0,3,0,,2023
Tushar Deshpande,Chennai Super Kings,16,564,137,230.0,26.85,16.23,69.5,4.05,9.92,56.5,23.0,4.0,21,0,0,0,,2023
Ravindra Jadeja,Chennai Super Kings,16,431,107,241.0,21.55,17.1,48.25,8.14,7.56,57.0,6.0,0.0,20,0,0,0,,2023
Varun Chakaravarthy,Kolkata Knight Riders,14,429,124,199.0,21.45,15.8,64.33,5.44,8.14,52.4,7.0,0.0,20,1,1,0,,2023
Mohammed Siraj,Royal Challengers Bangalore,14,376,161,168.0,19.78,15.78,69.14,5.08,7.52,50.0,27.0,2.0,19,0,1,0,,2023
Matheesha Pathirana,Chennai Super Kings,12,371,104,206.0,19.52,14.63,47.97,6.95,8.0,46.2,31.0,1.0,19,0,0,0,,2023
Arshdeep Singh,Punjab Kings,14,493,114,210.0,29.0,17.94,69.77,3.91,9.69,50.5,19.0,0.0,17,0,1,0,,2023
Ravi Bishnoi,Lucknow Super Giants,15,391,97,215.0,24.43,18.93,48.08,7.76,7.74,50.3,7.0,2.0,16,0,0,0,,2023
Noor Ahmad,Gujarat Titans,13,369,103,196.0,23.06,17.68,52.57,6.73,7.82,47.1,15.0,1.0,16,0,0,0,,2023
Bhuvneshwar Kumar,Sunrisers Hyderabad,14,425,128,191.0,26.56,19.12,63.52,4.93,8.33,51.0,13.0,0.0,16,1,0,1,,2023
Ravichandran Ashwin,Rajasthan Royals,13,368,90,219.0,26.28,21.0,44.56,8.64,7.51,49.0,15.0,0.0,14,0,0,0,,2023
Akash Madhwal,Mumbai Indians,8,219,53,107.0,15.64,10.92,53.88,6.12,8.58,25.3,2.0,5.0,14,0,1,1,,2023
Jason Behrendorff,Mumbai Indians,12,387,92,170.0,27.64,18.0,67.18,4.5,9.21,42.0,10.0,0.0,14,0,0,0,,2023
Harshal Patel,Royal Challengers Bangalore,13,454,87,214.0,32.42,20.14,60.35,4.86,9.65,47.0,15.0,5.0,14,0,0,0,,2023
Trent Boult,Rajasthan Royals,10,312,107,128.0,24.0,17.53,66.66,4.75,8.21,38.0,7.0,0.0,13,3,0,0,,2023
Deepak Chahar,Chennai Super Kings,10,297,82,133.0,22.84,15.69,63.97,4.85,8.73,34.0,11.0,0.0,13,0,0,0,,2023
Nathan Ellis,Punjab Kings,10,339,68,165.0,26.07,17.53,56.04,5.56,8.92,38.0,3.0,2.0,13,0,1,0,,2023
Yash Thakur,Lucknow Super Giants,9,289,70,137.0,22.23,14.69,59.51,5.45,9.07,31.5,14.0,2.0,13,0,1,0,,2023
Mayank Markande,Sunrisers Hyderabad,10,300,76,154.0,25.0,19.0,57.33,6.16,7.89,38.0,2.0,0.0,12,0,1,0,,2023
Mitchell Marsh,Delhi Capitals,9,170,36,96.0,14.16,10.08,47.05,7.56,8.42,20.1,10.0,1.0,12,1,1,0,,2023
Axar Patel,Delhi Capitals,14,338,105,183.0,30.72,25.63,53.84,7.42,7.19,47.0,6.0,0.0,11,0,0,0,,2023
Naveen-Ul-Haq,Lucknow Super Giants,8,219,68,106.0,19.9,15.27,55.7,6.46,7.82,28.0,5.0,2.0,11,0,1,0,,2023
Sunil Narine,Kolkata Knight Riders,14,383,87,209.0,34.81,26.18,50.65,7.02,7.97,48.0,8.0,0.0,11,0,0,0,,2023
Maheesh Theekshana,Chennai Super Kings,13,392,87,211.0,35.63,26.72,51.53,6.68,8.0,49.0,4.0,0.0,11,1,0,0,,2023
Mark Wood,Lucknow Super Giants,4,130,48,54.0,11.81,8.72,73.84,5.05,8.12,16.0,5.0,1.0,11,1,0,1,,2023
Kuldeep Yadav,Delhi Capitals,14,361,86,214.0,36.1,29.4,45.42,9.18,7.36,49.0,6.0,0.0,10,1,0,0,,2023
Suyash Sharma,Kolkata Knight Riders,11,321,83,156.0,32.1,23.4,62.3,5.57,8.23,39.0,4.0,1.0,10,0,0,0,,2023
Ishant Sharma,Delhi Capitals,8,206,69,88.0,20.6,15.0,66.99,4.54,8.24,25.0,6.0,1.0,10,0,0,0,,2023
Sandeep Sharma,Rajasthan Royals,12,396,95,195.0,39.6,27.6,60.1,5.2,8.6,46.0,10.0,4.0,10,0,0,0,,2023
Anrich Nortje,Delhi Capitals,10,364,96,155.0,36.4,24.0,64.28,4.8,9.1,40.0,8.0,3.0,10,0,0,0,,2023
T Natarajan,Sunrisers Hyderabad,12,410,75,201.0,41.0,27.0,58.53,5.09,9.11,45.0,6.0,0.0,10,0,0,0,,2023
Marco Jansen,Sunrisers Hyderabad,8,267,69,108.0,26.7,16.2,71.91,3.85,9.88,27.0,11.0,5.0,10,1,0,0,,2023
Sam Curran,Punjab Kings,14,489,85,214.0,48.9,28.7,66.66,4.04,10.22,47.5,11.0,1.0,10,0,0,0,,2023
Karn Sharma,Royal Challengers Bangalore,7,223,39,93.0,22.3,12.9,69.05,4.3,10.37,21.3,3.0,0.0,10,0,0,0,,2023
Krunal Pandya,Lucknow Super Giants,15,313,96,157.0,34.77,28.0,60.7,6.0,7.45,42.0,1.0,0.0,9,0,0,0,,2023
Moeen Ali,Chennai Super Kings,15,195,57,100.0,21.66,17.33,53.33,7.8,7.5,26.0,1.0,0.0,9,0,1,0,,2023
Harpreet Brar,Punjab Kings,13,218,58,108.0,24.22,18.11,57.79,5.82,8.02,27.1,3.0,0.0,9,0,1,0,,2023
Wanindu Hasaranga,Royal Challengers Bangalore,8,258,55,120.0,28.66,19.33,61.24,5.43,8.89,29.0,1.0,0.0,9,0,0,0,,2023
Khaleel Ahmed,Delhi Capitals,9,301,89,123.0,33.44,22.0,69.1,4.4,9.12,33.0,12.0,2.0,9,2,0,0,,2023
Wayne Parnell,Royal Challengers Bangalore,7,236,56,101.0,26.22,16.77,70.33,4.31,9.37,25.1,5.0,1.0,9,0,0,0,,2023
Vyshak Vijaykumar,Royal Challengers Bangalore,7,253,40,113.0,28.11,16.0,64.82,4.23,10.54,24.0,8.0,1.0,9,0,0,0,,2023
Rahul Chahar,Punjab Kings,14,385,96,205.0,48.12,37.25,52.98,6.62,7.75,49.4,3.0,0.0,8,0,0,0,,2023
Adam Zampa,Rajasthan Royals,6,188,40,93.0,23.5,16.5,57.44,5.73,8.54,22.0,1.0,0.0,8,0,0,0,,2023
Avesh Khan,Lucknow Super Giants,9,283,61,115.0,35.37,21.75,68.55,3.95,9.75,29.0,2.0,0.0,8,0,0,0,,2023
Amit Mishra,Lucknow Super Giants,7,149,32,83.0,21.28,16.28,51.0,7.12,7.84,19.0,1.0,0.0,7,0,0,0,,2023
Josh Little,Gujarat Titans,10,294,75,136.0,42.0,29.14,61.22,5.36,8.64,34.0,7.0,0.0,7,0,0,0,,2023
Alzarri Joseph,Gujarat Titans,7,225,57,93.0,32.14,20.57,66.66,4.96,9.37,24.0,6.0,0.0,7,0,0,0,,2023
Kagiso Rabada,Punjab Kings,6,232,62,84.0,33.14,19.71,78.44,3.72,10.08,23.0,6.0,3.0,7,0,0,0,,2023
Shardul Thakur,Kolkata Knight Riders,11,220,34,98.0,31.42,18.0,66.36,3.93,10.47,21.0,4.0,2.0,7,0,0,0,,2023
Mukesh Kumar,Delhi Capitals,10,326,65,132.0,46.57,26.57,70.55,3.87,10.51,31.0,10.0,1.0,7,0,0,0,,2023
Riley Meredith,Mumbai Indians,5,207,42,84.0,29.57,16.85,72.46,3.57,10.52,19.4,7.0,1.0,7,0,0,0,,2023
Andre Russell,Kolkata Knight Riders,14,172,32,67.0,24.57,13.0,69.76,3.5,11.34,15.1,5.0,3.0,7,0,0,0,,2023
Michael Bracewell,Royal Challengers Bangalore,5,95,26,40.0,15.83,11.0,67.36,5.07,8.63,11.0,0.0,0.0,6,0,0,0,,2023
Cameron Green,Mumbai Indians,16,361,88,151.0,60.16,38.0,67.59,4.47,9.5,38.0,10.0,1.0,6,0,0,0,,2023
Harshit Rana,Kolkata Knight Riders,6,147,50,58.0,29.4,20.4,72.1,4.43,8.64,17.0,5.0,1.0,5,0,0,0,,2023
Kumar Kartikeya Singh,Mumbai Indians,8,227,44,119.0,45.4,31.2,53.74,6.5,8.73,26.0,7.0,0.0,5,0,0,0,,2023
Vaibhav Arora,Kolkata Knight Riders,5,146,33,74.0,29.2,19.2,53.42,5.05,9.12,16.0,7.0,4.0,5,0,0,0,,2023
Marcus Stoinis,Lucknow Super Giants,15,100,23,46.0,20.0,13.0,62.0,5.0,9.23,10.5,4.0,0.0,5,0,0,0,,2023
Akash Singh,Chennai Super Kings,6,188,46,71.0,37.6,22.8,75.53,3.8,9.89,19.0,3.0,0.0,5,0,0,0,,2023
Umran Malik,Sunrisers Hyderabad,8,217,43,81.0,43.4,24.0,76.49,3.24,10.85,20.0,4.0,0.0,5,0,0,0,,2023
Arshad Khan,Mumbai Indians,6,190,27,70.0,38.0,17.0,77.89,2.65,13.41,14.1,12.0,0.0,5,0,0,0,,2023
Fazalhaq Farooqi,Sunrisers Hyderabad,4,117,34,52.0,29.25,20.0,61.53,4.44,8.77,13.2,6.0,0.0,4,0,0,0,,2023
Jason Holder,Rajasthan Royals,8,284,46,130.0,71.0,42.75,66.19,4.27,9.96,28.3,5.0,0.0,4,0,0,0,,2023
Mitchell Santner,Chennai Super Kings,3,81,22,50.0,27.0,24.0,46.91,8.0,6.75,12.0,0.0,0.0,3,0,0,0,,2023
David Willey,Royal Challengers Bangalore,4,105,37,57.0,35.0,30.0,55.23,6.92,7.0,15.0,4.0,0.0,3,1,0,0,,2023
Krishnappa Gowtham,Lucknow Super Giants,7,118,39,61.0,39.33,32.0,49.15,8.0,7.37,16.0,4.0,0.0,3,0,0,0,,2023
Anukul Roy,Kolkata Knight Riders,4,65,20,31.0,21.66,16.0,64.61,6.0,8.12,8.0,3.0,0.0,3,0,0,0,,2023
Washington Sundar,Sunrisers Hyderabad,7,146,35,71.0,48.66,35.33,57.53,5.88,8.26,17.4,0.0,0.0,3,0,0,0,,2023
Josh Hazlewood,Royal Challengers Bangalore,3,76,29,28.0,25.33,18.0,73.68,4.5,8.44,9.0,1.0,2.0,3,0,0,0,,2023
Nitish Rana,Kolkata Knight Riders,14,75,18,36.0,25.0,17.66,61.33,5.3,8.49,8.5,1.0,0.0,3,0,0,0,,2023
Yudhvir Singh,Lucknow Super Giants,3,70,25,25.0,23.33,16.0,80.0,3.69,8.75,8.0,2.0,0.0,3,0,0,0,,2023
Glenn Maxwell,Royal Challengers Bangalore,14,94,19,45.0,31.33,20.66,61.7,5.63,9.09,10.2,2.0,0.0,3,0,0,0,,2023
Hardik Pandya,Gujarat Titans,16,228,63,93.0,76.0,50.0,79.82,3.75,9.12,25.0,5.0,1.0,3,0,0,0,,2023
Arjun Tendulkar,Mumbai Indians,4,92,26,42.0,30.66,19.66,58.69,4.91,9.35,9.5,8.0,1.0,3,0,0,0,,2023
Hrithik Shokeen,Mumbai Indians,8,187,39,80.0,62.33,38.0,62.03,4.75,9.84,19.0,3.0,2.0,3,0,0,0,,2023
Asif K M,Rajasthan Royals,4,138,28,62.0,46.0,28.0,57.97,5.25,9.85,14.0,6.0,1.0,3,0,0,0,,2023
Sikandar Raza,Punjab Kings,7,119,20,55.0,39.66,24.0,63.86,4.23,9.91,12.0,3.0,1.0,3,0,0,0,,2023
Rajvardhan Hangargekar,Chennai Super Kings,2,60,14,29.0,20.0,12.0,60.0,4.5,10.0,6.0,6.0,1.0,3,0,0,0,,2023
Mohsin Khan,Lucknow Super Giants,5,107,23,41.0,35.66,20.0,76.63,3.52,10.7,10.0,4.0,0.0,3,0,0,0,,2023
Chris Jordan,Mumbai Indians,6,237,44,96.0,79.0,44.0,70.04,3.77,10.77,22.0,8.0,0.0,3,1,0,0,,2023
Chetan Sakariya,Delhi Capitals,2,89,17,38.0,29.66,16.0,67.41,4.0,11.12,8.0,6.0,1.0,3,0,0,0,,2023
Navdeep Saini,Rajasthan Royals,2,74,12,28.0,24.66,12.0,72.97,3.0,12.33,6.0,1.0,3.0,3,0,0,0,,2023
Adil Rashid,Sunrisers Hyderabad,2,56,14,28.0,28.0,21.0,53.57,7.0,8.0,7.0,0.0,0.0,2,0,0,0,,2023
Lalit Yadav,Delhi Capitals,6,118,24,58.0,59.0,39.0,61.01,5.57,9.07,13.0,4.0,0.0,2,0,0,0,,2023
Jofra Archer,Mumbai Indians,5,190,49,80.0,95.0,60.0,70.52,4.28,9.5,20.0,7.0,2.0,2,0,0,0,,2023
Kuldip Yadav,Rajasthan Royals,2,68,9,33.0,34.0,21.0,52.94,6.0,9.71,7.0,0.0,0.0,2,0,0,0,,2023
Abhishek Sharma,Sunrisers Hyderabad,11,124,23,52.0,62.0,36.0,69.35,4.23,10.33,12.0,3.0,0.0,2,0,0,0,,2023
Yash Dayal,Gujarat Titans,5,165,24,64.0,82.5,42.0,72.72,3.5,11.78,14.0,4.0,0.0,2,0,0,0,,2023
Tim Southee,Kolkata Knight Riders,2,79,12,24.0,39.5,18.0,78.48,2.76,13.16,6.0,0.0,0.0,2,0,0,0,,2023
Liam Livingstone,Punjab Kings,9,94,5,37.0,47.0,21.0,76.59,2.47,13.42,7.0,0.0,0.0,2,0,0,0,,2023
Kulwant Khejroliya,Kolkata Knight Riders,2,64,7,21.0,32.0,13.0,68.75,2.88,14.76,4.2,0.0,2.0,2,0,0,0,,2023
Praveen Dubey,Delhi Capitals,1,19,8,11.0,19.0,18.0,52.63,9.0,6.33,3.0,1.0,0.0,1,0,0,0,,2023
Glenn Phillips,Sunrisers Hyderabad,5,20,6,12.0,20.0,18.0,40.0,9.0,6.66,3.0,0.0,0.0,1,0,0,0,,2023
Tristan Stubbs,Mumbai Indians,2,14,3,9.0,14.0,12.0,42.85,12.0,7.0,2.0,0.0,0.0,1,0,0,0,,2023
Reece Topley,Royal Challengers Bangalore,1,14,7,5.0,14.0,12.0,85.71,4.0,7.0,2.0,0.0,0.0,1,0,0,0,,2023
Mayank Dagar,Sunrisers Hyderabad,3,83,22,44.0,83.0,66.0,55.42,6.6,7.54,11.0,0.0,0.0,1,0,0,0,,2023
Sisanda Magala,Chennai Super Kings,2,51,6,31.0,51.0,36.0,39.21,7.2,8.5,6.0,1.0,0.0,1,0,0,0,,2023
Rishi Dhawan,Punjab Kings,6,60,20,22.0,60.0,42.0,83.33,3.81,8.57,7.0,0.0,0.0,1,0,0,0,,2023
Aiden Markram,Sunrisers Hyderabad,13,70,12,37.0,70.0,49.0,54.28,5.44,8.57,8.1,0.0,0.0,1,0,0,0,,2023
Rovman Powell,Delhi Capitals,3,18,4,10.0,18.0,12.0,55.55,6.0,9.0,2.0,1.0,1.0,1,0,0,0,,2023
Umesh Yadav,Kolkata Knight Riders,8,189,42,74.0,189.0,114.0,73.01,3.93,9.94,19.0,2.0,0.0,1,0,0,0,,2023
Akeal Hosein,Sunrisers Hyderabad,1,40,6,18.0,40.0,24.0,70.0,4.0,10.0,4.0,0.0,0.0,1,0,0,0,,2023
Darshan Nalkande,Gujarat Titans,1,44,9,16.0,44.0,24.0,63.63,4.0,11.0,4.0,0.0,1.0,1,0,0,0,,2023
Mustafizur Rahman,Delhi Capitals,2,79,13,29.0,79.0,42.0,81.01,3.0,11.28,7.0,0.0,0.0,1,0,0,0,,2023
Akash Deep,Royal Challengers Bangalore,2,59,11,22.0,59.0,30.0,74.57,3.33,11.8,5.0,1.0,2.0,1,0,0,0,,2023
Lockie Ferguson,Kolkata Knight Riders,3,96,16,34.0,96.0,46.0,72.91,3.06,12.52,7.4,2.0,2.0,1,0,0,0,,2023
Duan Jansen,Mumbai Indians,1,53,6,22.0,53.0,24.0,67.92,3.42,13.25,4.0,4.0,0.0,1,0,0,0,,2023
Shahbaz Ahmed,Royal Challengers Bangalore,10,95,9,33.0,95.0,42.0,75.78,3.0,13.57,7.0,0.0,0.0,1,0,0,0,,2023
Kartik Tyagi,Sunrisers Hyderabad,3,92,10,34.0,92.0,37.0,76.08,2.31,14.91,6.1,3.0,4.0,1,0,0,0,,2023
Harshal Patel,Punjab Kings,14,477,85,232.0,19.87,12.25,58.7,4.81,9.73,49.0,21.0,2.0,24,0,0,0,,2024
Varun Chakaravarthy,Kolkata Knight Riders,15,402,125,183.0,19.14,14.28,62.68,6.0,8.04,50.0,7.0,2.0,21,0,0,0,,2024
Jasprit Bumrah,Mumbai Indians,13,336,149,179.0,16.8,15.55,53.57,7.77,6.48,51.5,13.0,4.0,20,0,0,1,,2024
T Natarajan,Sunrisers Hyderabad,14,465,112,220.0,24.47,16.21,62.36,4.81,9.05,51.2,24.0,0.0,19,1,1,0,,2024
Harshit Rana,Kolkata Knight Riders,13,383,95,169.0,20.15,13.31,65.79,4.86,9.08,42.1,11.0,0.0,19,1,0,0,,2024
Avesh Khan,Rajasthan Royals,16,526,101,245.0,27.68,17.31,62.73,4.63,9.59,54.5,16.0,1.0,19,0,0,0,,2024
Arshdeep Singh,Punjab Kings,14,505,114,212.0,26.57,15.89,69.3,3.92,10.03,50.2,24.0,0.0,19,0,1,0,,2024
Andre Russell,Kolkata Knight Riders,15,295,68,120.0,15.52,9.26,67.79,4.4,10.05,29.2,12.0,0.0,19,0,0,0,,2024
Pat Cummins,Sunrisers Hyderabad,16,566,125,250.0,31.44,20.33,66.78,4.4,9.27,61.0,9.0,0.0,18,1,0,0,,2024
Yuzvendra Chahal,Rajasthan Royals,15,546,100,262.0,30.33,19.33,58.6,5.35,9.41,58.0,13.0,1.0,18,0,0,0,,2024
Sunil Narine,Kolkata Knight Riders,15,368,127,207.0,21.64,19.41,47.28,9.42,6.69,55.0,4.0,0.0,17,0,0,0,,2024
Tushar Deshpande,Chennai Super Kings,13,424,118,192.0,24.94,16.94,64.15,4.96,8.83,48.0,20.0,2.0,17,0,1,0,,2024
Khaleel Ahmed,Delhi Capitals,14,479,130,194.0,28.17,17.64,71.39,4.05,9.58,50.0,23.0,1.0,17,2,0,0,,2024
Mukesh Kumar,Delhi Capitals,10,368,72,151.0,21.64,12.52,73.36,3.49,10.36,35.3,7.0,3.0,17,0,0,0,,2024
Mitchell Starc,Kolkata Knight Riders,14,444,105,162.0,26.11,14.76,77.02,3.39,10.61,41.5,16.0,0.0,17,0,1,0,,2024
Trent Boult,Rajasthan Royals,16,443,137,196.0,27.68,20.0,65.91,4.84,8.3,53.2,13.0,0.0,16,0,0,0,,2024
Kuldeep Yadav,Delhi Capitals,11,374,82,185.0,23.37,16.12,55.61,6.61,8.69,43.0,8.0,1.0,16,0,1,0,,2024
Sam Curran,Punjab Kings,13,416,84,170.0,26.0,15.37,71.15,3.84,10.14,41.0,7.0,1.0,16,0,0,0,,2024
Yash Dayal,Royal Challengers Bengaluru,14,459,122,199.0,30.6,20.06,67.1,4.3,9.14,50.1,18.0,3.0,15,0,0,0,,2024
Mohammed Siraj,Royal Challengers Bengaluru,14,496,129,221.0,33.06,21.6,66.93,4.56,9.18,54.0,26.0,0.0,15,0,0,0,,2024
Mustafizur Rahman,Chennai Super Kings,9,318,81,143.0,22.71,14.71,65.4,4.38,9.26,34.2,15.0,4.0,14,1,1,0,,2024
Naveen-Ul-Haq,Lucknow Super Giants,10,372,72,160.0,26.57,15.64,65.05,4.13,10.19,36.3,10.0,3.0,14,0,0,0,,2024
Matheesha Pathirana,Chennai Super Kings,6,169,54,91.0,13.0,10.15,50.88,6.94,7.68,22.0,13.0,0.0,13,0,1,0,,2024
Sandeep Sharma,Rajasthan Royals,11,311,75,161.0,23.92,17.53,55.94,5.84,8.18,38.0,8.0,0.0,13,0,0,1,,2024
Piyush Chawla,Mumbai Indians,11,312,65,150.0,24.0,16.15,58.33,6.0,8.91,35.0,5.0,0.0,13,0,0,0,,2024
Gerald Coetzee,Mumbai Indians,10,341,81,135.0,26.23,15.46,73.31,3.72,10.17,33.3,14.0,1.0,13,0,1,0,,2024
Mohit Sharma,Gujarat Titans,12,425,55,190.0,32.69,18.0,62.11,4.25,10.89,39.0,10.0,1.0,13,0,0,0,,2024
Axar Patel,Delhi Capitals,14,337,80,185.0,30.63,24.0,50.44,7.54,7.65,44.0,1.0,0.0,11,0,0,0,,2024
Kagiso Rabada,Punjab Kings,11,372,101,161.0,33.81,22.9,69.35,4.42,8.85,42.0,10.0,0.0,11,0,0,0,,2024
Vaibhav Arora,Kolkata Knight Riders,10,276,79,121.0,25.09,16.36,68.11,4.39,9.2,30.0,15.0,6.0,11,0,0,0,,2024
Bhuvneshwar Kumar,Sunrisers Hyderabad,16,533,136,221.0,48.45,31.09,73.17,3.93,9.35,57.0,14.0,1.0,11,2,0,0,,2024
Hardik Pandya,Mumbai Indians,14,387,65,161.0,35.18,19.63,65.63,4.07,10.75,36.0,10.0,0.0,11,0,0,0,,2024
Yash Thakur,Lucknow Super Giants,10,402,68,157.0,36.54,19.36,71.14,3.55,11.32,35.3,11.0,1.0,11,1,0,1,,2024
Rashid Khan,Gujarat Titans,12,367,84,178.0,36.7,26.2,56.67,6.23,8.4,43.4,0.0,0.0,10,0,0,0,,2024
Cameron Green,Royal Challengers Bengaluru,13,303,72,151.0,30.3,21.1,58.74,5.41,8.61,35.1,12.0,0.0,10,0,0,0,,2024
Ravi Bishnoi,Lucknow Super Giants,14,383,89,181.0,38.3,26.2,61.61,5.34,8.77,43.4,8.0,0.0,10,0,0,0,,2024
Rahul Chahar,Punjab Kings,9,279,56,133.0,27.9,18.6,60.21,5.63,9.0,31.0,2.0,1.0,10,0,0,0,,2024
Ishant Sharma,Delhi Capitals,9,265,63,119.0,26.5,16.2,65.66,4.15,9.81,27.0,19.0,1.0,10,0,0,0,,2024
Mohsin Khan,Lucknow Super Giants,9,385,82,155.0,38.5,22.8,71.16,4.0,10.13,38.0,9.0,0.0,10,0,0,0,,2024
Ravichandran Ashwin,Rajasthan Royals,15,467,89,257.0,51.88,36.66,47.53,7.17,8.49,55.0,16.0,0.0,9,0,0,0,,2024
Lockie Ferguson,Royal Challengers Bengaluru,7,255,43,104.0,28.33,16.0,69.8,3.89,10.62,24.0,0.0,3.0,9,0,0,0,,2024
Rasikh Salam,Delhi Capitals,8,269,42,114.0,29.88,16.33,66.91,4.08,10.97,24.3,9.0,0.0,9,0,0,0,,2024
Ravindra Jadeja,Chennai Super Kings,14,369,75,210.0,46.12,35.25,44.98,8.05,7.85,47.0,2.0,1.0,8,0,0,0,,2024
Noor Ahmad,Gujarat Titans,10,290,75,139.0,36.25,26.12,59.31,5.8,8.32,34.5,5.0,0.0,8,0,0,0,,2024
Nuwan Thushara,Mumbai Indians,7,257,51,121.0,32.12,19.5,62.25,4.45,9.88,26.0,14.0,2.0,8,0,0,0,,2024
Umesh Yadav,Gujarat Titans,7,210,56,73.0,26.25,15.75,77.14,3.5,10.0,21.0,3.0,0.0,8,0,0,0,,2024
Jaydev Unadkat,Sunrisers Hyderabad,11,319,44,156.0,39.87,23.37,56.42,5.05,10.23,31.1,13.0,0.0,8,0,0,0,,2024
Mayank Markande,Sunrisers Hyderabad,7,259,29,113.0,32.37,16.5,65.63,4.25,11.77,22.0,9.0,1.0,8,0,0,0,,2024
Mayank Yadav,Lucknow Super Giants,4,85,42,34.0,12.14,10.42,72.94,5.21,6.98,12.1,2.0,1.0,7,0,0,0,,2024
Harpreet Brar,Punjab Kings,13,303,74,156.0,43.28,32.57,50.82,7.12,7.97,38.0,2.0,0.0,7,0,0,0,,2024
Nandre Burger,Rajasthan Royals,6,145,50,55.0,20.71,14.57,78.62,4.08,8.52,17.0,3.0,0.0,7,0,0,0,,2024
Sai Kishore,Gujarat Titans,5,137,30,63.0,19.57,12.85,58.39,6.0,9.13,15.0,3.0,0.0,7,0,1,0,,2024
Shahbaz Ahmed,Sunrisers Hyderabad,16,270,52,114.0,38.57,23.57,68.14,4.34,9.81,27.3,0.0,1.0,7,0,0,0,,2024
Karn Sharma,Royal Challengers Bengaluru,9,254,41,108.0,36.28,20.57,68.5,4.11,10.58,24.0,5.0,0.0,7,0,0,0,,2024
Anrich Nortje,Delhi Capitals,6,294,40,100.0,42.0,18.85,78.91,2.8,13.36,22.0,7.0,1.0,7,0,0,0,,2024
Krunal Pandya,Lucknow Super Giants,14,255,58,147.0,42.5,33.0,47.84,7.61,7.72,33.0,7.0,0.0,6,0,0,0,,2024
Glenn Maxwell,Royal Challengers Bengaluru,10,129,34,64.0,21.5,16.0,58.91,6.4,8.06,16.0,2.0,0.0,6,0,0,0,,2024
Swapnil Singh,Royal Challengers Bengaluru,7,133,27,65.0,22.16,15.0,60.15,5.29,8.86,15.0,1.0,1.0,6,0,0,0,,2024
Kuldeep Sen,Rajasthan Royals,3,122,24,55.0,20.33,12.0,68.85,3.78,10.16,12.0,6.0,1.0,6,0,0,0,,2024
Sandeep Warrier,Gujarat Titans,5,119,31,39.0,19.83,11.0,80.67,3.47,10.81,11.0,3.0,1.0,6,0,0,0,,2024
Deepak Chahar,Chennai Super Kings,8,202,60,86.0,40.4,28.2,70.29,4.54,8.59,23.3,5.0,0.0,5,0,0,0,,2024
Shardul Thakur,Chennai Super Kings,9,309,48,149.0,61.8,38.0,61.48,4.63,9.75,31.4,4.0,3.0,5,0,0,0,,2024
Simarjeet Singh,Chennai Super Kings,4,121,28,52.0,24.2,14.4,66.11,4.5,10.08,12.0,8.0,0.0,5,0,0,0,,2024
Akash Madhwal,Mumbai Indians,5,205,36,83.0,41.0,21.8,71.21,3.4,11.28,18.1,8.0,2.0,5,0,0,0,,2024
Azmatullah Omarzai,Gujarat Titans,7,186,57,74.0,46.5,31.5,77.41,3.81,8.85,21.0,5.0,0.0,4,0,0,0,,2024
Marcus Stoinis,Lucknow Super Giants,14,126,33,54.0,31.5,21.0,61.9,5.25,9.0,14.0,3.0,0.0,4,0,0,0,,2024
Spencer Johnson,Gujarat Titans,5,151,35,64.0,37.75,24.0,72.84,4.0,9.43,16.0,3.0,0.0,4,0,0,0,,2024
Vyshak Vijaykumar,Royal Challengers Bengaluru,4,142,24,66.0,35.5,21.75,63.38,4.57,9.79,14.3,3.0,0.0,4,0,0,0,,2024
Reece Topley,Royal Challengers Bengaluru,4,168,31,64.0,42.0,22.5,75.0,3.33,11.2,15.0,5.0,0.0,4,0,0,0,,2024
Josh Little,Gujarat Titans,1,45,9,16.0,11.25,6.0,80.0,3.0,11.25,4.0,1.0,0.0,4,0,1,0,,2024
Liam Livingstone,Punjab Kings,7,84,26,49.0,28.0,24.0,50.0,8.0,7.0,12.0,3.0,0.0,3,0,0,0,,2024
Tristan Stubbs,Delhi Capitals,14,15,6,7.0,5.0,4.0,53.33,6.0,7.5,2.0,1.0,0.0,3,0,0,0,,2024
Darshan Nalkande,Gujarat Titans,3,45,7,24.0,15.0,9.66,48.88,7.25,9.31,4.5,2.0,0.0,3,0,0,0,,2024
Shreyas Gopal,Mumbai Indians,3,67,10,32.0,22.33,14.0,53.73,7.0,9.57,7.0,0.0,0.0,3,0,0,0,,2024
Nitish Kumar Reddy,Sunrisers Hyderabad,13,153,20,67.0,51.0,26.33,66.66,3.76,11.62,13.1,7.0,1.0,3,0,0,0,,2024
Keshav Maharaj,Rajasthan Royals,2,39,11,25.0,19.5,18.0,35.89,12.0,6.5,6.0,0.0,0.0,2,0,0,0,,2024
Mitchell Santner,Chennai Super Kings,3,64,23,31.0,32.0,27.0,59.37,6.75,7.11,9.0,0.0,0.0,2,0,0,0,,2024
Maheesh Theekshana,Chennai Super Kings,5,144,46,75.0,72.0,60.0,51.38,8.0,7.2,20.0,1.0,0.0,2,0,0,0,,2024
Abhishek Sharma,Sunrisers Hyderabad,16,51,12,30.0,25.5,21.0,47.05,7.0,7.28,7.0,0.0,0.0,2,0,0,0,,2024
Mohammad Nabi,Mumbai Indians,7,109,19,55.0,54.5,37.0,58.71,6.16,8.83,12.2,0.0,0.0,2,0,0,0,,2024
Moeen Ali,Chennai Super Kings,8,71,12,37.0,35.5,24.0,45.07,8.0,8.87,8.0,1.0,0.0,2,0,0,0,,2024
Vidwath Kaverappa,Punjab Kings,1,36,11,13.0,18.0,12.0,72.22,4.8,9.0,4.0,0.0,0.0,2,0,0,0,,2024
Will Jacks,Royal Challengers Bengaluru,8,100,11,44.0,50.0,27.0,66.0,4.15,11.11,9.0,1.0,0.0,2,0,0,0,,2024
Anshul Kamboj,Mumbai Indians,3,114,20,48.0,57.0,30.0,66.66,3.75,11.4,10.0,6.0,2.0,2,0,0,0,,2024
Shashank Singh,Punjab Kings,14,5,1,5.0,5.0,6.0,0.0,0.0,5.0,1.0,0.0,0.0,1,0,0,0,,2024
Nathan Ellis,Punjab Kings,1,24,10,14.0,24.0,24.0,50.0,8.0,6.0,4.0,0.0,0.0,1,0,0,0,,2024
M Siddharth,Lucknow Super Giants,3,71,22,35.0,71.0,54.0,50.7,6.75,7.88,9.0,1.0,3.0,1,0,0,0,,2024
Vijayakanth Viyaskanth,Sunrisers Hyderabad,3,86,19,41.0,86.0,60.0,60.46,6.0,8.6,10.0,0.0,0.0,1,0,0,0,,2024
Richard Gleeson,Chennai Super Kings,2,71,20,31.0,71.0,47.0,64.78,4.7,9.06,7.5,3.0,1.0,1,0,0,0,,2024
Matt Henry,Lucknow Super Giants,4,110,26,48.0,110.0,72.0,60.0,5.14,9.16,12.0,2.0,0.0,1,0,0,0,,2024
Amit Mishra,Lucknow Super Giants,1,20,5,7.0,20.0,12.0,80.0,4.0,10.0,2.0,0.0,0.0,1,0,0,0,,2024
Mayank Dagar,Royal Challengers Bengaluru,5,120,22,50.0,120.0,71.0,66.66,4.43,10.14,11.5,1.0,0.0,1,0,0,0,,2024
Arshad Khan,Lucknow Super Giants,4,114,24,45.0,114.0,61.0,73.68,3.21,11.21,10.1,8.0,0.0,1,0,0,0,,2024
Daryl Mitchell,Chennai Super Kings,13,70,4,34.0,70.0,36.0,60.0,4.0,11.66,6.0,2.0,0.0,1,0,0,0,,2024
Alzarri Joseph,Royal Challengers Bengaluru,3,115,18,46.0,115.0,58.0,73.04,3.41,11.89,9.4,6.0,0.0,1,0,0,0,,2024
Lizaad Williams,Delhi Capitals,2,72,13,28.0,72.0,36.0,69.44,3.27,12.0,6.0,4.0,2.0,1,0,0,0,,2024
Mitchell Marsh,Delhi Capitals,4,103,9,45.0,103.0,48.0,67.96,3.2,12.87,8.0,6.0,0.0,1,0,0,0,,2024
Marco Jansen,Sunrisers Hyderabad,3,129,20,48.0,129.0,60.0,74.41,2.85,12.9,10.0,6.0,2.0,1,0,0,0,,2024
Yudhvir Singh,Lucknow Super Giants,2,52,5,19.0,52.0,24.0,65.38,3.42,13.0,4.0,0.0,0.0,1,0,0,0,,2024
Romario Shepherd,Mumbai Indians,6,159,18,58.0,159.0,72.0,72.95,3.0,13.25,12.0,4.0,0.0,1,0,0,0,,2024
Shivam Dube,Chennai Super Kings,14,14,1,5.0,14.0,6.0,71.42,3.0,14.0,1.0,0.0,0.0,1,0,0,0,,2024
Washington Sundar,Sunrisers Hyderabad,2,73,3,27.0,73.0,30.0,73.97,2.5,14.6,5.0,0.0,0.0,1,0,0,0,,2024
Kwena Maphaka,Mumbai Indians,2,89,12,27.0,89.0,36.0,87.64,2.11,14.83,6.0,3.0,0.0,1,0,0,0,,2024
Luke Wood,Mumbai Indians,2,93,9,29.0,93.0,36.0,83.87,2.11,15.5,6.0,1.0,1.0,1,0,0,0,,2024
Akash Deep,Royal Challengers Bengaluru,1,55,6,17.0,55.0,21.0,80.0,2.62,15.71,3.3,2.0,0.0,1,0,0,0,,2024
Prasidh Krishna,Gujarat Titans,15,488,146,218.0,19.52,14.16,65.98,5.13,8.27,59.0,10.0,0.0,25,0,1,0,,2025
Noor Ahmad,Chennai Super Kings,14,408,107,207.0,17.0,12.5,56.86,6.12,8.16,50.0,11.0,3.0,24,0,2,0,,2025
Trent Boult,Mumbai Indians,16,517,127,230.0,23.5,15.72,64.21,4.8,8.96,57.4,11.0,0.0,22,0,1,0,,2025
Josh Hazlewood,Royal Challengers Bengaluru,11,332,113,131.0,15.8,11.42,74.09,4.52,8.3,40.0,4.0,0.0,21,0,1,0,,2025
Sai Kishore,Gujarat Titans,15,393,77,185.0,20.68,13.42,60.55,5.42,9.24,42.3,7.0,0.0,19,0,0,0,,2025
Jasprit Bumrah,Mumbai Indians,12,316,128,161.0,17.55,15.77,56.96,7.28,6.67,47.2,5.0,0.0,18,0,1,0,,2025
Arshdeep Singh,Punjab Kings,16,478,129,212.0,26.55,18.11,67.36,4.4,8.79,54.2,15.0,0.0,18,1,0,0,,2025
Varun Chakaravarthy,Kolkata Knight Riders,13,383,117,191.0,22.52,17.64,58.48,6.25,7.66,50.0,8.0,0.0,17,0,0,0,,2025
Vaibhav Arora,Kolkata Knight Riders,12,430,94,178.0,25.29,15.0,69.76,3.92,10.11,42.3,17.0,0.0,17,1,0,0,,2025
Pat Cummins,Sunrisers Hyderabad,14,450,118,194.0,28.12,18.62,67.11,4.65,9.06,49.4,13.0,1.0,16,0,0,0,,2025
Marco Jansen,Punjab Kings,14,434,116,183.0,27.12,17.68,68.2,4.49,9.2,47.1,15.0,2.0,16,0,0,0,,2025
Mohammed Siraj,Gujarat Titans,15,527,151,216.0,32.93,21.37,72.1,4.07,9.24,57.0,25.0,0.0,16,0,1,0,,2025
Harshal Patel,Sunrisers Hyderabad,13,430,85,201.0,26.87,16.43,62.32,4.45,9.8,43.5,19.0,4.0,16,0,2,0,,2025
Kuldeep Yadav,Delhi Capitals,14,361,107,204.0,24.06,20.4,45.98,8.74,7.07,51.0,4.0,1.0,15,0,0,0,,2025
Krunal Pandya,Royal Challengers Bengaluru,14,362,72,187.0,24.13,16.8,55.24,6.14,8.61,42.0,7.0,0.0,15,0,1,0,,2025
Bhuvneshwar Kumar,Royal Challengers Bengaluru,13,445,114,180.0,29.66,19.2,70.56,4.29,9.27,48.0,6.0,0.0,15,0,0,0,,2025
Khaleel Ahmed,Chennai Super Kings,14,447,137,153.0,29.8,18.66,79.19,3.68,9.57,46.4,7.0,3.0,15,0,0,0,,2025
Yuzvendra Chahal,Punjab Kings,13,393,70,183.0,26.2,16.4,61.06,5.12,9.58,41.0,7.0,0.0,15,0,2,0,,2025
Harshit Rana,Kolkata Knight Riders,13,448,105,171.0,29.86,17.6,75.0,3.66,10.18,44.0,10.0,2.0,15,0,0,0,,2025
Digvesh Singh,Lucknow Super Giants,13,429,98,223.0,30.64,22.28,55.94,5.88,8.25,52.0,7.0,2.0,14,0,0,0,,2025
Hardik Pandya,Mumbai Indians,15,342,67,162.0,24.42,15.0,62.57,4.66,9.77,35.0,16.0,3.0,14,0,0,1,,2025
Mitchell Starc,Delhi Capitals,11,366,85,142.0,26.14,15.42,75.4,3.48,10.16,36.0,8.0,3.0,14,0,0,1,,2025
Eshan Malinga,Sunrisers Hyderabad,7,238,56,109.0,18.3,12.3,67.22,4.57,8.92,26.4,5.0,0.0,13,0,0,0,,2025
Matheesha Pathirana,Chennai Super Kings,12,424,82,202.0,32.61,19.3,58.96,5.02,10.13,41.5,32.0,1.0,13,0,0,0,,2025
Avesh Khan,Lucknow Super Giants,13,487,77,217.0,37.46,21.84,65.29,4.11,10.28,47.2,10.0,0.0,13,0,0,0,,2025
Shardul Thakur,Lucknow Super Giants,10,375,61,165.0,28.84,15.69,67.73,3.7,11.02,34.0,21.0,1.0,13,0,1,0,,2025
Sunil Narine,Kolkata Knight Riders,12,351,89,186.0,29.25,22.5,51.28,7.94,7.8,45.0,3.0,2.0,12,0,0,0,,2025
Yash Dayal,Royal Challengers Bengaluru,14,452,87,200.0,37.66,23.0,62.38,4.52,9.82,46.0,7.0,4.0,12,0,0,0,,2025
Mukesh Kumar,Delhi Capitals,12,408,82,173.0,34.0,19.75,68.13,4.01,10.32,39.3,16.0,2.0,12,1,1,0,,2025
Jaydev Unadkat,Sunrisers Hyderabad,7,175,54,92.0,15.9,13.0,57.14,6.21,7.34,23.5,3.0,0.0,11,0,0,0,,2025
Wanindu Hasaranga,Rajasthan Royals,11,371,67,184.0,33.72,22.36,57.68,5.72,9.04,41.0,5.0,0.0,11,0,1,0,,2025
Vipraj Nigam,Delhi Capitals,14,356,74,170.0,32.36,21.27,61.23,5.31,9.12,39.0,6.0,4.0,11,0,0,0,,2025
Deepak Chahar,Mumbai Indians,14,376,108,155.0,34.18,22.36,67.02,4.39,9.17,41.0,15.0,2.0,11,1,0,0,,2025
Jofra Archer,Rajasthan Royals,12,431,110,181.0,39.18,24.81,70.53,4.07,9.47,45.3,17.0,2.0,11,1,0,0,,2025
Maheesh Theekshana,Rajasthan Royals,11,410,72,199.0,37.27,22.9,58.53,4.75,9.76,42.0,17.0,2.0,11,0,0,0,,2025
Ashwani Kumar,Mumbai Indians,7,232,37,95.0,21.09,11.18,69.82,3.72,11.31,20.3,7.0,2.0,11,0,1,0,,2025
Mitchell Santner,Mumbai Indians,13,313,79,168.0,31.3,23.7,53.67,6.4,7.92,39.3,10.0,0.0,10,0,0,0,,2025
Ravindra Jadeja,Chennai Super Kings,14,324,77,155.0,32.4,22.7,59.87,5.67,8.56,37.5,3.0,2.0,10,0,0,0,,2025
Harpreet Brar,Punjab Kings,8,190,40,94.0,19.0,13.2,60.0,5.5,8.63,22.0,1.0,1.0,10,0,0,0,,2025
Rashid Khan,Gujarat Titans,15,514,94,242.0,57.11,36.66,61.08,5.32,9.34,55.0,6.0,0.0,9,0,0,0,,2025
Sandeep Sharma,Rajasthan Royals,10,361,54,185.0,40.11,24.33,54.29,5.21,9.89,36.3,19.0,1.0,9,0,0,0,,2025
Tushar Deshpande,Rajasthan Royals,10,340,59,153.0,37.77,21.33,64.11,4.0,10.62,32.0,20.0,0.0,9,0,0,0,,2025
Ravi Bishnoi,Lucknow Super Giants,11,401,68,165.0,44.55,24.66,69.32,3.89,10.83,37.0,11.0,0.0,9,0,0,0,,2025
Anshul Kamboj,Chennai Super Kings,8,172,56,74.0,21.5,16.12,67.44,5.16,8.0,21.3,0.0,1.0,8,0,0,0,,2025
Suyash Sharma,Royal Challengers Bengaluru,13,423,98,195.0,52.87,36.0,64.3,4.96,8.81,48.0,5.0,0.0,8,0,0,0,,2025
Andre Russell,Kolkata Knight Riders,13,217,29,85.0,27.12,13.62,74.65,3.2,11.94,18.1,2.0,3.0,8,0,0,0,,2025
Karn Sharma,Mumbai Indians,6,128,27,64.0,18.28,12.85,57.81,6.0,8.53,15.0,1.0,0.0,7,0,0,0,,2025
Ravichandran Ashwin,Chennai Super Kings,9,283,57,132.0,40.42,26.57,63.6,5.16,9.12,31.0,3.0,0.0,7,0,0,0,,2025
Azmatullah Omarzai,Punjab Kings,8,244,43,100.0,34.85,19.71,64.75,4.05,10.6,23.0,5.0,0.0,7,0,0,0,,2025
Moeen Ali,Kolkata Knight Riders,6,136,29,70.0,22.66,16.0,54.41,6.85,8.5,16.0,3.0,0.0,6,1,0,0,,2025
Will Jacks,Mumbai Indians,13,120,32,58.0,20.0,14.0,56.66,5.6,8.57,14.0,5.0,1.0,6,0,0,0,,2025
Vignesh Puthur,Mumbai Indians,5,109,24,49.0,18.16,12.0,64.22,5.53,9.08,12.0,1.0,0.0,6,0,0,0,,2025
Zeeshan Ansari,Sunrisers Hyderabad,10,333,48,161.0,55.5,33.83,59.45,4.95,9.84,33.5,5.0,1.0,6,0,0,0,,2025
Mohd Arshad Khan,Gujarat Titans,9,217,49,87.0,36.16,21.0,71.88,3.7,10.33,21.0,9.0,1.0,6,0,0,0,,2025
Mohammad Shami,Sunrisers Hyderabad,9,337,60,127.0,56.16,30.0,77.74,3.15,11.23,30.0,6.0,1.0,6,0,0,0,,2025
William O Rourke,Lucknow Super Giants,3,132,15,49.0,22.0,10.33,75.75,2.81,12.77,10.2,2.0,0.0,6,0,0,0,,2025
Axar Patel,Delhi Capitals,12,288,65,142.0,57.6,40.8,61.11,5.51,8.47,34.0,3.0,0.0,5,0,0,0,,2025
Lockie Ferguson,Punjab Kings,4,104,28,48.0,20.8,13.6,59.61,5.66,9.17,11.2,8.0,0.0,5,0,0,0,,2025
Harsh Dubey,Sunrisers Hyderabad,3,98,18,43.0,19.6,12.0,65.3,5.0,9.8,10.0,1.0,0.0,5,0,0,0,,2025
Romario Shepherd,Royal Challengers Bengaluru,7,121,22,49.0,24.2,13.2,74.38,3.66,11.0,11.0,5.0,0.0,5,0,0,0,,2025
Mustafizur Rahman,Delhi Capitals,3,87,23,43.0,21.75,16.5,55.17,6.6,7.9,11.0,0.0,0.0,4,0,0,0,,2025
Glenn Maxwell,Punjab Kings,7,110,28,54.0,27.5,19.5,60.0,5.57,8.46,13.0,4.0,0.0,4,0,0,0,,2025
Akash Singh,Lucknow Super Giants,3,99,20,47.0,24.75,16.75,66.66,4.18,8.86,11.1,0.0,0.0,4,0,0,0,,2025
Aiden Markram,Lucknow Super Giants,13,102,15,53.0,25.5,16.5,52.94,6.6,9.27,11.0,2.0,0.0,4,0,0,0,,2025
Lungisani Ngidi,Royal Challengers Bengaluru,2,81,13,35.0,20.25,12.0,64.19,4.36,10.12,8.0,0.0,0.0,4,0,0,0,,2025
Akash Madhwal,Rajasthan Royals,4,166,23,74.0,41.5,22.5,66.26,3.75,11.06,15.0,7.0,0.0,4,0,0,0,,2025
Ishant Sharma,Gujarat Titans,7,205,35,82.0,51.25,27.5,72.19,3.43,11.18,18.2,7.0,0.0,4,0,0,0,,2025
Dushmantha Chameera,Delhi Capitals,6,171,20,78.0,42.75,22.5,63.15,4.09,11.4,15.0,8.0,0.0,4,0,0,0,,2025
Yudhvir Singh Charak,Rajasthan Royals,4,131,26,44.0,32.75,16.5,79.38,3.0,11.9,11.0,4.0,1.0,4,0,0,0,,2025
Riyan Parag,Rajasthan Royals,14,170,30,98.0,56.66,40.0,45.88,7.5,8.5,20.0,8.0,0.0,3,0,0,0,,2025
Prince Yadav,Lucknow Super Giants,6,225,43,101.0,75.0,45.66,64.0,4.41,9.85,22.5,7.0,0.0,3,0,0,0,,2025
Vyshak Vijaykumar,Punjab Kings,4,151,26,61.0,50.33,26.0,62.25,4.1,11.61,13.0,8.0,1.0,3,0,0,0,,2025
Akash Deep,Lucknow Super Giants,6,229,35,92.0,76.33,38.0,72.48,3.08,12.05,19.0,13.0,0.0,3,0,0,0,,2025
Ayush Badoni,Lucknow Super Giants,14,13,3,7.0,6.5,5.0,46.15,10.0,7.8,1.4,0.0,0.0,2,0,0,0,,2025
Liam Livingstone,Royal Challengers Bengaluru,9,76,10,44.0,38.0,27.0,47.36,6.75,8.44,9.0,0.0,0.0,2,0,0,0,,2025
Kamindu Mendis,Sunrisers Hyderabad,5,60,11,31.0,30.0,21.0,56.66,6.0,8.57,7.0,0.0,0.0,2,0,0,0,,2025
Kyle Jamieson,Punjab Kings,3,99,25,42.0,49.5,33.0,68.68,4.4,9.0,11.0,1.0,0.0,2,1,0,0,,2025
Nitish Kumar Reddy,Sunrisers Hyderabad,13,47,9,25.0,23.5,15.0,55.31,6.0,9.4,5.0,4.0,0.0,2,0,0,0,,2025
M Siddharth,Lucknow Super Giants,2,67,12,31.0,33.5,21.0,65.67,4.66,9.57,7.0,1.0,0.0,2,0,0,0,,2025
Xavier Bartlett,Punjab Kings,4,96,28,32.0,48.0,30.0,77.08,3.75,9.6,10.0,0.0,0.0,2,0,0,0,,2025
Kumar Kartikeya Singh,Rajasthan Royals,4,78,16,33.0,39.0,24.0,69.23,4.36,9.75,8.0,1.0,0.0,2,0,0,0,,2025
Washington Sundar,Gujarat Titans,6,111,16,51.0,55.5,32.5,63.06,4.64,10.24,10.5,2.0,0.0,2,0,0,0,,2025
Mohit Sharma,Delhi Capitals,8,257,33,130.0,128.5,75.0,56.8,4.83,10.28,25.0,10.0,3.0,2,0,0,0,,2025
Gerald Coetzee,Gujarat Titans,4,131,21,55.0,65.5,36.0,65.64,4.23,10.91,12.0,4.0,0.0,2,0,0,0,,2025
Kagiso Rabada,Gujarat Titans,4,162,24,64.0,81.0,42.0,70.37,3.65,11.57,14.0,4.0,0.0,2,0,0,0,,2025
Adam Zampa,Sunrisers Hyderabad,2,94,10,40.0,47.0,24.0,70.21,3.69,11.75,8.0,2.0,0.0,2,0,0,0,,2025
Mayank Yadav,Lucknow Super Giants,2,100,18,35.0,50.0,24.0,78.0,3.2,12.5,8.0,5.0,0.0,2,0,0,0,,2025
Simarjeet Singh,Sunrisers Hyderabad,4,141,22,41.0,70.5,30.0,89.36,2.4,14.1,10.0,2.0,1.0,2,0,0,0,,2025
Nuwan Thushara,Royal Challengers Bengaluru,1,26,10,16.0,26.0,24.0,61.53,6.0,6.5,4.0,1.0,1.0,1,0,0,0,,2025
Anukul Roy,Kolkata Knight Riders,1,27,8,17.0,27.0,24.0,44.44,8.0,6.75,4.0,1.0,0.0,1,0,0,0,,2025
Corbin Bosch,Mumbai Indians,2,55,24,21.0,55.0,42.0,72.72,5.25,7.85,7.0,3.0,0.0,1,0,0,0,,2025
Nathan Ellis,Chennai Super Kings,1,38,6,19.0,38.0,24.0,47.36,6.0,9.5,4.0,1.0,0.0,1,0,0,0,,2025
Kulwant Khejroliya,Gujarat Titans,1,29,4,15.0,29.0,18.0,62.06,4.5,9.66,3.0,1.0,0.0,1,0,0,0,,2025
Pravin Dubey,Punjab Kings,1,20,4,8.0,20.0,12.0,80.0,3.0,10.0,2.0,0.0,0.0,1,0,0,0,,2025
Kwena Maphaka,Rajasthan Royals,2,54,12,20.0,54.0,30.0,85.18,3.0,10.8,5.0,2.0,0.0,1,0,0,0,,2025
Sam Curran,Chennai Super Kings,5,133,18,56.0,133.0,72.0,69.17,3.78,11.08,12.0,2.0,0.0,1,0,0,0,,2025
Richard Gleeson,Mumbai Indians,1,39,5,17.0,39.0,21.0,71.79,3.0,11.14,3.3,1.0,0.0,1,0,0,0,,2025
Rasikh Dar,Royal Challengers Bengaluru,2,70,14,24.0,70.0,36.0,82.85,3.0,11.66,6.0,2.0,0.0,1,0,0,0,,2025
Spencer Johnson,Kolkata Knight Riders,4,133,26,47.0,133.0,68.0,78.19,3.09,11.73,11.2,5.0,0.0,1,0,0,0,,2025
Mukesh Choudhary,Chennai Super Kings,2,71,11,25.0,71.0,36.0,81.69,2.76,11.83,6.0,0.0,0.0,1,0,0,0,,2025
Anrich Nortje,Kolkata Knight Riders,2,83,17,28.0,83.0,42.0,84.33,2.62,11.85,7.0,3.0,0.0,1,0,0,0,,2025
Shahbaz Ahmed,Lucknow Super Giants,3,102,11,45.0,102.0,51.0,64.7,3.64,12.0,8.3,5.0,0.0,1,0,0,0,,2025
Yash Thakur,Punjab Kings,2,79,11,32.0,79.0,39.0,70.88,3.25,12.15,6.3,3.0,1.0,1,0,0,0,,2025
Marcus Stoinis,Punjab Kings,12,175,22,69.0,175.0,85.0,69.71,3.54,12.35,14.1,5.0,1.0,1,0,0,0,,2025
Shahrukh Khan,Gujarat Titans,15,13,1,5.0,13.0,6.0,76.92,3.0,13.0,1.0,0.0,0.0,1,0,0,0,,2025
V Satyanarayana Penmetsa,Mumbai Indians,2,53,4,25.0,53.0,24.0,64.15,3.42,13.25,4.0,5.0,0.0,1,0,0,0,,2025
Musheer Khan,Punjab Kings,1,27,1,11.0,27.0,12.0,74.07,3.0,13.5,2.0,0.0,0.0,1,0,0,0,,2025
Mujeeb-ur-Rahman,Mumbai Indians,1,28,4,9.0,28.0,12.0,78.57,2.4,14.0,2.0,1.0,0.0,1,0,0,0,,2025
