StrikerName,TeamName,Matches,TotalRuns,Balls,Dotballs,StrikeRate,Fours,Sixes,Outs,NotOuts,BattingAverage,FiftyPlusRuns,Centuries,HighestScore,Year
Kane Williamson,Sunrisers Hyderabad,17,735,516,,142.44,64,28,14,3,52.5,8,0,84,2018
Rishabh Pant,Delhi Capitals,14,684,394,,173.6,68,37,13,1,52.61,5,1,128*,2018
KL Rahul,Punjab Kings,14,659,416,,158.41,66,32,12,2,54.91,6,0,95*,2018
Ambati Rayudu,Chennai Super Kings,16,602,402,,149.75,53,34,14,2,43.0,3,1,100*,2018
Shane Watson,Chennai Super Kings,15,555,359,,154.59,44,35,14,1,39.64,2,2,117*,2018
Jos Buttler,Rajasthan Royals,13,548,353,,155.24,52,21,10,3,54.8,5,0,95*,2018
Virat Kohli,Royal Challengers Bangalore,14,530,381,,139.1,52,18,11,3,48.18,4,0,92*,2018
Suryakumar Yadav,Mumbai Indians,14,512,384,,133.33,61,16,14,0,36.57,4,0,72,2018
Dinesh Karthik,Kolkata Knight Riders,16,498,337,,147.77,49,16,10,6,49.8,2,0,52,2018
Shikhar Dhawan,Sunrisers Hyderabad,16,497,363,,136.91,59,14,13,3,38.23,4,0,92*,2018
Chris Lynn,Kolkata Knight Riders,16,491,377,,130.23,56,18,15,1,32.73,3,0,74,2018
AB de Villiers,Royal Challengers Bangalore,12,480,275,,174.54,39,30,9,2,53.33,6,0,90*,2018
MS Dhoni,Chennai Super Kings,16,455,302,,150.66,24,30,6,9,75.83,3,0,79*,2018
Suresh Raina,Chennai Super Kings,15,445,336,,132.44,46,12,12,3,37.08,4,0,75*,2018
Sanju Samson,Rajasthan Royals,15,441,320,,137.81,30,19,14,1,31.5,3,0,92*,2018
Shreyas Iyer,Delhi Capitals,14,411,310,,132.58,29,21,11,3,37.36,4,0,93*,2018
Evin Lewis,Mumbai Indians,13,382,276,,138.4,32,24,13,0,29.38,2,0,65,2018
Ajinkya Rahane,Rajasthan Royals,15,370,313,,118.21,39,5,13,1,28.46,1,0,65*,2018
Chris Gayle,Punjab Kings,11,368,252,,146.03,30,27,9,2,40.88,3,1,104*,2018
Sunil Narine,Kolkata Knight Riders,16,357,188,,189.89,40,23,16,0,22.31,2,0,75,2018
Robin Uthappa,Kolkata Knight Riders,16,351,265,,132.45,30,21,16,0,21.93,1,0,54,2018
Andre Russell,Kolkata Knight Riders,16,316,171,,184.79,17,31,11,3,28.72,1,0,88*,2018
Nitish Rana,Kolkata Knight Riders,15,304,232,,131.03,26,14,13,2,23.38,1,0,59,2018
Karun Nair,Punjab Kings,13,301,221,,136.19,23,13,12,0,25.08,2,0,54,2018
Rohit Sharma,Mumbai Indians,14,286,215,,133.02,25,12,12,2,23.83,2,0,94,2018
Manish Pandey,Sunrisers Hyderabad,15,284,246,,115.44,22,5,11,2,25.81,3,0,62*,2018
Ishan Kishan,Mumbai Indians,14,275,184,,149.45,22,17,12,0,22.91,2,0,62,2018
Hardik Pandya,Mumbai Indians,13,260,195,,133.33,20,11,9,4,28.88,1,0,50,2018
Yusuf Pathan,Sunrisers Hyderabad,15,260,200,,130.0,22,11,9,4,28.88,0,0,45*,2018
Mandeep Singh,Royal Challengers Bangalore,14,252,186,,135.48,16,11,10,3,25.2,0,0,47*,2018
Prithvi Shaw,Delhi Capitals,9,245,160,,153.12,27,10,9,0,27.22,2,0,65,2018
Shakib Al Hasan,Sunrisers Hyderabad,17,239,197,,121.31,26,5,11,2,21.72,0,0,35,2018
Krunal Pandya,Mumbai Indians,14,228,157,,145.22,22,10,10,3,22.8,0,0,41*,2018
Rahul Tripathi,Rajasthan Royals,12,226,167,,135.32,18,8,9,3,25.11,1,0,80*,2018
Vijay Shankar,Delhi Capitals,13,212,148,,143.24,11,11,4,7,53.0,1,0,54*,2018
Shubman Gill,Kolkata Knight Riders,13,203,139,,146.04,22,5,6,5,33.83,1,0,57*,2018
Quinton de Kock,Royal Challengers Bangalore,8,201,162,,124.07,20,8,8,0,25.12,1,0,53,2018
Ben Stokes,Rajasthan Royals,13,196,161,,121.73,13,6,12,1,16.33,0,0,45,2018
Glenn Maxwell,Delhi Capitals,12,169,120,,140.83,14,9,12,0,14.08,0,0,47,2018
Faf du Plessis,Chennai Super Kings,6,162,129,,125.58,17,6,5,1,32.4,1,0,67*,2018
Parthiv Patel,Royal Challengers Bangalore,6,153,109,,140.36,20,4,5,1,30.6,1,0,53,2018
Alex Hales,Sunrisers Hyderabad,6,148,118,,125.42,13,6,6,0,24.66,0,0,45,2018
Dwayne Bravo,Chennai Super Kings,16,141,91,,154.94,8,10,4,6,35.25,1,0,68,2018
Aaron Finch,Punjab Kings,10,134,100,,134.0,6,8,8,1,16.75,0,0,46,2018
Kieron Pollard,Mumbai Indians,9,133,100,,133.0,10,7,7,1,19.0,1,0,50,2018
Colin de Grandhomme,Royal Challengers Bangalore,9,131,84,,155.95,4,10,5,3,26.2,0,0,40,2018
Brendon McCullum,Royal Challengers Bangalore,6,127,88,,144.31,16,6,6,0,21.16,0,0,43,2018
Krishnappa Gowtham,Rajasthan Royals,15,126,64,,196.87,9,9,9,4,14.0,0,0,33*,2018
Wriddhiman Saha,Sunrisers Hyderabad,11,122,102,,119.6,17,1,8,2,15.25,0,0,35,2018
Jason Roy,Delhi Capitals,5,120,94,,127.65,9,7,4,1,30.0,1,0,91*,2018
Mayank Agarwal,Punjab Kings,11,120,94,,127.65,9,5,10,1,12.0,0,0,30,2018
D'Arcy Short,Rajasthan Royals,7,115,99,,116.16,11,5,7,0,16.42,0,0,44,2018
Sam Billings,Chennai Super Kings,10,108,78,,138.46,8,5,8,0,13.5,1,0,56,2018
Ravichandran Ashwin,Punjab Kings,14,102,71,,143.66,7,5,8,1,12.75,0,0,45,2018
Marcus Stoinis,Punjab Kings,7,99,76,,130.26,6,4,4,3,24.75,0,0,29*,2018
Ben Cutting,Mumbai Indians,9,96,58,,165.51,5,8,4,2,24.0,0,0,37,2018
Ravindra Jadeja,Chennai Super Kings,16,89,74,,120.27,3,4,5,5,17.8,0,0,27*,2018
Deepak Hooda,Sunrisers Hyderabad,9,87,81,,107.4,2,3,4,4,21.75,0,0,32*,2018
Gautam Gambhir,Delhi Capitals,6,85,88,,96.59,8,1,5,0,17.0,1,0,55,2018
Axar Patel,Punjab Kings,9,80,69,,115.94,3,4,6,2,13.33,0,0,19,2018
Moeen Ali,Royal Challengers Bangalore,5,77,46,,167.39,4,6,4,0,19.25,1,0,65,2018
Carlos Brathwaite,Sunrisers Hyderabad,4,75,48,,156.25,1,8,3,1,25.0,0,0,43*,2018
David Miller,Punjab Kings,3,74,64,,115.62,3,2,2,1,37.0,0,0,26,2018
Washington Sundar,Royal Challengers Bangalore,7,65,38,,171.05,5,4,3,3,21.66,0,0,35,2018
Yuvraj Singh,Punjab Kings,8,65,73,,89.04,6,2,6,0,10.83,0,0,20,2018
Abhishek Sharma,Delhi Capitals,3,63,33,,190.9,3,5,1,2,63.0,0,0,46*,2018
Colin Munro,Delhi Capitals,5,63,41,,153.65,7,4,5,0,12.6,0,0,33,2018
Harshal Patel,Delhi Capitals,5,60,33,,181.81,1,6,1,1,60.0,0,0,36*,2018
Rashid Khan,Sunrisers Hyderabad,17,59,31,,190.32,3,6,5,2,11.8,0,0,34*,2018
Heinrich Klaasen,Rajasthan Royals,4,57,47,,121.27,5,1,3,1,19.0,0,0,32,2018
Manan Vohra,Royal Challengers Bangalore,4,55,47,,117.02,2,4,4,0,13.75,0,0,45,2018
Shreevats Goswami,Sunrisers Hyderabad,6,52,40,,130.0,6,1,3,0,17.33,0,0,35,2018
Tim Southee,Royal Challengers Bangalore,8,52,46,,113.04,5,1,2,2,26.0,0,0,36*,2018
Sarfaraz Khan,Royal Challengers Bangalore,7,51,41,,124.39,7,1,5,1,10.2,0,0,22*,2018
Rahul Tewatia,Delhi Capitals,8,50,43,,116.27,5,1,3,2,16.66,0,0,24,2018
Shreyas Gopal,Rajasthan Royals,11,50,45,,111.11,5,0,3,1,16.66,0,0,24,2018
Deepak Chahar,Chennai Super Kings,12,50,29,,172.41,1,4,3,1,16.66,0,0,39,2018
Jaydev Unadkat,Rajasthan Royals,15,49,38,,128.94,6,1,4,3,12.25,0,0,26,2018
Manoj Tiwary,Punjab Kings,5,47,44,,106.81,4,1,3,1,15.66,0,0,35,2018
Chris Morris,Delhi Capitals,4,46,26,,176.92,3,2,1,3,46.0,0,0,27*,2018
Stuart Binny,Rajasthan Royals,7,44,39,,112.82,2,2,5,0,8.8,0,0,22,2018
JP Duminy,Mumbai Indians,6,36,40,,90.0,3,1,1,3,36.0,0,0,23,2018
Andrew Tye,Punjab Kings,14,32,38,,84.21,2,1,6,2,5.33,0,0,14,2018
Rinku Singh,Kolkata Knight Riders,4,29,31,,93.54,4,0,4,0,7.25,0,0,16,2018
Harbhajan Singh,Chennai Super Kings,13,29,36,,80.55,3,1,3,0,9.66,0,0,19,2018
Piyush Chawla,Kolkata Knight Riders,15,27,34,,79.41,1,1,4,3,6.75,0,0,12,2018
Dan Christian,Delhi Capitals,4,26,33,,78.78,0,1,2,1,13.0,0,0,13,2018
Mohammed Siraj,Royal Challengers Bangalore,11,25,22,,113.63,2,1,2,2,12.5,0,0,14,2018
Kedar Jadhav,Chennai Super Kings,1,24,22,,109.09,1,2,0,1,0.0,0,0,24*,2018
Tom Curran,Kolkata Knight Riders,5,23,28,,82.14,3,0,3,1,7.66,0,0,18,2018
Mayank Markande,Mumbai Indians,14,21,24,,87.5,2,0,2,4,10.5,0,0,7*,2018
Mahipal Lomror,Rajasthan Royals,2,20,21,,95.23,1,0,1,1,20.0,0,0,11,2018
Mohammad Nabi,Sunrisers Hyderabad,2,18,12,,150.0,3,0,2,0,9.0,0,0,14,2018
Corey Anderson,Royal Challengers Bangalore,3,17,22,,77.27,0,1,3,0,5.66,0,0,15,2018
Chris Woakes,Royal Challengers Bangalore,5,17,19,,89.47,1,1,2,2,8.5,0,0,11,2018
Mitchell Johnson,Kolkata Knight Riders,6,16,11,,145.45,2,0,0,2,0.0,0,0,12*,2018
Jofra Archer,Rajasthan Royals,10,15,21,,71.42,2,0,5,3,3.0,0,0,8,2018
Shardul Thakur,Chennai Super Kings,13,15,5,,300.0,3,0,0,1,0.0,0,0,15*,2018
Shivam Mavi,Kolkata Knight Riders,9,13,15,,86.66,1,0,3,1,4.33,0,0,7,2018
Bhuvneshwar Kumar,Sunrisers Hyderabad,12,13,16,,81.25,1,0,2,2,6.5,0,0,7,2018
Murali Vijay,Chennai Super Kings,1,12,10,,120.0,0,1,1,0,12.0,0,0,12,2018
Kuldeep Yadav,Kolkata Knight Riders,16,12,24,,50.0,1,0,1,2,12.0,0,0,7*,2018
Ankit Rajpoot,Punjab Kings,8,11,18,,61.11,1,0,3,0,3.66,0,0,8,2018
Mitchell McClenaghan,Mumbai Indians,11,11,10,,110.0,1,1,2,3,5.5,0,0,11*,2018
Mohit Sharma,Punjab Kings,9,10,13,,76.92,1,0,1,3,10.0,0,0,4*,2018
Mujeeb Ur Rahman,Punjab Kings,11,10,7,,142.85,2,0,1,1,10.0,0,0,10*,2018
Jasprit Bumrah,Mumbai Indians,14,10,11,,90.9,1,0,1,2,10.0,0,0,6*,2018
Akshdeep Nath,Punjab Kings,1,9,13,,69.23,1,0,1,0,9.0,0,0,9,2018
Dhruv Shorey,Chennai Super Kings,1,8,9,,88.88,0,1,1,0,8.0,0,0,8,2018
Prashant Chopra,Rajasthan Royals,1,8,6,,133.33,2,0,1,0,8.0,0,0,8,2018
Javon Searles,Kolkata Knight Riders,4,8,6,,133.33,0,1,1,1,8.0,0,0,6*,2018
Mohammad Shami,Delhi Capitals,4,7,6,,116.66,1,0,1,0,7.0,0,0,7,2018
Vinay Kumar,Kolkata Knight Riders,2,6,3,,200.0,1,0,0,1,0.0,0,0,6*,2018
Shahbaz Nadeem,Delhi Capitals,6,6,8,,75.0,0,0,0,1,0.0,0,0,6*,2018
Dhawal Kulkarni,Rajasthan Royals,8,6,7,,85.71,0,0,1,1,6.0,0,0,3*,2018
Billy Stanlake,Sunrisers Hyderabad,4,5,2,,250.0,1,0,0,1,0.0,0,0,5*,2018
Akila Dananjaya,Mumbai Indians,1,4,5,,80.0,0,0,0,1,0.0,0,0,4*,2018
Pawan Negi,Royal Challengers Bangalore,2,3,5,,60.0,0,0,2,0,1.5,0,0,3,2018
Anureet Singh,Rajasthan Royals,3,3,4,,75.0,0,0,0,1,0.0,0,0,3*,2018
Basil Thampi,Sunrisers Hyderabad,4,3,6,,50.0,0,0,1,1,3.0,0,0,3,2018
Barinder Sran,Punjab Kings,6,3,7,,42.85,0,0,1,3,3.0,0,0,2,2018
Umesh Yadav,Royal Challengers Bangalore,14,3,11,,27.27,0,0,4,1,0.75,0,0,1*,2018
Siddarth Kaul,Sunrisers Hyderabad,17,3,14,,21.42,0,0,3,1,1.0,0,0,2,2018
Imran Tahir,Chennai Super Kings,6,2,2,,100.0,0,0,0,1,0.0,0,0,2*,2018
Mark Wood,Chennai Super Kings,1,1,3,,33.33,0,0,1,0,1.0,0,0,1,2018
Naman Ojha,Delhi Capitals,1,1,4,,25.0,0,0,1,0,1.0,0,0,1,2018
Murugan Ashwin,Royal Challengers Bangalore,2,1,2,,50.0,0,0,1,0,1.0,0,0,1,2018
Ish Sodhi,Rajasthan Royals,6,1,6,,16.66,0,0,1,0,1.0,0,0,1,2018
Ben Laughlin,Rajasthan Royals,7,1,4,,25.0,0,0,1,1,1.0,0,0,1*,2018
Liam Plunkett,Delhi Capitals,7,1,3,,33.33,0,0,1,1,1.0,0,0,1*,2018
Mustafizur Rahman,Mumbai Indians,7,1,3,,33.33,0,0,1,1,1.0,0,0,1,2018
Prasidh Krishna,Kolkata Knight Riders,7,1,5,,20.0,0,0,0,2,0.0,0,0,1*,2018
Amit Mishra,Delhi Capitals,10,1,2,,50.0,0,0,0,1,0.0,0,0,1*,2018
Pradeep Sangwan,Mumbai Indians,1,0,4,,0.0,0,0,1,0,0.0,0,0,0*,2018
Ricky Bhui,Sunrisers Hyderabad,1,0,5,,0.0,0,0,1,0,0.0,0,0,0*,2018
Sandeep Sharma,Sunrisers Hyderabad,12,0,4,,0.0,0,0,2,1,0.0,0,0,0*,2018
Trent Boult,Delhi Capitals,14,0,2,,0.0,0,0,1,0,0.0,0,0,0*,2018
Yuzvendra Chahal,Royal Challengers Bangalore,14,0,4,,0.0,0,0,0,1,0.0,0,0,0*,2018
David Warner,Sunrisers Hyderabad,12,692,481,,143.86,57,21,10,2,69.2,8,1,100*,2019
KL Rahul,Punjab Kings,14,593,438,,135.38,49,25,11,3,53.9,6,1,100*,2019
Quinton de Kock,Mumbai Indians,16,529,398,,132.91,45,25,15,1,35.26,4,0,81,2019
Shikhar Dhawan,Delhi Capitals,16,521,384,,135.67,64,11,15,1,34.73,5,0,97*,2019
Andre Russell,Kolkata Knight Riders,14,510,249,,204.81,31,52,9,4,56.66,4,0,80*,2019
Chris Gayle,Punjab Kings,13,490,319,,153.6,45,34,12,1,40.83,4,0,99*,2019
Rishabh Pant,Delhi Capitals,16,488,300,,162.66,37,27,13,3,37.53,3,0,78*,2019
Virat Kohli,Royal Challengers Bangalore,14,464,328,,141.46,46,13,14,0,33.14,2,1,100,2019
Shreyas Iyer,Delhi Capitals,16,463,386,,119.94,41,14,15,1,30.86,3,0,67,2019
Jonny Bairstow,Sunrisers Hyderabad,10,445,283,,157.24,48,18,8,2,55.62,2,1,114,2019
AB de Villiers,Royal Challengers Bangalore,13,442,287,,154.0,31,26,10,3,44.2,5,0,82*,2019
Suryakumar Yadav,Mumbai Indians,16,424,324,,130.86,45,10,13,2,32.61,2,0,71*,2019
MS Dhoni,Chennai Super Kings,15,416,309,,134.62,22,23,5,7,83.2,3,0,84*,2019
Chris Lynn,Kolkata Knight Riders,13,405,290,,139.65,41,22,13,0,31.15,4,0,82,2019
Rohit Sharma,Mumbai Indians,15,405,315,,128.57,52,10,14,1,28.92,2,0,67,2019
Hardik Pandya,Mumbai Indians,16,402,210,,191.42,28,29,9,6,44.66,1,0,91,2019
Shane Watson,Chennai Super Kings,17,398,312,,127.56,42,20,17,0,23.41,3,0,96,2019
Faf du Plessis,Chennai Super Kings,12,396,321,,123.36,36,15,11,1,36.0,3,0,96,2019
Ajinkya Rahane,Rajasthan Royals,14,393,285,,137.89,45,9,12,1,32.75,1,1,105*,2019
Suresh Raina,Chennai Super Kings,17,383,314,,121.97,45,9,16,1,23.93,3,0,59,2019
Parthiv Patel,Royal Challengers Bangalore,14,373,268,,139.17,48,10,14,0,26.64,2,0,67,2019
Prithvi Shaw,Delhi Capitals,16,353,264,,133.71,45,9,16,0,22.06,2,0,99,2019
Manish Pandey,Sunrisers Hyderabad,12,344,263,,130.79,34,6,8,3,43.0,3,0,83*,2019
Nitish Rana,Kolkata Knight Riders,14,344,235,,146.38,27,21,10,1,34.4,3,0,85*,2019
Sanju Samson,Rajasthan Royals,12,342,230,,148.69,28,13,10,2,34.2,0,1,102*,2019
Mayank Agarwal,Punjab Kings,13,332,234,,141.88,26,14,13,0,25.53,2,0,58,2019
Steve Smith,Rajasthan Royals,12,319,275,,116.0,30,4,8,2,39.87,3,0,73*,2019
Jos Buttler,Rajasthan Royals,8,311,205,,151.7,38,14,8,0,38.87,3,0,89,2019
Shubman Gill,Kolkata Knight Riders,14,296,238,,124.36,21,10,9,4,32.88,3,0,76,2019
Robin Uthappa,Kolkata Knight Riders,12,282,245,,115.1,28,10,9,2,31.33,1,0,67*,2019
Ambati Rayudu,Chennai Super Kings,17,282,303,,93.06,20,7,12,5,23.5,1,0,57,2019
Kieron Pollard,Mumbai Indians,16,279,178,,156.74,14,22,8,6,34.87,1,0,83,2019
Dinesh Karthik,Kolkata Knight Riders,14,253,173,,146.24,22,14,8,5,31.62,2,0,97*,2019
Vijay Shankar,Sunrisers Hyderabad,15,244,193,,126.42,11,12,12,2,20.33,0,0,40*,2019
Moeen Ali,Royal Challengers Bangalore,11,220,133,,165.41,16,17,8,2,27.5,2,0,66,2019
David Miller,Punjab Kings,10,213,164,,129.87,19,7,8,2,26.62,1,0,59*,2019
Marcus Stoinis,Royal Challengers Bangalore,10,211,156,,135.25,14,10,4,6,52.75,0,0,46*,2019
Colin Ingram,Delhi Capitals,12,184,154,,119.48,20,5,10,2,18.4,0,0,47,2019
Krunal Pandya,Mumbai Indians,16,183,150,,122.0,18,5,11,4,16.63,0,0,42,2019
Sarfaraz Khan,Punjab Kings,8,180,143,,125.87,19,4,4,1,45.0,1,0,67,2019
Nicholas Pooran,Punjab Kings,7,168,107,,157.0,10,14,6,0,28.0,0,0,48,2019
Mandeep Singh,Punjab Kings,13,165,120,,137.5,10,4,4,8,41.25,0,0,33*,2019
Kedar Jadhav,Chennai Super Kings,14,162,169,,95.85,19,3,9,3,18.0,1,0,58,2019
Riyan Parag,Rajasthan Royals,7,160,126,,126.98,17,5,5,0,32.0,1,0,50,2019
Kane Williamson,Sunrisers Hyderabad,9,156,130,,120.0,12,5,7,2,22.28,1,0,70*,2019
Sunil Narine,Kolkata Knight Riders,12,143,86,,166.27,17,9,8,1,17.87,0,0,47,2019
Rahul Tripathi,Rajasthan Royals,8,141,118,,119.49,13,2,6,1,23.5,1,0,50,2019
Ben Stokes,Rajasthan Royals,9,123,99,,124.24,8,4,6,3,20.5,0,0,46,2019
Mohammad Nabi,Sunrisers Hyderabad,8,115,76,,151.31,8,7,6,1,19.16,0,0,31,2019
Axar Patel,Delhi Capitals,14,110,88,,125.0,10,3,6,6,18.33,0,0,26,2019
Ravindra Jadeja,Chennai Super Kings,16,106,88,,120.45,7,4,3,6,35.33,0,0,31*,2019
Ishan Kishan,Mumbai Indians,7,101,100,,101.0,8,4,6,0,16.83,0,0,28,2019
Gurkeerat Mann Singh,Royal Challengers Bangalore,3,98,70,,140.0,11,2,3,0,32.66,1,0,65,2019
Yuvraj Singh,Mumbai Indians,4,98,75,,130.66,7,6,4,0,24.5,1,0,53,2019
Sam Curran,Punjab Kings,9,95,55,,172.72,13,3,4,4,23.75,1,0,55*,2019
Shimron Hetmyer,Royal Challengers Bangalore,5,90,73,,123.28,4,7,5,0,18.0,1,0,75,2019
Wriddhiman Saha,Sunrisers Hyderabad,5,86,53,,162.26,13,1,5,0,17.2,0,0,28,2019
Colin Munro,Delhi Capitals,4,84,70,,120.0,9,4,4,0,21.0,0,0,40,2019
Martin Guptill,Sunrisers Hyderabad,3,81,53,,152.83,4,7,3,0,27.0,0,0,36,2019
Dwayne Bravo,Chennai Super Kings,12,80,66,,121.21,6,3,5,4,16.0,0,0,27,2019
Sherfane Rutherford,Delhi Capitals,7,73,54,,135.18,2,7,5,2,14.6,0,0,28*,2019
Liam Livingstone,Rajasthan Royals,4,71,48,,147.91,6,5,3,1,23.66,0,0,44,2019
Stuart Binny,Rajasthan Royals,8,70,40,,175.0,5,4,3,2,23.33,0,0,33*,2019
Jofra Archer,Rajasthan Royals,11,67,40,,167.5,4,4,2,3,33.5,0,0,27*,2019
Murali Vijay,Chennai Super Kings,2,64,61,,104.91,6,1,2,0,32.0,0,0,38,2019
Deepak Hooda,Sunrisers Hyderabad,11,64,63,,101.58,5,1,6,1,10.66,0,0,20,2019
Shreyas Gopal,Rajasthan Royals,14,63,46,,136.95,8,1,4,3,15.75,0,0,19*,2019
Akshdeep Nath,Royal Challengers Bangalore,8,61,57,,107.01,5,2,5,0,12.2,0,0,24,2019
Evin Lewis,Mumbai Indians,3,48,52,,92.3,4,2,3,0,16.0,0,0,32,2019
Colin de Grandhomme,Royal Challengers Bangalore,4,46,49,,93.87,4,2,3,1,15.33,0,0,37,2019
Piyush Chawla,Kolkata Knight Riders,13,42,37,,113.51,4,2,3,2,14.0,0,0,14*,2019
Ravichandran Ashwin,Punjab Kings,14,42,28,,150.0,3,3,5,1,8.4,0,0,17*,2019
Shivam Dube,Royal Challengers Bangalore,4,40,33,,121.21,1,3,3,1,13.33,0,0,24,2019
Yusuf Pathan,Sunrisers Hyderabad,10,40,45,,88.88,1,1,3,5,13.33,0,0,16*,2019
Rinku Singh,Kolkata Knight Riders,5,37,34,,108.82,1,2,2,1,18.5,0,0,30,2019
Rashid Khan,Sunrisers Hyderabad,15,34,23,,147.82,2,2,5,3,6.8,0,0,17*,2019
Mitchell Santner,Chennai Super Kings,4,32,23,,139.13,0,3,1,1,32.0,0,0,22,2019
Chris Morris,Delhi Capitals,9,32,37,,86.48,1,2,6,0,5.33,0,0,17,2019
Rahul Tewatia,Delhi Capitals,5,26,22,,118.18,2,1,1,3,26.0,0,0,11*,2019
Umesh Yadav,Royal Challengers Bangalore,11,25,25,,100.0,3,1,2,5,12.5,0,0,14,2019
Amit Mishra,Delhi Capitals,11,21,24,,87.5,2,0,2,2,10.5,0,0,8,2019
Harpreet Brar,Punjab Kings,2,20,12,,166.66,2,1,0,1,0.0,0,0,20*,2019
Prayas Ray Barman,Royal Challengers Bangalore,1,19,24,,79.16,2,0,1,0,19.0,0,0,19,2019
Ben Cutting,Mumbai Indians,3,18,17,,105.88,1,1,2,1,9.0,0,0,13*,2019
Krishnappa Gowtham,Rajasthan Royals,7,18,19,,94.73,1,1,3,1,6.0,0,0,9,2019
Keemo Paul,Delhi Capitals,8,18,24,,75.0,1,1,5,1,3.6,0,0,7,2019
Prabhsimran Singh,Punjab Kings,1,16,17,,94.11,1,1,1,0,16.0,0,0,16,2019
Siddhesh Lad,Mumbai Indians,1,15,13,,115.38,1,1,1,0,15.0,0,0,15,2019
Alzarri Joseph,Mumbai Indians,3,15,13,,115.38,2,0,0,2,0.0,0,0,15*,2019
Shardul Thakur,Chennai Super Kings,10,14,7,,200.0,1,1,2,1,7.0,0,0,12*,2019
Kagiso Rabada,Delhi Capitals,12,14,15,,93.33,0,1,3,1,4.66,0,0,9,2019
Kuldeep Yadav,Kolkata Knight Riders,9,12,8,,150.0,1,0,2,2,6.0,0,0,10*,2019
Rahul Chahar,Mumbai Indians,13,12,11,,109.09,2,0,2,2,6.0,0,0,10,2019
Bhuvneshwar Kumar,Sunrisers Hyderabad,15,12,19,,63.15,1,0,3,2,4.0,0,0,7*,2019
Carlos Brathwaite,Kolkata Knight Riders,2,11,10,,110.0,1,0,2,0,5.5,0,0,6,2019
Mitchell McClenaghan,Mumbai Indians,5,11,16,,68.75,2,0,3,1,3.66,0,0,10,2019
Ishant Sharma,Delhi Capitals,13,10,3,,333.33,1,1,0,3,0.0,0,0,10*,2019
KC Cariappa,Kolkata Knight Riders,1,9,3,,300.0,0,1,0,1,0.0,0,0,9*,2019
Abhishek Sharma,Sunrisers Hyderabad,3,9,9,,100.0,1,0,2,1,4.5,0,0,5*,2019
Heinrich Klaasen,Royal Challengers Bangalore,3,9,10,,90.0,0,0,2,0,4.5,0,0,6,2019
Shakib Al Hasan,Sunrisers Hyderabad,3,9,10,,90.0,0,0,1,0,9.0,0,0,9,2019
Tim Southee,Royal Challengers Bangalore,3,9,9,,100.0,0,0,0,1,0.0,0,0,9*,2019
Pawan Negi,Royal Challengers Bangalore,7,9,12,,75.0,1,0,4,0,2.25,0,0,5,2019
Mahipal Lomror,Rajasthan Royals,2,8,3,,266.66,2,0,1,0,8.0,0,0,8,2019
Nikhil Naik,Kolkata Knight Riders,1,7,16,,43.75,1,0,1,0,7.0,0,0,7,2019
Ricky Bhui,Sunrisers Hyderabad,1,7,12,,58.33,0,0,1,0,7.0,0,0,7,2019
Trent Boult,Delhi Capitals,5,7,4,,175.0,0,1,1,2,7.0,0,0,6,2019
Deepak Chahar,Chennai Super Kings,17,7,9,,77.77,1,0,2,0,3.5,0,0,7,2019
Jagadeesha Suchith,Delhi Capitals,1,6,15,,40.0,0,0,1,0,6.0,0,0,6,2019
Ish Sodhi,Rajasthan Royals,2,6,11,,54.54,0,0,1,0,6.0,0,0,6,2019
Mayank Markande,Mumbai Indians,3,6,5,,120.0,1,0,1,1,6.0,0,0,6,2019
Sandeep Sharma,Sunrisers Hyderabad,11,6,3,,200.0,1,0,0,2,0.0,0,0,5*,2019
Yuzvendra Chahal,Royal Challengers Bangalore,14,6,16,,37.5,0,0,2,1,3.0,0,0,4,2019
Dhruv Shorey,Chennai Super Kings,1,5,8,,62.5,0,0,1,0,5.0,0,0,5,2019
Karun Nair,Punjab Kings,1,5,6,,83.33,0,0,1,0,5.0,0,0,5,2019
Rasikh Salam,Mumbai Indians,1,5,4,,125.0,0,0,0,1,0.0,0,0,5*,2019
Dhawal Kulkarni,Rajasthan Royals,10,5,3,,166.66,1,0,0,1,0.0,0,0,5*,2019
Avesh Khan,Delhi Capitals,1,4,3,,133.33,1,0,0,1,0.0,0,0,4*,2019
Hanuma Vihari,Delhi Capitals,2,4,8,,50.0,0,0,2,0,2.0,0,0,2,2019
Mohammed Siraj,Royal Challengers Bangalore,9,4,14,,28.57,0,0,1,3,4.0,0,0,3*,2019
Barinder Sran,Mumbai Indians,2,3,3,,100.0,0,0,0,1,0.0,0,0,3*,2019
Ashton Turner,Rajasthan Royals,4,3,10,,30.0,0,0,3,1,1.0,0,0,3*,2019
Varun Aaron,Rajasthan Royals,5,3,7,,42.85,0,0,0,1,0.0,0,0,3*,2019
Hardus Viljoen,Punjab Kings,6,3,7,,42.85,0,0,2,1,1.5,0,0,2*,2019
Murugan Ashwin,Punjab Kings,10,3,5,,60.0,0,0,1,2,3.0,0,0,1*,2019
Navdeep Saini,Royal Challengers Bangalore,13,2,4,,50.0,0,0,1,1,2.0,0,0,2,2019
Basil Thampi,Sunrisers Hyderabad,3,1,1,,100.0,0,0,0,1,0.0,0,0,1*,2019
Washington Sundar,Royal Challengers Bangalore,3,1,3,,33.33,0,0,2,0,0.5,0,0,1,2019
Harry Gurney,Kolkata Knight Riders,8,1,5,,20.0,0,0,0,1,0.0,0,0,1*,2019
Harbhajan Singh,Chennai Super Kings,11,1,3,,33.33,0,0,1,0,1.0,0,0,1,2019
Jaydev Unadkat,Rajasthan Royals,11,1,3,,33.33,0,0,1,3,1.0,0,0,1,2019
Mohammad Shami,Punjab Kings,14,1,2,,50.0,0,0,1,1,1.0,0,0,1*,2019
Joe Denly,Kolkata Knight Riders,1,0,1,,0.0,0,0,1,0,0.0,0,0,0*,2019
Mohit Sharma,Chennai Super Kings,1,0,2,,0.0,0,0,0,1,0.0,0,0,0*,2019
Sam Billings,Chennai Super Kings,1,0,4,,0.0,0,0,1,0,0.0,0,0,0*,2019
Harshal Patel,Delhi Capitals,2,0,2,,0.0,0,0,1,1,0.0,0,0,0*,2019
Prithvi Raj Yarra,Kolkata Knight Riders,2,0,1,,0.0,0,0,0,1,0.0,0,0,0*,2019
Mujeeb Ur Rahman,Punjab Kings,5,0,4,,0.0,0,0,1,2,0.0,0,0,0*,2019
Andrew Tye,Punjab Kings,6,0,2,,0.0,0,0,0,1,0.0,0,0,0*,2019
Sandeep Lamichhane,Delhi Capitals,6,0,1,,0.0,0,0,1,0,0.0,0,0,0*,2019
Siddarth Kaul,Sunrisers Hyderabad,7,0,1,,0.0,0,0,1,1,0.0,0,0,0*,2019
Khaleel Ahmed,Sunrisers Hyderabad,9,0,1,,0.0,0,0,1,0,0.0,0,0,0*,2019
Prasidh Krishna,Kolkata Knight Riders,11,0,2,,0.0,0,0,1,0,0.0,0,0,0*,2019
Jasprit Bumrah,Mumbai Indians,16,0,1,,0.0,0,0,0,3,0.0,0,0,0*,2019
KL Rahul,Punjab Kings,14,670,518,,129.34,58,23,12,2,55.83,5,1,132*,2020
Shikhar Dhawan,Delhi Capitals,17,618,427,,144.73,67,12,14,3,44.14,4,2,106*,2020
David Warner,Sunrisers Hyderabad,16,548,407,,134.64,52,14,14,2,39.14,4,0,85*,2020
Shreyas Iyer,Delhi Capitals,17,519,421,,123.27,40,16,15,2,34.6,3,0,88*,2020
Ishan Kishan,Mumbai Indians,14,516,354,,145.76,36,30,9,4,57.33,4,0,99,2020
Quinton de Kock,Mumbai Indians,16,503,358,,140.5,46,22,14,2,35.92,4,0,78*,2020
Suryakumar Yadav,Mumbai Indians,16,480,331,,145.01,61,11,12,3,40.0,4,0,79*,2020
Devdutt Padikkal,Royal Challengers Bangalore,15,473,379,,124.8,51,8,15,0,31.53,5,0,74,2020
Virat Kohli,Royal Challengers Bangalore,15,466,384,,121.35,23,11,11,4,42.36,3,0,90*,2020
AB de Villiers,Royal Challengers Bangalore,15,454,286,,158.74,33,23,10,4,45.4,5,0,73*,2020
Faf du Plessis,Chennai Super Kings,13,449,319,,140.75,42,14,11,2,40.81,4,0,87*,2020
Shubman Gill,Kolkata Knight Riders,14,440,373,,117.96,44,9,13,1,33.84,3,0,70*,2020
Manish Pandey,Sunrisers Hyderabad,16,425,333,,127.62,35,18,13,2,32.69,3,0,83*,2020
Mayank Agarwal,Punjab Kings,11,424,271,,156.45,44,15,11,0,38.54,2,1,106,2020
Eoin Morgan,Kolkata Knight Riders,14,418,302,,138.41,32,24,10,4,41.8,1,0,68*,2020
Sanju Samson,Rajasthan Royals,14,375,236,,158.89,21,26,13,1,28.84,3,0,85,2020
Ambati Rayudu,Chennai Super Kings,12,359,282,,127.3,30,12,9,2,39.88,1,0,71,2020
Nicholas Pooran,Punjab Kings,14,353,208,,169.71,23,25,10,4,35.3,2,0,77,2020
Nitish Rana,Kolkata Knight Riders,14,352,254,,138.58,43,12,14,0,25.14,3,0,87,2020
Marcus Stoinis,Delhi Capitals,17,352,237,,148.52,31,16,14,3,25.14,3,0,65,2020
Jonny Bairstow,Sunrisers Hyderabad,11,345,272,,126.83,31,13,11,0,31.36,3,0,97,2020
Rishabh Pant,Delhi Capitals,14,343,301,,113.95,31,9,11,3,31.18,1,0,56,2020
Rohit Sharma,Mumbai Indians,12,332,260,,127.69,27,19,12,0,27.66,3,0,80,2020
Jos Buttler,Rajasthan Royals,13,328,227,,144.49,27,16,10,2,32.8,2,0,70*,2020
Kane Williamson,Sunrisers Hyderabad,12,317,237,,133.75,26,10,7,4,45.28,3,0,67,2020
Steve Smith,Rajasthan Royals,14,311,237,,131.22,32,9,12,2,25.91,3,0,69,2020
Shane Watson,Chennai Super Kings,11,299,247,,121.05,33,13,10,1,29.9,2,0,83*,2020
Chris Gayle,Punjab Kings,7,288,210,,137.14,15,23,7,0,41.14,3,0,99,2020
Ben Stokes,Rajasthan Royals,8,285,200,,142.5,36,7,7,1,40.71,1,1,107*,2020
Hardik Pandya,Mumbai Indians,14,281,157,,178.98,14,25,8,5,35.12,1,0,60*,2020
Aaron Finch,Royal Challengers Bangalore,12,268,241,,111.2,28,8,12,0,22.33,1,0,52,2020
Kieron Pollard,Mumbai Indians,16,268,140,,191.42,15,22,5,7,53.6,1,0,60*,2020
Rahul Tewatia,Rajasthan Royals,14,255,183,,139.34,13,17,6,5,42.5,1,0,53,2020
Ravindra Jadeja,Chennai Super Kings,14,232,135,,171.85,22,11,5,6,46.4,1,0,50,2020
Rahul Tripathi,Kolkata Knight Riders,11,230,181,,127.07,21,10,10,1,23.0,1,0,81,2020
Prithvi Shaw,Delhi Capitals,13,228,167,,136.52,27,8,13,0,17.53,2,0,66,2020
Wriddhiman Saha,Sunrisers Hyderabad,4,214,153,,139.86,24,5,3,1,71.33,2,0,87,2020
Ruturaj Gaikwad,Chennai Super Kings,6,204,169,,120.71,16,6,4,2,51.0,3,0,72,2020
MS Dhoni,Chennai Super Kings,14,200,172,,116.27,16,7,8,4,25.0,0,0,47*,2020
Robin Uthappa,Rajasthan Royals,12,196,164,,119.51,19,7,12,0,16.33,0,0,41,2020
Sam Curran,Chennai Super Kings,14,186,141,,131.91,12,12,8,3,23.25,1,0,52,2020
Shimron Hetmyer,Delhi Capitals,12,185,125,,148.0,11,12,8,3,23.12,0,0,45,2020
Dinesh Karthik,Kolkata Knight Riders,14,169,134,,126.11,20,4,12,2,14.08,1,0,58,2020
Pat Cummins,Kolkata Knight Riders,14,146,114,,128.07,9,8,7,4,20.85,1,0,53*,2020
Priyam Garg,Sunrisers Hyderabad,14,133,111,,119.81,9,4,9,1,14.77,1,0,51*,2020
Mandeep Singh,Punjab Kings,7,130,109,,119.26,10,4,6,1,21.66,1,0,66*,2020
Shivam Dube,Royal Challengers Bangalore,11,129,105,,122.85,5,9,7,2,18.42,0,0,27*,2020
Sunil Narine,Kolkata Knight Riders,10,121,85,,142.35,10,8,9,0,13.44,1,0,64,2020
Andre Russell,Kolkata Knight Riders,10,117,81,,144.44,9,9,9,0,13.0,0,0,25,2020
Axar Patel,Delhi Capitals,15,117,85,,137.64,6,8,8,1,14.62,0,0,42,2020
Ajinkya Rahane,Delhi Capitals,9,113,107,,105.6,12,2,8,0,14.12,1,0,60,2020
Jofra Archer,Rajasthan Royals,14,113,63,,179.36,5,10,6,4,18.83,0,0,27*,2020
Abdul Samad,Sunrisers Hyderabad,12,111,65,,170.76,8,6,5,3,22.2,0,0,33,2020
Washington Sundar,Royal Challengers Bangalore,15,111,95,,116.84,10,2,6,3,18.5,0,0,30,2020
Krunal Pandya,Mumbai Indians,16,109,92,,118.47,9,5,6,6,18.16,0,0,34,2020
Glenn Maxwell,Punjab Kings,13,108,106,,101.88,9,0,7,4,15.42,0,0,32,2020
Saurabh Tiwary,Mumbai Indians,7,103,80,,128.75,8,3,5,0,20.6,0,0,42,2020
Deepak Hooda,Punjab Kings,7,101,71,,142.25,5,5,1,4,101.0,1,0,62*,2020
Vijay Shankar,Sunrisers Hyderabad,7,97,96,,101.04,10,1,4,1,24.25,1,0,52*,2020
Riyan Parag,Rajasthan Royals,12,86,77,,111.68,6,3,7,1,12.28,0,0,42*,2020
Tom Curran,Rajasthan Royals,5,83,62,,133.87,5,3,1,3,83.0,1,0,54*,2020
Josh Philippe,Royal Challengers Bangalore,5,78,77,,101.29,9,1,4,1,19.5,0,0,33,2020
Abhishek Sharma,Sunrisers Hyderabad,8,71,56,,126.78,6,3,5,2,14.2,0,0,31,2020
Gurkeerat Mann Singh,Royal Challengers Bangalore,8,71,80,,88.75,8,0,0,5,0.0,0,0,21*,2020
Jason Holder,Sunrisers Hyderabad,7,66,53,,124.52,5,3,2,2,33.0,0,0,26*,2020
Kedar Jadhav,Chennai Super Kings,8,62,66,,93.93,7,0,3,2,20.66,0,0,26,2020
Mahipal Lomror,Rajasthan Royals,3,59,54,,109.25,2,3,3,0,19.66,0,0,47,2020
Kagiso Rabada,Delhi Capitals,17,56,49,,114.28,4,2,4,4,14.0,0,0,15*,2020
Lockie Ferguson,Kolkata Knight Riders,5,43,29,,148.27,4,1,0,2,0.0,0,0,24*,2020
Krishnappa Gowtham,Punjab Kings,2,42,27,,155.55,3,2,1,1,42.0,0,0,22*,2020
Yashasvi Jaiswal,Rajasthan Royals,3,40,44,,90.9,2,2,3,0,13.33,0,0,34,2020
Shreyas Gopal,Rajasthan Royals,14,37,39,,94.87,3,0,4,1,9.25,0,0,23*,2020
Ravichandran Ashwin,Delhi Capitals,15,37,34,,108.82,3,1,3,3,12.33,0,0,14*,2020
Rashid Khan,Sunrisers Hyderabad,16,35,30,,116.66,3,2,4,3,8.75,0,0,14,2020
Chris Morris,Royal Challengers Bangalore,9,34,21,,161.9,2,3,4,1,8.5,0,0,25*,2020
Narayan Jagadeesan,Chennai Super Kings,5,33,29,,113.79,4,0,2,0,16.5,0,0,33,2020
Sarfaraz Khan,Punjab Kings,5,33,29,,113.79,5,0,2,1,16.5,0,0,14*,2020
Alex Carey,Delhi Capitals,3,32,29,,110.34,0,1,2,1,16.0,0,0,14*,2020
Murali Vijay,Chennai Super Kings,3,32,43,,74.41,4,0,3,0,10.66,0,0,21,2020
Chris Jordan,Punjab Kings,9,29,31,,93.54,2,0,3,2,9.66,0,0,13,2020
Navdeep Saini,Royal Challengers Bangalore,13,27,27,,100.0,3,0,1,2,27.0,0,0,12*,2020
Nathan Coulter-Nile,Mumbai Indians,7,25,15,,166.66,4,0,1,1,25.0,0,0,24*,2020
Kamlesh Nagarkoti,Kolkata Knight Riders,10,22,31,,70.96,1,0,3,3,7.33,0,0,8*,2020
Harshal Patel,Delhi Capitals,5,21,24,,87.5,2,0,2,0,10.5,0,0,16,2020
Tushar Deshpande,Delhi Capitals,5,21,12,,175.0,2,1,1,1,21.0,0,0,20*,2020
Jimmy Neesham,Punjab Kings,5,19,18,,105.55,0,1,2,1,9.5,0,0,10*,2020
Tom Banton,Kolkata Knight Riders,2,18,20,,90.0,1,1,2,0,9.0,0,0,10,2020
Mohammed Siraj,Royal Challengers Bangalore,9,17,14,,121.42,2,0,1,2,17.0,0,0,10*,2020
Karun Nair,Punjab Kings,4,16,14,,114.28,2,0,2,1,8.0,0,0,15*,2020
Prabhsimran Singh,Punjab Kings,2,15,15,,100.0,2,0,2,0,7.5,0,0,11,2020
Isuru Udana,Royal Challengers Bangalore,10,15,11,,136.36,1,1,3,1,5.0,0,0,10*,2020
James Pattinson,Mumbai Indians,10,15,13,,115.38,2,0,1,1,15.0,0,0,11,2020
Imran Tahir,Chennai Super Kings,3,13,10,,130.0,2,0,0,1,0.0,0,0,13*,2020
Kuldeep Yadav,Kolkata Knight Riders,5,13,21,,61.9,1,0,1,1,13.0,0,0,12,2020
Moeen Ali,Royal Challengers Bangalore,3,12,16,,75.0,1,0,3,0,4.0,0,0,11,2020
Shardul Thakur,Chennai Super Kings,9,12,21,,57.14,0,0,1,1,12.0,0,0,11,2020
Sandeep Sharma,Sunrisers Hyderabad,13,12,15,,80.0,1,0,2,3,6.0,0,0,9,2020
Mohammad Nabi,Sunrisers Hyderabad,1,11,8,,137.5,2,0,0,1,0.0,0,0,11*,2020
Rinku Singh,Kolkata Knight Riders,1,11,11,,100.0,1,0,1,0,11.0,0,0,11,2020
Shivam Mavi,Kolkata Knight Riders,8,10,14,,71.42,1,0,2,1,5.0,0,0,9,2020
Varun Chakaravarthy,Kolkata Knight Riders,13,10,15,,66.66,0,0,2,1,5.0,0,0,7*,2020
Ankit Rajpoot,Rajasthan Royals,6,9,10,,90.0,0,1,1,1,9.0,0,0,7*,2020
Jaydev Unadkat,Rajasthan Royals,7,9,13,,69.23,0,0,1,0,9.0,0,0,9,2020
Pravin Dubey,Delhi Capitals,3,7,13,,53.84,0,0,0,1,0.0,0,0,7*,2020
Dwayne Bravo,Chennai Super Kings,6,7,6,,116.66,0,0,2,0,3.5,0,0,7,2020
Shahbaz Nadeem,Sunrisers Hyderabad,7,7,8,,87.5,1,0,1,1,7.0,0,0,5,2020
Deepak Chahar,Chennai Super Kings,14,7,12,,58.33,0,0,1,2,7.0,0,0,5*,2020
Ravi Bishnoi,Punjab Kings,14,7,12,,58.33,1,0,1,2,7.0,0,0,6*,2020
Anrich Nortje,Delhi Capitals,16,7,6,,116.66,0,0,1,4,7.0,0,0,3*,2020
Andrew Tye,Rajasthan Royals,1,6,6,,100.0,0,1,1,0,6.0,0,0,6,2020
Jasprit Bumrah,Mumbai Indians,15,5,3,,166.66,0,0,0,1,0.0,0,0,5*,2020
Murugan Ashwin,Punjab Kings,9,4,4,,100.0,0,0,1,0,4.0,0,0,4,2020
Kartik Tyagi,Rajasthan Royals,10,4,6,,66.66,0,0,1,2,4.0,0,0,2*,2020
Dhawal Kulkarni,Mumbai Indians,1,3,2,,150.0,0,0,0,1,0.0,0,0,3*,2020
T Natarajan,Sunrisers Hyderabad,16,3,5,,60.0,0,0,0,3,0.0,0,0,3*,2020
Prasidh Krishna,Kolkata Knight Riders,6,2,4,,50.0,0,0,0,2,0.0,0,0,2*,2020
Mohammad Shami,Punjab Kings,14,2,3,,66.66,0,0,1,2,2.0,0,0,2*,2020
Rahul Chahar,Mumbai Indians,15,2,4,,50.0,0,0,0,1,0.0,0,0,2*,2020
Nikhil Naik,Kolkata Knight Riders,1,1,3,,33.33,0,0,1,0,1.0,0,0,1,2020
Mujeeb Ur Rahman,Punjab Kings,2,1,3,,33.33,0,0,1,0,1.0,0,0,1,2020
Shahbaz Ahmed,Royal Challengers Bangalore,2,1,1,,100.0,0,0,0,1,0.0,0,0,1*,2020
Dale Steyn,Royal Challengers Bangalore,3,1,2,,50.0,0,0,0,1,0.0,0,0,1*,2020
Varun Aaron,Rajasthan Royals,3,1,10,,10.0,0,0,1,1,1.0,0,0,1,2020
Yuzvendra Chahal,Royal Challengers Bangalore,15,1,3,,33.33,0,0,1,1,1.0,0,0,1,2020
Mitchell Marsh,Sunrisers Hyderabad,1,0,1,,0.0,0,0,1,0,0.0,0,0,0*,2020
Shreevats Goswami,Sunrisers Hyderabad,2,0,4,,0.0,0,0,2,0,0.0,0,0,0*,2020
Umesh Yadav,Royal Challengers Bangalore,2,0,2,,0.0,0,0,1,0,0.0,0,0,0*,2020
Daniel Sams,Delhi Capitals,3,0,2,,0.0,0,0,1,0,0.0,0,0,0*,2020
Bhuvneshwar Kumar,Sunrisers Hyderabad,4,0,2,,0.0,0,0,1,0,0.0,0,0,0*,2020
Sheldon Cottrell,Punjab Kings,6,0,2,,0.0,0,0,1,0,0.0,0,0,0*,2020
Khaleel Ahmed,Sunrisers Hyderabad,7,0,2,,0.0,0,0,1,0,0.0,0,0,0*,2020
Arshdeep Singh,Punjab Kings,8,0,3,,0.0,0,0,1,0,0.0,0,0,0*,2020
Trent Boult,Mumbai Indians,15,0,1,,0.0,0,0,1,0,0.0,0,0,0*,2020
Ruturaj Gaikwad,Chennai Super Kings,16,635,466,,136.26,64,23,14,2,45.35,4,1,101*,2021
Faf du Plessis,Chennai Super Kings,16,633,458,,138.2,60,23,14,2,45.21,6,0,95*,2021
KL Rahul,Punjab Kings,13,626,451,,138.8,48,30,10,3,62.6,6,0,98*,2021
Shikhar Dhawan,Delhi Capitals,16,587,471,,124.62,63,16,15,1,39.13,3,0,92,2021
Glenn Maxwell,Royal Challengers Bangalore,15,513,356,,144.1,48,21,12,2,42.75,6,0,78,2021
Sanju Samson,Rajasthan Royals,14,484,354,,136.72,45,17,12,2,40.33,2,1,119,2021
Prithvi Shaw,Delhi Capitals,15,479,301,,159.13,56,18,15,0,31.93,4,0,82,2021
Shubman Gill,Kolkata Knight Riders,17,478,402,,118.9,50,12,17,0,28.11,3,0,57,2021
Mayank Agarwal,Punjab Kings,12,441,314,,140.44,42,18,11,1,40.09,4,0,99*,2021
Rishabh Pant,Delhi Capitals,16,419,326,,128.52,42,10,12,4,34.91,3,0,58*,2021
Devdutt Padikkal,Royal Challengers Bangalore,14,411,328,,125.3,44,14,13,1,31.61,1,1,101*,2021
Virat Kohli,Royal Challengers Bangalore,15,405,339,,119.46,43,9,14,1,28.92,3,0,72*,2021
Rahul Tripathi,Kolkata Knight Riders,17,397,283,,140.28,41,11,14,2,28.35,2,0,74*,2021
Nitish Rana,Kolkata Knight Riders,17,383,314,,121.97,34,17,13,3,29.46,2,0,80,2021
Rohit Sharma,Mumbai Indians,13,381,299,,127.42,33,14,13,0,29.3,1,0,63,2021
Venkatesh Iyer,Kolkata Knight Riders,10,370,288,,128.47,37,14,9,1,41.11,4,0,67,2021
Moeen Ali,Chennai Super Kings,15,357,260,,137.3,31,19,14,1,25.5,1,0,58,2021
Suryakumar Yadav,Mumbai Indians,14,317,221,,143.43,40,10,14,0,22.64,2,0,82,2021
AB de Villiers,Royal Challengers Bangalore,15,313,211,,148.34,23,16,10,4,31.3,2,0,76*,2021
Quinton de Kock,Mumbai Indians,11,297,256,,116.01,29,7,10,1,29.7,2,0,70*,2021
Manish Pandey,Sunrisers Hyderabad,8,292,236,,123.72,21,10,6,2,48.66,3,0,69*,2021
Kane Williamson,Sunrisers Hyderabad,10,266,235,,113.19,29,2,6,4,44.33,2,0,66*,2021
Ambati Rayudu,Chennai Super Kings,16,257,170,,151.17,16,17,9,4,28.55,2,0,72*,2021
Jos Buttler,Rajasthan Royals,7,254,166,,153.01,27,13,7,0,36.28,0,1,124,2021
Yashasvi Jaiswal,Rajasthan Royals,10,249,168,,148.21,32,10,10,0,24.9,1,0,50,2021
Jonny Bairstow,Sunrisers Hyderabad,7,248,175,,141.71,20,15,6,1,41.33,2,0,63*,2021
Kieron Pollard,Mumbai Indians,14,245,165,,148.48,16,16,8,5,30.62,1,0,87*,2021
Shimron Hetmyer,Delhi Capitals,14,242,144,,168.05,19,12,7,6,34.57,1,0,53*,2021
Ishan Kishan,Mumbai Indians,10,241,180,,133.88,21,10,9,1,26.77,2,0,84,2021
Shivam Dube,Rajasthan Royals,9,230,193,,119.17,18,10,8,1,28.75,1,0,64*,2021
Ravindra Jadeja,Chennai Super Kings,16,227,156,,145.51,19,9,3,9,75.66,1,0,62*,2021
Dinesh Karthik,Kolkata Knight Riders,17,223,170,,131.17,22,7,10,5,22.3,0,0,40,2021
David Warner,Sunrisers Hyderabad,8,195,181,,107.73,15,6,8,0,24.37,2,0,57,2021
Chris Gayle,Punjab Kings,10,193,154,,125.32,21,8,9,1,21.44,0,0,46,2021
K.S Bharat,Royal Challengers Bangalore,8,191,156,,122.43,10,8,5,2,38.2,1,0,78*,2021
Andre Russell,Kolkata Knight Riders,10,183,120,,152.5,14,14,7,2,26.14,1,0,54,2021
Shreyas Iyer,Delhi Capitals,8,175,171,,102.33,7,5,5,3,35.0,0,0,47*,2021
Deepak Hooda,Punjab Kings,12,160,123,,130.08,9,9,10,1,16.0,1,0,64,2021
Suresh Raina,Chennai Super Kings,12,160,128,,125.0,13,9,9,2,17.77,1,0,54,2021
Rahul Tewatia,Rajasthan Royals,14,155,147,,105.44,11,6,10,1,15.5,0,0,44,2021
Shahrukh Khan,Punjab Kings,11,153,114,,134.21,9,10,7,3,21.85,0,0,47,2021
Steve Smith,Delhi Capitals,8,152,135,,112.59,13,2,6,1,25.33,0,0,39,2021
Evin Lewis,Rajasthan Royals,5,151,93,,162.36,18,7,5,0,30.2,1,0,58,2021
Jason Roy,Sunrisers Hyderabad,5,150,121,,123.96,21,1,5,0,30.0,1,0,60,2021
Aiden Markram,Punjab Kings,6,146,119,,122.68,12,4,5,1,29.2,0,0,42,2021
Krunal Pandya,Mumbai Indians,13,143,123,,116.26,10,6,10,2,14.3,0,0,39,2021
Eoin Morgan,Kolkata Knight Riders,17,133,139,,95.68,8,6,12,4,11.08,0,0,47*,2021
Wriddhiman Saha,Sunrisers Hyderabad,9,131,140,,93.57,7,5,9,0,14.55,0,0,44,2021
Hardik Pandya,Mumbai Indians,12,127,112,,113.39,11,5,9,2,14.11,0,0,40*,2021
David Miller,Rajasthan Royals,9,124,113,,109.73,11,3,5,3,24.8,1,0,62,2021
Robin Uthappa,Chennai Super Kings,4,115,84,,136.9,8,5,4,0,28.75,1,0,63,2021
Saurabh Tiwary,Mumbai Indians,5,115,97,,118.55,10,2,2,2,57.5,1,0,50*,2021
MS Dhoni,Chennai Super Kings,16,114,107,,106.54,12,3,7,4,16.28,0,0,18*,2021
Abdul Samad,Sunrisers Hyderabad,11,111,87,,127.58,4,8,9,1,12.33,0,0,28,2021
Abhishek Sharma,Sunrisers Hyderabad,8,98,75,,130.66,7,4,6,1,16.33,0,0,33,2021
Mahipal Lomror,Rajasthan Royals,4,94,73,,128.76,3,6,3,1,31.33,0,0,43,2021
Pat Cummins,Kolkata Knight Riders,7,93,56,,166.07,5,8,3,2,31.0,1,0,66*,2021
Riyan Parag,Rajasthan Royals,11,93,83,,112.04,6,4,8,2,11.62,0,0,25,2021
Marcus Stoinis,Delhi Capitals,10,89,72,,123.61,11,1,4,3,22.25,0,0,27*,2021
Jason Holder,Sunrisers Hyderabad,8,85,72,,118.05,2,6,6,1,14.16,0,0,47*,2021
Nicholas Pooran,Punjab Kings,12,85,76,,111.84,3,5,11,0,7.72,0,0,32,2021
Rashid Khan,Sunrisers Hyderabad,14,83,69,,120.28,9,2,8,2,10.37,0,0,22,2021
Priyam Garg,Sunrisers Hyderabad,5,72,74,,97.29,2,3,5,0,14.4,0,0,29,2021
Rajat Patidar,Royal Challengers Bangalore,4,71,62,,114.51,3,3,4,0,17.75,0,0,31,2021
Lalit Yadav,Delhi Capitals,7,68,73,,93.15,7,0,2,3,34.0,0,0,22*,2021
Chris Morris,Rajasthan Royals,11,67,49,,136.73,2,5,5,2,13.4,0,0,36*,2021
Kyle Jamieson,Royal Challengers Bangalore,9,65,55,,118.18,5,3,4,3,16.25,0,0,16*,2021
Harpreet Brar,Punjab Kings,7,64,58,,110.34,3,2,0,5,0.0,0,0,25*,2021
Sunil Narine,Kolkata Knight Riders,14,62,47,,131.91,3,5,8,2,7.75,0,0,26,2021
Shahbaz Ahmed,Royal Challengers Bangalore,11,59,53,,111.32,4,2,7,0,8.42,0,0,14,2021
Harshal Patel,Royal Challengers Bangalore,15,59,46,,128.26,6,2,4,4,14.75,0,0,31,2021
Vijay Shankar,Sunrisers Hyderabad,7,58,52,,111.53,1,3,5,0,11.6,0,0,28,2021
Sam Curran,Chennai Super Kings,9,56,29,,193.1,5,3,3,1,18.66,0,0,34,2021
Kedar Jadhav,Sunrisers Hyderabad,6,55,52,,105.76,2,2,4,1,13.75,0,0,19,2021
Chris Lynn,Mumbai Indians,1,49,35,,140.0,4,3,1,0,49.0,0,0,49,2021
Shakib Al Hasan,Kolkata Knight Riders,8,47,48,,97.91,3,1,5,1,9.4,0,0,26,2021
Dwayne Bravo,Chennai Super Kings,11,47,18,,261.11,3,4,1,2,47.0,0,0,23,2021
Ravichandran Ashwin,Delhi Capitals,13,44,42,,104.76,2,1,3,2,14.66,0,0,20*,2021
Manan Vohra,Rajasthan Royals,4,42,39,,107.69,5,2,4,0,10.5,0,0,14,2021
Liam Livingstone,Rajasthan Royals,5,42,41,,102.43,3,1,5,0,8.4,0,0,25,2021
Jaydev Unadkat,Rajasthan Royals,6,41,29,,141.37,3,2,2,1,20.5,0,0,24,2021
Axar Patel,Delhi Capitals,12,40,46,,86.95,2,1,5,1,8.0,0,0,12,2021
Mohammad Nabi,Sunrisers Hyderabad,3,34,20,,170.0,3,2,3,0,11.33,0,0,17,2021
Jayant Yadav,Mumbai Indians,5,34,26,,130.76,2,1,2,1,17.0,0,0,23,2021
Bhuvneshwar Kumar,Sunrisers Hyderabad,11,34,30,,113.33,3,0,1,6,34.0,0,0,14*,2021
Chris Jordan,Punjab Kings,4,32,21,,152.38,1,3,2,0,16.0,0,0,30,2021
Moises Henriques,Punjab Kings,5,31,32,,96.87,0,1,2,2,15.5,0,0,14,2021
Washington Sundar,Royal Challengers Bangalore,6,31,47,,65.95,2,0,4,0,7.75,0,0,10,2021
Dawid Malan,Punjab Kings,1,26,26,,100.0,1,1,1,0,26.0,0,0,26,2021
Glenn Phillips,Rajasthan Royals,3,26,33,,78.78,1,2,2,1,13.0,0,0,14*,2021
Ripal Patel,Delhi Capitals,2,25,27,,92.59,3,0,1,1,25.0,0,0,18,2021
Shivam Mavi,Kolkata Knight Riders,9,25,20,,125.0,2,2,2,0,12.5,0,0,20,2021
Tom Curran,Delhi Capitals,3,21,17,,123.52,2,0,1,1,21.0,0,0,21,2021
Mohammed Siraj,Royal Challengers Bangalore,15,20,26,,76.92,1,1,1,3,20.0,0,0,12*,2021
Prabhsimran Singh,Punjab Kings,2,19,23,,82.6,1,1,2,0,9.5,0,0,12,2021
Nathan Ellis,Punjab Kings,3,18,16,,112.5,0,1,1,1,18.0,0,0,12,2021
Lockie Ferguson,Kolkata Knight Riders,8,18,11,,163.63,1,1,0,3,0.0,0,0,18*,2021
Anmolpreet Singh,Mumbai Indians,1,16,14,,114.28,2,1,1,0,16.0,0,0,16,2021
Adam Milne,Mumbai Indians,4,16,17,,94.11,0,1,2,1,8.0,0,0,15,2021
Chetan Sakariya,Rajasthan Royals,14,16,25,,64.0,2,0,5,1,3.2,0,0,7,2021
Jasprit Bumrah,Mumbai Indians,14,16,17,,94.11,2,0,2,5,8.0,0,0,5*,2021
Mandeep Singh,Punjab Kings,1,15,14,,107.14,2,0,1,0,15.0,0,0,15,2021
Chris Woakes,Delhi Capitals,3,15,11,,136.36,2,0,0,1,0.0,0,0,15*,2021
Jhye Richardson,Punjab Kings,3,15,24,,62.5,2,0,2,0,7.5,0,0,15,2021
Murugan Ashwin,Punjab Kings,3,15,24,,62.5,1,0,2,0,7.5,0,0,9,2021
Virat Singh,Sunrisers Hyderabad,3,15,26,,57.69,1,0,2,0,7.5,0,0,11,2021
Jagadeesha Suchith,Sunrisers Hyderabad,2,14,6,,233.33,2,1,0,1,0.0,0,0,14*,2021
Dan Christian,Royal Challengers Bangalore,9,14,24,,58.33,1,0,6,1,2.33,0,0,9,2021
Rahul Chahar,Mumbai Indians,11,14,15,,93.33,1,0,5,0,2.8,0,0,8,2021
Mohammad Shami,Punjab Kings,14,13,17,,76.47,0,0,1,3,13.0,0,0,9*,2021
Kagiso Rabada,Delhi Capitals,15,13,6,,216.66,2,0,1,2,13.0,0,0,9*,2021
Yuzvendra Chahal,Royal Challengers Bangalore,15,10,27,,37.03,0,0,0,2,0.0,0,0,8*,2021
Ajinkya Rahane,Delhi Capitals,2,8,8,,100.0,1,0,1,0,8.0,0,0,8,2021
Sandeep Sharma,Sunrisers Hyderabad,7,8,7,,114.28,1,0,1,1,8.0,0,0,8*,2021
Siddarth Kaul,Sunrisers Hyderabad,8,8,8,,100.0,1,0,0,2,0.0,0,0,7*,2021
Mustafizur Rahman,Rajasthan Royals,14,8,14,,57.14,0,1,0,5,0.0,0,0,8*,2021
Sachin Baby,Royal Challengers Bangalore,1,7,17,,41.17,0,0,1,0,7.0,0,0,7,2021
Shreyas Gopal,Rajasthan Royals,3,7,5,,140.0,0,1,1,1,7.0,0,0,7*,2021
Daniel Sams,Royal Challengers Bangalore,2,6,6,,100.0,0,0,1,1,6.0,0,0,3*,2021
Fabian Allen,Punjab Kings,4,6,12,,50.0,0,0,1,2,6.0,0,0,6,2021
Avesh Khan,Delhi Capitals,16,5,3,,166.66,1,0,0,1,0.0,0,0,5*,2021
Shardul Thakur,Chennai Super Kings,16,5,5,,100.0,0,0,2,2,2.5,0,0,3*,2021
Harbhajan Singh,Kolkata Knight Riders,3,4,4,,100.0,0,0,0,2,0.0,0,0,2*,2021
Nathan Coulter-Nile,Mumbai Indians,5,4,5,,80.0,0,0,2,0,2.0,0,0,3,2021
Tim Southee,Kolkata Knight Riders,3,3,5,,60.0,0,0,1,0,3.0,0,0,3,2021
Tabraiz Shamsi,Rajasthan Royals,1,2,4,,50.0,0,0,0,1,0.0,0,0,2*,2021
Tim Seifert,Kolkata Knight Riders,1,2,4,,50.0,0,0,1,0,2.0,0,0,2,2021
Navdeep Saini,Royal Challengers Bangalore,2,2,4,,50.0,0,0,1,0,2.0,0,0,2,2021
Kartik Tyagi,Rajasthan Royals,4,2,4,,50.0,0,0,1,1,2.0,0,0,1*,2021
George Garton,Royal Challengers Bangalore,5,2,4,,50.0,0,0,1,2,2.0,0,0,2*,2021
Arshdeep Singh,Punjab Kings,12,2,3,,66.66,0,0,0,2,0.0,0,0,1*,2021
Varun Chakaravarthy,Kolkata Knight Riders,17,2,4,,50.0,0,0,1,2,2.0,0,0,2*,2021
Mujeeb Ur Rahman,Sunrisers Hyderabad,1,1,1,,100.0,0,0,0,1,0.0,0,0,1*,2021
Tim David,Royal Challengers Bangalore,1,1,3,,33.33,0,0,1,0,1.0,0,0,1,2021
Wanindu Hasaranga,Royal Challengers Bangalore,2,1,2,,50.0,0,0,1,1,1.0,0,0,1*,2021
Khaleel Ahmed,Sunrisers Hyderabad,7,1,2,,50.0,0,0,1,0,1.0,0,0,1,2021
Ravi Bishnoi,Punjab Kings,9,1,4,,25.0,0,0,1,0,1.0,0,0,1,2021
Trent Boult,Mumbai Indians,14,1,4,,25.0,0,0,0,4,0.0,0,0,1*,2021
Deepak Chahar,Chennai Super Kings,15,1,1,,100.0,0,0,0,2,0.0,0,0,1*,2021
Ben Stokes,Rajasthan Royals,1,0,3,,0.0,0,0,1,0,0.0,0,0,0*,2021
Kamlesh Nagarkoti,Kolkata Knight Riders,1,0,2,,0.0,0,0,1,0,0.0,0,0,0*,2021
Kuldip Yadav,Rajasthan Royals,1,0,4,,0.0,0,0,0,1,0.0,0,0,0*,2021
Piyush Chawla,Mumbai Indians,1,0,2,,0.0,0,0,1,0,0.0,0,0,0*,2021
Shahbaz Nadeem,Sunrisers Hyderabad,1,0,1,,0.0,0,0,1,0,0.0,0,0,0*,2021
Anuj Rawat,Rajasthan Royals,2,0,1,,0.0,0,0,1,0,0.0,0,0,0*,2021
Marco Jansen,Mumbai Indians,2,0,3,,0.0,0,0,2,0,0.0,0,0,0*,2021
Sarfaraz Khan,Punjab Kings,2,0,4,,0.0,0,0,2,0,0.0,0,0,0*,2021
Jimmy Neesham,Mumbai Indians,3,0,2,,0.0,0,0,2,0,0.0,0,0,0*,2021
Prasidh Krishna,Kolkata Knight Riders,10,0,1,,0.0,0,0,1,1,0.0,0,0,0*,2021
Jos Buttler,Rajasthan Royals,17,863,579,230.0,149.05,83,45,15,2,57.53,4,4,116,2022
K L Rahul,Lucknow Super Giants,15,616,455,151.0,135.38,45,30,12,3,51.33,4,2,103*,2022
Quinton De Kock,Lucknow Super Giants,15,508,341,115.0,148.97,47,23,14,1,36.29,3,1,140*,2022
Hardik Pandya,Gujarat Titans,15,487,371,119.0,131.26,49,12,11,4,44.27,4,0,87*,2022
Shubman Gill,Gujarat Titans,16,483,365,117.0,132.32,51,11,14,2,34.50,4,0,96,2022
David Miller,Gujarat Titans,16,481,337,95.0,142.72,32,23,7,9,68.71,2,0,94*,2022
Faf Du Plessis,Royal Challengers Bangalore,16,468,367,145.0,127.52,49,13,15,1,31.20,3,0,96,2022
Shikhar Dhawan,Punjab Kings,14,460,375,141.0,122.66,47,12,12,2,38.33,3,0,88*,2022
Sanju Samson,Rajasthan Royals,17,458,312,129.0,146.79,43,26,16,1,28.63,2,0,55,2022
Deepak Hooda,Lucknow Super Giants,15,451,330,104.0,136.66,36,18,14,0,32.21,4,0,59,2022
Liam Livingstone,Punjab Kings,14,437,240,72.0,182.08,29,34,12,2,36.42,4,0,70,2022
David Warner,Delhi Capitals,12,432,287,103.0,150.52,52,15,9,3,48.00,5,0,92*,2022
Abhishek Sharma,Sunrisers Hyderabad,14,426,320,126.0,133.12,47,13,14,0,30.43,2,0,75,2022
Ishan Kishan,Mumbai Indians,14,418,348,140.0,120.11,45,11,13,1,32.15,3,0,81*,2022
Rahul Tripathi,Sunrisers Hyderabad,14,413,261,85.0,158.23,40,20,11,3,37.55,3,0,76,2022
Shreyas Iyer,Kolkata Knight Riders,14,401,298,103.0,134.56,41,11,13,1,30.85,3,0,85,2022
Tilak Varma,Mumbai Indians,14,397,303,94.0,131.02,29,16,11,3,36.09,2,0,61,2022
Aiden Markram,Sunrisers Hyderabad,14,381,274,79.0,139.05,25,19,8,4,47.63,3,0,68*,2022
Devdutt Padikkal,Rajasthan Royals,17,376,306,135.0,122.87,40,14,17,0,22.12,1,0,54,2022
Ruturaj  Gaikwad,Chennai Super Kings,14,368,291,109.0,126.46,33,14,14,0,26.29,3,0,99,2022
Nitish Rana,Kolkata Knight Riders,14,361,251,101.0,143.82,29,22,13,1,27.77,2,0,57,2022
Virat Kohli,Royal Challengers Bangalore,16,341,294,115.0,115.98,32,8,15,1,22.73,2,0,73,2022
Rishabh Pant,Delhi Capitals,14,340,224,79.0,151.78,35,16,11,2,30.91,0,0,44,2022
Andre Russell,Kolkata Knight Riders,14,335,192,84.0,174.47,18,32,9,3,37.22,1,0,70*,2022
Rajat Patidar,Royal Challengers Bangalore,8,333,218,71.0,152.75,27,18,6,1,55.50,2,1,112*,2022
Dinesh Karthik,Royal Challengers Bangalore,16,330,180,53.0,183.33,27,22,6,10,55.00,1,0,66*,2022
Wriddhiman Saha,Gujarat Titans,11,317,259,105.0,122.39,40,7,10,1,31.70,3,0,68,2022
Shimron Hetmyer,Rajasthan Royals,15,314,204,73.0,153.92,21,21,7,8,44.86,1,0,59*,2022
Nicholas Pooran,Sunrisers Hyderabad,14,306,212,72.0,144.33,16,21,8,5,38.25,2,0,64*,2022
Suryakumar Yadav,Mumbai Indians,8,303,208,71.0,145.67,23,16,7,1,43.29,3,0,68*,2022
Glenn Maxwell,Royal Challengers Bangalore,13,301,178,61.0,169.1,31,15,11,2,27.36,1,0,55,2022
Shivam Dube,Chennai Super Kings,11,289,185,59.0,156.21,22,16,10,1,28.90,2,0,95*,2022
Prithvi Shaw,Delhi Capitals,10,283,185,75.0,152.97,37,10,10,0,28.30,2,0,61,2022
Ambati Rayudu,Chennai Super Kings,13,274,224,103.0,122.32,25,15,11,0,24.91,1,0,78,2022
Rohit Sharma,Mumbai Indians,14,268,223,116.0,120.17,28,13,14,0,19.14,0,0,48,2022
Yashasvi Jaiswal,Rajasthan Royals,10,258,194,81.0,132.98,28,10,10,0,25.80,2,0,68,2022
Jonny Bairstow,Punjab Kings,11,253,175,74.0,144.57,34,9,11,0,23.00,2,0,66,2022
Devon Conway,Chennai Super Kings,7,252,173,58.0,145.66,22,12,6,1,42.00,3,0,87,2022
Mitchell Marsh,Delhi Capitals,8,251,189,74.0,132.8,19,14,8,0,31.38,2,0,89,2022
Rovman Powell,Delhi Capitals,14,250,167,65.0,149.7,10,22,10,2,25.00,1,0,67*,2022
Moeen Ali,Chennai Super Kings,10,244,177,69.0,137.85,24,11,10,0,24.40,1,0,93,2022
Jitesh Sharma,Punjab Kings,12,234,143,48.0,163.63,22,12,8,2,29.25,0,0,44,2022
MS Dhoni,Chennai Super Kings,14,232,188,82.0,123.4,21,10,7,6,33.14,1,0,50*,2022
Robin Uthappa,Chennai Super Kings,12,230,171,80.0,134.5,19,14,11,0,20.91,2,0,88,2022
Shahbaz Ahmed,Royal Challengers Bangalore,16,219,181,68.0,120.99,14,9,8,3,27.38,0,0,45,2022
Rahul Tewatia,Gujarat Titans,16,217,147,49.0,147.61,22,9,7,5,31.00,0,0,43*,2022
Kane Williamson,Sunrisers Hyderabad,13,216,231,111.0,93.5,16,8,11,2,19.64,1,0,57,2022
Bhanuka Rajapaksa,Punjab Kings,9,206,129,45.0,159.68,16,13,9,0,22.89,0,0,43,2022
Mayank Agarwal,Punjab Kings,13,196,160,71.0,122.5,23,6,12,0,16.33,1,0,52,2022
Ravichandran Ashwin,Rajasthan Royals,17,191,135,39.0,141.48,14,9,7,5,27.29,1,0,50,2022
Tim David,Mumbai Indians,8,186,86,22.0,216.27,12,16,5,3,37.20,0,0,46,2022
Riyan Parag,Rajasthan Royals,17,183,132,43.0,138.63,11,10,11,3,16.64,1,0,56*,2022
Krunal Pandya,Lucknow Super Giants,14,183,145,51.0,126.2,16,4,9,4,20.33,0,0,42,2022
Axar Patel,Delhi Capitals,13,182,120,38.0,151.66,12,10,4,6,45.50,0,0,42*,2022
Venkatesh Iyer,Kolkata Knight Riders,12,182,169,85.0,107.69,17,7,11,1,16.55,1,0,50*,2022
Rinku Singh,Kolkata Knight Riders,7,174,117,39.0,148.71,17,7,5,2,34.80,0,0,42*,2022
Sam Billings,Kolkata Knight Riders,8,169,138,56.0,122.46,9,10,7,1,24.14,0,0,36,2022
Dewald Brevis,Mumbai Indians,7,161,113,52.0,142.47,14,11,7,0,23.00,0,0,49,2022
Ayush Badoni,Lucknow Super Giants,13,161,130,48.0,123.84,11,7,8,3,20.13,1,0,54,2022
Lalit Yadav,Delhi Capitals,12,161,146,62.0,110.27,11,7,7,1,23.00,0,0,48*,2022
Matthew Wade,Gujarat Titans,10,157,138,68.0,113.76,23,2,10,0,15.70,0,0,35,2022
Marcus Stoinis,Lucknow Super Giants,11,156,106,39.0,147.16,7,13,8,2,19.50,0,0,38*,2022
Sai Sudharsan,Gujarat Titans,5,145,114,35.0,127.19,14,3,4,1,36.25,1,0,65*,2022
Kieron Pollard,Mumbai Indians,11,144,134,63.0,107.46,6,9,10,1,14.40,0,0,25,2022
Ajinkya Rahane,Kolkata Knight Riders,7,133,128,62.0,103.9,14,4,7,0,19.00,0,0,44,2022
Anuj Rawat,Royal Challengers Bangalore,8,129,118,60.0,109.32,10,7,8,0,16.13,1,0,66,2022
Shardul Thakur,Delhi Capitals,14,120,87,30.0,137.93,7,7,8,2,15.00,0,0,29*,2022
Shahrukh Khan,Punjab Kings,8,117,108,52.0,108.33,4,9,7,1,16.71,0,0,26,2022
Ravindra Jadeja,Chennai Super Kings,10,116,98,33.0,118.36,6,5,6,4,19.33,0,0,26*,2022
Abhinav Manohar,Gujarat Titans,8,108,75,26.0,144.0,14,3,6,1,18.00,0,0,43,2022
Washington Sundar,Sunrisers Hyderabad,9,101,69,21.0,146.37,9,3,7,0,14.43,0,0,40,2022
Rashid Khan,Gujarat Titans,16,91,44,12.0,206.81,3,9,4,4,22.75,0,0,40,2022
Sarfaraz Khan,Delhi Capitals,6,91,67,20.0,135.82,9,2,3,2,30.33,0,0,36*,2022
Manish Pandey,Lucknow Super Giants,6,88,80,35.0,110.0,9,2,6,0,14.67,0,0,38,2022
Mahipal Lomror,Royal Challengers Bangalore,7,86,57,16.0,150.87,7,4,5,0,17.20,0,0,42,2022
Aaron Finch,Kolkata Knight Riders,5,86,61,26.0,140.98,10,3,5,0,17.20,1,0,58,2022
Rahul Chahar,Punjab Kings,13,77,68,35.0,113.23,7,4,6,2,12.83,0,0,25*,2022
Evin Lewis,Lucknow Super Giants,6,73,56,25.0,130.35,8,3,3,2,24.33,1,0,55*,2022
Sunil Narine,Kolkata Knight Riders,14,71,40,18.0,177.5,6,6,8,2,8.88,0,0,22,2022
Shashank Singh,Sunrisers Hyderabad,10,69,47,18.0,146.8,5,4,4,1,17.25,0,0,25*,2022
Suyash S Prabhudessai,Royal Challengers Bangalore,5,67,59,28.0,113.55,7,2,5,0,13.40,0,0,34,2022
Pat Cummins,Kolkata Knight Riders,5,63,24,8.0,262.5,5,6,4,1,15.75,1,0,56*,2022
Jaydev Unadkat,Mumbai Indians,5,59,37,13.0,159.45,4,3,3,2,19.67,0,0,19*,2022
Romario Shepherd,Sunrisers Hyderabad,3,58,41,19.0,141.46,2,5,2,1,29.00,0,0,26*,2022
Jason Holder,Lucknow Super Giants,12,58,44,22.0,131.81,2,6,6,2,9.67,0,0,16,2022
Umesh Yadav,Kolkata Knight Riders,12,55,40,19.0,137.5,4,4,4,3,13.75,0,0,21,2022
Odean Smith,Punjab Kings,6,51,44,23.0,115.9,1,5,3,3,17.00,0,0,25*,2022
Kagiso Rabada,Punjab Kings,13,48,43,22.0,111.62,5,2,5,3,9.60,0,0,25,2022
Kuldeep Yadav,Delhi Capitals,14,48,52,25.0,92.3,3,2,1,6,48.00,0,0,16*,2022
Priyam Garg,Sunrisers Hyderabad,2,46,33,12.0,139.39,4,2,2,0,23.00,0,0,42,2022
Ramandeep Singh,Mumbai Indians,5,45,40,15.0,112.5,3,1,2,2,22.50,0,0,14*,2022
Dwaine Pretorius,Chennai Super Kings,6,44,28,10.0,157.14,3,3,4,1,11.00,0,0,22,2022
Dushmantha Chameera,Lucknow Super Giants,12,43,28,12.0,153.57,3,3,4,4,10.75,0,0,17,2022
Harshal Patel,Royal Challengers Bangalore,15,43,39,19.0,110.25,4,2,5,3,8.60,0,0,11,2022
Hrithik Shokeen,Mumbai Indians,5,43,48,25.0,89.58,5,0,2,1,21.50,0,0,25,2022
Trent Boult,Rajasthan Royals,16,40,29,6.0,137.93,2,1,2,6,20.00,0,0,17*,2022
Jagadeesan Narayan,Chennai Super Kings,2,40,37,12.0,108.1,3,1,1,1,40.00,0,0,39*,2022
Daniel Sams,Mumbai Indians,11,38,36,18.0,105.55,1,3,7,3,5.43,0,0,15,2022
Wanindu Hasaranga,Royal Challengers Bangalore,16,38,43,24.0,88.37,4,1,7,0,5.43,0,0,18,2022
Rishi Dhawan,Punjab Kings,6,37,40,25.0,92.5,4,2,2,2,18.50,0,0,21*,2022
Daryl Mitchell,Rajasthan Royals,2,33,44,16.0,75.0,1,0,2,0,16.50,0,0,17,2022
Sherfane Rutherford,Royal Challengers Bangalore,3,33,50,26.0,66.0,1,1,2,0,16.50,0,0,28,2022
James Neesham,Rajasthan Royals,2,31,27,7.0,114.81,3,0,2,0,15.50,0,0,17,2022
Mohammed Siraj,Royal Challengers Bangalore,15,30,33,19.0,90.9,5,0,2,3,15.00,0,0,14*,2022
Tim Seifert,Delhi Capitals,2,24,19,10.0,126.31,4,0,2,0,12.00,0,0,21,2022
Bhuvneshwar Kumar,Sunrisers Hyderabad,14,24,26,11.0,92.3,3,0,3,3,8.00,0,0,8,2022
Mohsin Khan,Lucknow Super Giants,9,23,16,5.0,143.75,2,1,1,2,23.00,0,0,13*,2022
Dwayne Bravo,Chennai Super Kings,10,23,24,9.0,95.83,1,1,2,4,11.50,0,0,12,2022
Sheldon Jackson,Kolkata Knight Riders,5,23,26,10.0,88.46,0,1,4,1,5.75,0,0,8,2022
Avesh Khan,Lucknow Super Giants,13,22,13,6.0,169.23,0,3,1,3,22.00,0,0,12,2022
Rassie van der Dussen,Rajasthan Royals,3,22,24,11.0,91.66,2,0,2,1,11.00,0,0,12*,2022
Harpreet Brar,Punjab Kings,5,22,25,16.0,88.0,1,2,3,0,7.33,0,0,14,2022
Mitchell Santner,Chennai Super Kings,6,22,27,16.0,81.48,3,0,2,2,11.00,0,0,11,2022
Arshdeep Singh,Punjab Kings,14,21,29,20.0,72.41,3,0,3,3,7.00,0,0,10*,2022
B Indrajith,Kolkata Knight Riders,3,21,30,17.0,70.0,2,0,3,0,7.00,0,0,15,2022
Manan Vohra,Lucknow Super Giants,2,19,11,5.0,172.72,1,2,1,0,19.00,0,0,19,2022
Vijay Shankar,Gujarat Titans,4,19,35,21.0,54.28,1,0,4,0,4.75,0,0,13,2022
Mandeep Singh,Delhi Capitals,3,18,23,17.0,78.26,4,0,3,0,6.00,0,0,18,2022
Josh Hazlewood,Royal Challengers Bangalore,12,18,26,12.0,69.23,1,0,0,5,-,0,0,7*,2022
David Willey,Royal Challengers Bangalore,4,18,30,22.0,60.0,3,0,2,0,9.00,0,0,18,2022
Karun Nair,Rajasthan Royals,3,16,18,5.0,88.88,1,0,2,0,8.00,0,0,13,2022
Simran Singh,Punjab Kings,1,14,11,5.0,127.27,2,0,1,0,14.00,0,0,14,2022
Anmolpreet Singh,Mumbai Indians,2,13,13,5.0,100.0,1,0,2,0,6.50,0,0,8,2022
Murugan Ashwin,Mumbai Indians,8,12,14,10.0,85.71,1,1,3,2,4.00,0,0,6,2022
Varun Chakaravarthy,Kolkata Knight Riders,11,12,18,12.0,66.66,2,0,0,4,-,0,0,10*,2022
Chris Jordan,Chennai Super Kings,4,11,8,2.0,137.5,0,0,1,1,11.00,0,0,6*,2022
Rajangad Bawa,Punjab Kings,2,11,14,7.0,78.57,1,0,2,0,5.50,0,0,11,2022
Shreyas Gopal,Sunrisers Hyderabad,1,9,7,4.0,128.57,2,0,0,1,-,0,0,9*,2022
Marco Jansen,Sunrisers Hyderabad,8,9,7,3.0,128.57,0,1,1,2,9.00,0,0,8*,2022
Obed McCoy,Rajasthan Royals,7,8,5,2.0,160.0,0,1,1,0,8.00,0,0,8,2022
Srikar Bharat,Delhi Capitals,2,8,7,5.0,114.28,2,0,2,0,4.00,0,0,8,2022
Fabian Allen,Mumbai Indians,1,8,7,3.0,114.28,1,0,1,0,8.00,0,0,8,2022
Sean Abbott,Sunrisers Hyderabad,1,7,5,3.0,140.0,0,1,1,0,7.00,0,0,7,2022
Rasikh Salam,Kolkata Knight Riders,2,7,6,4.0,116.66,1,0,1,0,7.00,0,0,7,2022
Kartik Tyagi,Sunrisers Hyderabad,2,7,6,3.0,116.66,1,0,2,0,3.50,0,0,7,2022
Maheesh Theekshana,Chennai Super Kings,9,7,7,5.0,100.0,0,1,1,1,7.00,0,0,7*,2022
Simarjeet Singh,Chennai Super Kings,6,7,8,3.0,87.5,0,0,1,2,7.00,0,0,3*,2022
Ripal Patel,Delhi Capitals,2,6,3,2.0,200.0,0,1,1,0,6.00,0,0,6,2022
Mukesh Choudhary,Chennai Super Kings,13,6,6,3.0,100.0,1,0,1,1,6.00,0,0,4,2022
Prasidh Krishna,Rajasthan Royals,17,6,12,6.0,50.0,0,0,1,2,6.00,0,0,4*,2022
Aman Khan,Kolkata Knight Riders,1,5,3,1.0,166.66,1,0,1,0,5.00,0,0,5,2022
Lockie Ferguson,Gujarat Titans,13,5,4,2.0,125.0,1,0,2,1,2.50,0,0,5,2022
Alzarri Joseph,Gujarat Titans,9,5,7,2.0,71.42,0,0,1,2,5.00,0,0,4*,2022
Yuzvendra Chahal,Rajasthan Royals,17,5,8,4.0,62.5,0,0,1,1,5.00,0,0,5,2022
Vaibhav Arora,Punjab Kings,5,5,13,8.0,38.46,0,0,2,2,2.50,0,0,2*,2022
Prerak Mankad,Punjab Kings,1,4,1,0.0,400.0,1,0,0,1,-,0,0,4*,2022
Karan Sharma,Lucknow Super Giants,1,4,4,3.0,100.0,1,0,1,0,4.00,0,0,4,2022
Abdul Samad,Sunrisers Hyderabad,2,4,7,3.0,57.14,0,0,2,0,2.00,0,0,4,2022
Abhijeet Tomar,Kolkata Knight Riders,1,4,8,7.0,50.0,1,0,1,0,4.00,0,0,4,2022
Umran Malik,Sunrisers Hyderabad,14,4,8,5.0,50.0,0,0,1,3,4.00,0,0,3*,2022
Mustafizur Rahman,Delhi Capitals,8,3,5,2.0,60.0,0,0,0,1,-,0,0,3*,2022
Kumar Kartikeya Singh,Mumbai Indians,4,3,5,2.0,60.0,0,0,1,0,3.00,0,0,3,2022
Shivam Mavi,Kolkata Knight Riders,6,3,7,4.0,42.85,0,0,2,1,1.50,0,0,2,2022
Harshit Rana,Kolkata Knight Riders,2,2,2,1.0,100.0,0,0,1,1,2.00,0,0,2,2022
Navdeep Saini,Rajasthan Royals,2,2,2,1.0,100.0,0,0,1,0,2.00,0,0,2,2022
Tristan Stubbs,Mumbai Indians,2,2,4,2.0,50.0,0,0,2,0,1.00,0,0,2,2022
Pradeep Sangwan,Gujarat Titans,3,2,5,3.0,40.0,0,0,1,0,2.00,0,0,2,2022
Fazalhaq Farooqi,Sunrisers Hyderabad,3,2,8,6.0,25.0,0,0,0,1,-,0,0,2*,2022
Jagadeesha Suchith,Sunrisers Hyderabad,5,2,8,6.0,25.0,0,0,2,0,1.00,0,0,2,2022
Tim Southee,Kolkata Knight Riders,9,2,12,10.0,16.66,0,0,4,1,0.50,0,0,1*,2022
Nathan Coulter-Nile,Rajasthan Royals,1,1,2,1.0,50.0,0,0,0,1,-,0,0,1*,2022
Anrich Nortje,Delhi Capitals,6,1,6,5.0,16.66,0,0,0,1,-,0,0,1*,2022
Shubman Gill,Gujarat Titans,17,890,564,150.0,157.8,85,33,15,2,59.33,4,3,129,2023
Faf Du Plessis,Royal Challengers Bangalore,14,730,475,133.0,153.68,60,36,13,1,56.15,8,0,84,2023
Devon Conway,Chennai Super Kings,16,672,481,164.0,139.7,77,18,13,2,51.69,6,0,92*,2023
Virat Kohli,Royal Challengers Bangalore,14,639,457,130.0,139.82,65,16,12,2,53.25,6,2,101*,2023
Yashasvi Jaiswal,Rajasthan Royals,14,625,382,152.0,163.61,82,26,13,1,48.08,5,1,124,2023
Suryakumar Yadav,Mumbai Indians,16,605,334,92.0,181.13,65,28,14,2,43.21,5,1,103*,2023
Ruturaj Gaikwad,Chennai Super Kings,16,590,400,134.0,147.5,46,30,14,1,42.14,4,0,92,2023
David Warner,Delhi Capitals,14,516,392,157.0,131.63,69,10,14,0,36.86,6,0,86,2023
Rinku Singh,Kolkata Knight Riders,14,474,317,101.0,149.52,31,29,8,6,59.25,4,0,67*,2023
Ishan Kishan,Mumbai Indians,15,454,318,130.0,142.76,54,18,15,0,30.27,3,0,75,2023
Cameron Green,Mumbai Indians,16,452,282,79.0,160.28,40,22,9,7,50.22,2,1,100*,2023
Heinrich Klaasen,Sunrisers Hyderabad,12,448,253,49.0,177.07,32,25,9,2,49.78,2,1,104,2023
Shivam Dube,Chennai Super Kings,16,418,264,77.0,158.33,12,35,11,3,38.00,3,0,52,2023
Nitish Rana,Kolkata Knight Riders,14,413,293,111.0,140.95,39,20,13,1,31.77,3,0,75,2023
Marcus Stoinis,Lucknow Super Giants,15,408,272,98.0,150.0,28,27,13,2,31.38,3,0,89*,2023
Venkatesh Iyer,Kolkata Knight Riders,14,404,277,90.0,145.84,32,21,14,0,28.86,2,1,104,2023
Glenn Maxwell,Royal Challengers Bangalore,14,400,218,72.0,183.48,29,31,12,2,33.33,5,0,77,2023
Jos Buttler,Rajasthan Royals,14,392,282,108.0,139.0,42,14,14,0,28.00,4,0,95,2023
Kyle Mayers,Lucknow Super Giants,13,379,263,128.0,144.1,38,22,13,0,29.15,4,0,73,2023
Shikhar Dhawan,Punjab Kings,11,373,261,108.0,142.91,49,12,9,2,41.44,3,0,99*,2023
Wriddhiman Saha,Gujarat Titans,17,371,287,117.0,129.26,47,8,16,1,23.19,2,0,81,2023
Sanju Samson,Rajasthan Royals,14,362,236,82.0,153.38,25,24,12,2,30.17,3,0,66*,2023
Sai Sudharsan,Gujarat Titans,8,362,256,76.0,141.4,33,12,7,1,51.71,3,0,96,2023
Nicholas Pooran,Lucknow Super Giants,15,358,207,68.0,172.94,26,26,12,3,29.83,2,0,62,2023
Simran Singh,Punjab Kings,14,358,238,104.0,150.42,38,19,14,0,25.57,1,1,103,2023
Hardik Pandya,Gujarat Titans,16,346,253,79.0,136.75,26,15,11,4,31.45,2,0,66,2023
Tilak Varma,Mumbai Indians,11,343,209,72.0,164.11,26,23,8,3,42.88,1,0,84*,2023
Rohit Sharma,Mumbai Indians,16,332,250,113.0,132.8,35,17,16,0,20.75,2,0,65,2023
Ajinkya Rahane,Chennai Super Kings,14,326,189,38.0,172.48,24,16,10,1,32.60,2,0,71*,2023
Jitesh Sharma,Punjab Kings,14,309,198,75.0,156.06,22,21,13,1,23.77,0,0,49*,2023
Vijay Shankar,Gujarat Titans,14,301,188,58.0,160.1,27,15,8,2,37.63,3,0,63*,2023
Shimron Hetmyer,Rajasthan Royals,14,300,197,66.0,152.28,12,23,8,5,37.50,1,0,56*,2023
Jason Roy,Kolkata Knight Riders,8,285,188,76.0,151.59,36,12,8,0,35.63,2,0,61,2023
Axar Patel,Delhi Capitals,14,283,203,70.0,139.4,21,15,10,3,28.30,1,0,54,2023
Liam Livingstone,Punjab Kings,9,279,171,56.0,163.15,20,19,8,1,34.88,2,0,94,2023
Sam Curran,Punjab Kings,14,276,203,69.0,135.96,20,13,10,3,27.60,1,0,55,2023
K L Rahul,Lucknow Super Giants,9,274,242,92.0,113.22,28,4,8,1,34.25,2,0,74,2023
Rahul Tripathi,Sunrisers Hyderabad,13,273,213,87.0,128.16,29,10,12,1,22.75,1,0,74*,2023
Mayank Agarwal,Sunrisers Hyderabad,10,270,210,70.0,128.57,29,6,10,0,27.00,1,0,83,2023
Devdutt Padikkal,Rajasthan Royals,11,261,200,73.0,130.5,31,6,10,1,26.10,2,0,52,2023
David Miller,Gujarat Titans,16,259,178,51.0,145.5,18,13,8,5,32.38,0,0,46,2023
Aiden Markram,Sunrisers Hyderabad,13,248,197,57.0,125.88,18,8,11,2,22.55,1,0,50,2023
Nehal Wadera,Mumbai Indians,14,241,166,62.0,145.18,23,12,9,1,26.78,2,0,64,2023
Ayush Badoni,Lucknow Super Giants,15,238,172,56.0,138.37,13,12,10,2,23.80,1,0,59*,2023
Tim David,Mumbai Indians,16,231,146,39.0,158.21,12,15,9,6,25.67,0,0,45*,2023
Andre Russell,Kolkata Knight Riders,14,227,156,67.0,145.51,13,18,11,3,20.64,0,0,42,2023
Rahmanullah Gurbaz,Kolkata Knight Riders,11,227,170,81.0,133.52,17,15,11,0,20.64,2,0,81,2023
Abhishek Sharma,Sunrisers Hyderabad,11,226,157,55.0,143.94,28,6,11,0,20.55,2,0,67,2023
Phil Salt,Delhi Capitals,9,218,133,44.0,163.9,24,10,8,1,27.25,2,0,87,2023
Rilee Rossouw,Delhi Capitals,9,209,141,51.0,148.22,17,11,7,2,29.86,1,0,82*,2023
Ravindra Jadeja,Chennai Super Kings,16,190,133,34.0,142.85,11,9,8,4,23.75,0,0,25*,2023
Harry Brook,Sunrisers Hyderabad,11,190,154,65.0,123.37,23,4,9,2,21.11,0,1,100*,2023
Krunal Pandya,Lucknow Super Giants,15,188,165,72.0,113.93,15,6,10,4,18.80,0,0,49*,2023
Atharva Taide,Punjab Kings,7,186,129,46.0,144.18,20,6,7,0,26.57,2,0,66,2023
Abdul Samad,Sunrisers Hyderabad,9,169,128,52.0,132.03,10,11,4,4,42.25,0,0,37*,2023
Manish Pandey,Delhi Capitals,10,160,146,55.0,109.58,15,3,9,0,17.78,1,0,50,2023
Ambati Rayudu,Chennai Super Kings,16,158,113,36.0,139.82,10,9,10,2,15.80,0,0,27*,2023
Shahrukh Khan,Punjab Kings,14,156,94,30.0,165.95,13,9,7,6,22.29,0,0,41*,2023
Dhruv Jurel,Rajasthan Royals,13,152,88,21.0,172.72,11,9,7,4,21.71,0,0,34*,2023
Quinton De Kock,Lucknow Super Giants,4,143,102,34.0,140.19,10,8,4,0,35.75,1,0,70,2023
Dinesh Karthik,Royal Challengers Bangalore,13,140,104,35.0,134.61,13,5,12,1,11.67,0,0,30,2023
Sikandar Raza,Punjab Kings,7,139,98,36.0,141.83,10,6,5,2,27.80,1,0,57,2023
Mahipal Lomror,Royal Challengers Bangalore,12,135,97,33.0,139.17,9,8,8,2,16.88,1,0,54*,2023
Rashid Khan,Gujarat Titans,17,130,60,24.0,216.66,8,13,4,5,32.50,1,0,79*,2023
Mitchell Marsh,Delhi Capitals,9,128,97,43.0,131.95,11,7,9,0,14.22,1,0,63,2023
Moeen Ali,Chennai Super Kings,15,124,91,37.0,136.26,12,6,7,3,17.71,0,0,23,2023
Matthew Short,Punjab Kings,6,117,92,45.0,127.17,15,4,6,0,19.50,0,0,36,2023
Abhinav Manohar,Gujarat Titans,9,114,83,25.0,137.34,6,7,6,0,19.00,0,0,42,2023
Shardul Thakur,Kolkata Knight Riders,11,113,70,21.0,161.42,13,4,8,2,14.13,1,0,68,2023
Aman Khan,Delhi Capitals,11,110,101,49.0,108.91,7,6,8,1,13.75,1,0,51,2023
Prithvi Shaw,Delhi Capitals,8,106,85,36.0,124.7,16,1,8,0,13.25,1,0,54,2023
Anmolpreet Singh,Sunrisers Hyderabad,4,105,82,35.0,128.04,15,2,4,0,26.25,0,0,36,2023
MS Dhoni,Chennai Super Kings,16,104,57,16.0,182.45,3,10,4,8,26.00,0,0,32*,2023
Prerak Mankad,Lucknow Super Giants,5,93,72,30.0,129.16,12,2,3,2,31.00,1,0,64*,2023
Anuj Rawat,Royal Challengers Bangalore,9,91,71,25.0,128.16,6,4,3,4,30.33,0,0,29*,2023
Jagadeesan Narayan,Kolkata Knight Riders,6,89,81,43.0,109.87,14,1,6,0,14.83,0,0,36,2023
Rahul Tewatia,Gujarat Titans,17,87,57,17.0,152.63,3,7,4,6,21.75,0,0,20*,2023
Deepak Hooda,Lucknow Super Giants,12,84,90,34.0,93.33,3,2,11,1,7.64,0,0,17,2023
Riyan Parag,Rajasthan Royals,7,78,66,28.0,118.18,4,5,6,1,13.00,0,0,20,2023
Harpreet Bhatia,Punjab Kings,3,76,59,25.0,128.81,8,3,3,0,25.33,0,0,41,2023
Bhanuka Rajapaksa,Punjab Kings,4,71,62,25.0,114.51,6,2,3,1,23.67,1,0,50,2023
Vivrant Sharma,Sunrisers Hyderabad,3,69,47,16.0,146.8,9,2,1,0,69.00,1,0,69,2023
Ravichandran Ashwin,Rajasthan Royals,13,67,51,19.0,131.37,5,3,6,4,11.17,0,0,30,2023
Lalit Yadav,Delhi Capitals,6,66,59,22.0,111.86,8,0,5,1,13.20,0,0,38,2023
Krishnappa Gowtham,Lucknow Super Giants,7,61,37,11.0,164.86,2,5,4,3,15.25,0,0,23,2023
Washington Sundar,Sunrisers Hyderabad,7,60,60,20.0,100.0,6,0,4,1,15.00,0,0,24*,2023
Michael Bracewell,Royal Challengers Bangalore,5,58,47,15.0,123.4,6,1,2,2,29.00,0,0,26,2023
Sarfaraz Khan,Delhi Capitals,4,53,62,29.0,85.48,4,1,4,0,13.25,0,0,30,2023
Harpreet Brar,Punjab Kings,13,52,41,14.0,126.82,5,2,6,2,8.67,0,0,17*,2023
Ripal Patel,Delhi Capitals,5,49,43,10.0,113.95,3,1,3,1,16.33,0,0,23,2023
Shahbaz Ahmed,Royal Challengers Bangalore,10,42,39,14.0,107.69,3,1,4,2,10.50,0,0,20*,2023
Bhuvneshwar Kumar,Sunrisers Hyderabad,14,42,47,21.0,89.36,4,0,3,3,14.00,0,0,27,2023
Glenn Phillips,Sunrisers Hyderabad,5,39,22,10.0,177.27,2,4,5,0,7.80,0,0,25,2023
Marco Jansen,Sunrisers Hyderabad,8,39,43,19.0,90.69,4,0,3,3,13.00,0,0,17*,2023
Anrich Nortje,Delhi Capitals,10,37,29,10.0,127.58,6,0,3,4,12.33,0,0,23*,2023
Vishnu Vinod,Mumbai Indians,3,37,31,11.0,119.35,2,2,3,0,12.33,0,0,30,2023
Suyash S Prabhudessai,Royal Challengers Bangalore,5,35,29,13.0,120.68,1,2,4,0,8.75,0,0,19,2023
David Willey,Royal Challengers Bangalore,4,35,32,12.0,109.37,4,0,0,3,-,0,0,20*,2023
Wanindu Hasaranga,Royal Challengers Bangalore,8,33,28,8.0,117.85,3,0,2,3,16.50,0,0,12*,2023
Abishek Porel,Delhi Capitals,4,33,31,12.0,106.45,1,2,4,0,8.25,0,0,20,2023
Kuldeep Yadav,Delhi Capitals,14,31,48,25.0,64.58,2,0,2,8,15.50,0,0,10*,2023
Dasun Shanaka,Gujarat Titans,3,26,26,12.0,100.0,2,1,2,1,13.00,0,0,17,2023
Piyush Chawla,Mumbai Indians,16,25,22,8.0,113.63,1,1,2,2,12.50,0,0,18,2023
Tristan Stubbs,Mumbai Indians,2,25,31,14.0,80.64,2,0,2,0,12.50,0,0,20,2023
Hrithik Shokeen,Mumbai Indians,8,23,17,6.0,135.29,4,0,1,2,23.00,0,0,18*,2023
Anukul Roy,Kolkata Knight Riders,4,23,19,7.0,121.05,3,0,2,2,11.50,0,0,13*,2023
Adil Rashid,Sunrisers Hyderabad,2,22,16,7.0,137.5,2,1,2,0,11.00,0,0,18,2023
Priyam Garg,Delhi Capitals,2,22,23,9.0,95.65,1,0,2,0,11.00,0,0,12,2023
David Wiese,Kolkata Knight Riders,3,21,11,5.0,190.9,0,3,1,2,21.00,0,0,12*,2023
Mayank Markande,Sunrisers Hyderabad,10,21,13,4.0,161.53,2,1,0,3,-,0,0,18*,2023
Sunil Narine,Kolkata Knight Riders,14,21,25,15.0,84.0,2,1,7,3,3.00,0,0,7*,2023
Rishi Dhawan,Punjab Kings,6,20,12,3.0,166.66,1,1,2,1,10.00,0,0,19,2023
Ravi Bishnoi,Lucknow Super Giants,15,20,27,14.0,74.07,1,0,3,4,6.67,0,0,5,2023
Umran Malik,Sunrisers Hyderabad,8,19,8,3.0,237.5,1,2,1,1,19.00,0,0,19*,2023
Umesh Yadav,Kolkata Knight Riders,8,19,18,6.0,105.55,1,0,2,3,9.50,0,0,6*,2023
Amit Mishra,Lucknow Super Giants,7,19,30,17.0,63.33,2,0,1,0,19.00,0,0,19,2023
Arshad Khan,Mumbai Indians,6,18,15,4.0,120.0,0,1,2,1,9.00,0,0,15*,2023
Akash Deep,Royal Challengers Bangalore,2,17,8,2.0,212.5,2,1,1,0,17.00,0,0,17,2023
Akeal Hosein,Sunrisers Hyderabad,1,16,10,3.0,160.0,1,1,0,1,-,0,0,16*,2023
Trent Boult,Rajasthan Royals,10,16,14,6.0,114.28,1,1,1,3,16.00,0,0,15,2023
Praveen Dubey,Delhi Capitals,1,16,20,10.0,80.0,2,0,1,0,16.00,0,0,16,2023
Naveen-Ul-Haq,Lucknow Super Giants,8,16,21,12.0,76.19,2,0,1,2,16.00,0,0,13,2023
Yash Dhull,Delhi Capitals,4,16,23,10.0,69.56,1,0,3,0,5.33,0,0,13,2023
Ben Stokes,Chennai Super Kings,2,15,14,5.0,107.14,2,0,2,0,7.50,0,0,8,2023
Mandeep Singh,Kolkata Knight Riders,3,14,16,8.0,87.5,0,1,3,0,4.67,0,0,12,2023
Arjun Tendulkar,Mumbai Indians,4,13,9,2.0,144.44,0,1,1,0,13.00,0,0,13,2023
Vyshak Vijaykumar,Royal Challengers Bangalore,7,13,9,2.0,144.44,0,1,1,1,13.00,0,0,13*,2023
Kedar Jadhav,Royal Challengers Bangalore,2,12,10,3.0,120.0,1,0,0,1,-,0,0,12*,2023
Jason Holder,Rajasthan Royals,8,12,11,4.0,109.09,0,1,2,1,6.00,0,0,11,2023
Karan Sharma,Lucknow Super Giants,2,12,21,9.0,57.14,0,0,2,0,6.00,0,0,9,2023
Mark Wood,Lucknow Super Giants,4,11,5,2.0,220.0,1,1,1,1,11.00,0,0,10*,2023
Sanvir Singh,Sunrisers Hyderabad,2,11,9,6.0,122.22,1,1,1,1,11.00,0,0,7,2023
Manan Vohra,Lucknow Super Giants,1,10,11,4.0,90.9,1,0,1,0,10.00,0,0,10,2023
Joe Root,Rajasthan Royals,3,10,15,8.0,66.66,1,0,1,0,10.00,0,0,10,2023
Adam Zampa,Rajasthan Royals,6,10,16,6.0,62.5,0,0,3,0,3.33,0,0,7,2023
Jaydev Unadkat,Lucknow Super Giants,3,9,7,1.0,128.57,1,0,1,0,9.00,0,0,9,2023
Noor Ahmad,Gujarat Titans,13,8,9,4.0,88.88,1,0,2,1,4.00,0,0,7*,2023
Mukesh Kumar,Delhi Capitals,10,7,9,2.0,77.77,0,0,0,3,-,0,0,6*,2023
Rovman Powell,Delhi Capitals,3,7,9,6.0,77.77,1,0,3,0,2.33,0,0,4,2023
Alzarri Joseph,Gujarat Titans,7,7,12,8.0,58.33,1,0,0,2,-,0,0,7*,2023
Harshal Patel,Royal Challengers Bangalore,13,6,6,5.0,100.0,0,1,2,0,3.00,0,0,6,2023
Kumar Kartikeya Singh,Mumbai Indians,8,6,7,4.0,85.71,1,0,1,0,6.00,0,0,6,2023
Jason Behrendorff,Mumbai Indians,12,6,9,3.0,66.66,0,0,0,2,-,0,0,3*,2023
Chris Jordan,Mumbai Indians,6,6,12,7.0,50.0,0,0,2,0,3.00,0,0,4,2023
Mohammad Shami,Gujarat Titans,17,5,6,4.0,83.33,1,0,2,0,2.50,0,0,5,2023
Litton Das,Kolkata Knight Riders,1,4,4,3.0,100.0,1,0,1,0,4.00,0,0,4,2023
Jofra Archer,Mumbai Indians,5,4,4,1.0,100.0,0,0,0,2,-,0,0,3*,2023
Chetan Sakariya,Delhi Capitals,2,4,6,5.0,66.66,1,0,1,1,4.00,0,0,4,2023
Vaibhav Arora,Kolkata Knight Riders,5,3,2,0.0,150.0,0,0,0,2,-,0,0,2*,2023
Karn Sharma,Royal Challengers Bangalore,7,3,5,3.0,60.0,0,0,2,0,1.50,0,0,2,2023
Arshdeep Singh,Punjab Kings,14,2,2,1.0,100.0,0,0,0,2,-,0,0,2*,2023
Mitchell Santner,Chennai Super Kings,3,2,4,2.0,50.0,0,0,0,2,-,0,0,1*,2023
Swapnil Singh,Lucknow Super Giants,2,2,4,2.0,50.0,0,0,0,1,-,0,0,2*,2023
Wayne Parnell,Royal Challengers Bangalore,7,2,5,3.0,40.0,0,0,1,0,2.00,0,0,2,2023
Sandeep Sharma,Rajasthan Royals,12,2,6,4.0,33.33,0,0,0,2,-,0,0,2*,2023
Mustafizur Rahman,Delhi Capitals,2,1,1,0.0,100.0,0,0,0,1,-,0,0,1*,2023
Ishant Sharma,Delhi Capitals,8,1,1,0.0,100.0,0,0,0,1,-,0,0,1*,2023
Abdul Basith,Rajasthan Royals,1,1,1,0.0,100.0,0,0,0,1,-,0,0,1*,2023
Deepak Chahar,Chennai Super Kings,10,1,2,1.0,50.0,0,0,0,1,-,0,0,1*,2023
Mohit Rathee,Punjab Kings,1,1,2,1.0,50.0,0,0,0,1,-,0,0,1*,2023
Josh Hazlewood,Royal Challengers Bangalore,3,1,2,1.0,50.0,0,0,0,1,-,0,0,1*,2023
Mohammed Siraj,Royal Challengers Bangalore,14,1,2,1.0,50.0,0,0,1,1,1.00,0,0,1*,2023
Yudhvir Singh,Lucknow Super Giants,3,1,2,1.0,50.0,0,0,2,0,0.50,0,0,1,2023
Fazalhaq Farooqi,Sunrisers Hyderabad,4,1,5,4.0,20.0,0,0,0,1,-,0,0,1*,2023
Nathan Ellis,Punjab Kings,10,1,7,6.0,14.28,0,0,2,0,0.50,0,0,1,2023
Varun Chakaravarthy,Kolkata Knight Riders,14,1,9,8.0,11.11,0,0,1,1,1.00,0,0,1,2023
Virat Kohli,Royal Challengers Bengaluru,15,741,479,148.0,154.69,62,38,12,3,61.75,5,1,113*,2024
Ruturaj Gaikwad,Chennai Super Kings,14,583,413,128.0,141.16,58,18,11,3,53.00,4,1,108*,2024
Riyan Parag,Rajasthan Royals,16,573,384,122.0,149.21,40,33,11,3,52.09,4,0,84*,2024
Travis Head,Sunrisers Hyderabad,15,567,296,92.0,191.55,64,32,14,1,40.50,4,1,102,2024
Sanju Samson,Rajasthan Royals,16,531,346,99.0,153.46,48,24,11,4,48.27,5,0,86,2024
Sai Sudharsan,Gujarat Titans,12,527,373,106.0,141.28,48,16,11,1,47.91,2,1,103,2024
K L Rahul,Lucknow Super Giants,14,520,382,123.0,136.12,45,19,14,0,37.14,4,0,82,2024
Nicholas Pooran,Lucknow Super Giants,14,499,280,82.0,178.21,35,36,8,6,62.38,3,0,75,2024
Sunil Narine,Kolkata Knight Riders,15,488,270,109.0,180.74,50,33,14,0,34.86,3,1,109,2024
Abhishek Sharma,Sunrisers Hyderabad,16,484,237,80.0,204.21,36,42,15,1,32.27,3,0,75*,2024
Heinrich Klaasen,Sunrisers Hyderabad,16,479,280,76.0,171.07,19,38,12,3,39.92,4,0,80*,2024
Rishabh Pant,Delhi Capitals,13,446,287,90.0,155.4,36,25,11,2,40.55,3,0,88*,2024
Faf Du Plessis,Royal Challengers Bengaluru,15,438,271,97.0,161.62,47,21,15,0,29.20,4,0,64,2024
Phil Salt,Kolkata Knight Riders,12,435,239,87.0,182.0,50,24,11,1,39.55,4,0,89*,2024
Yashasvi Jaiswal,Rajasthan Royals,16,435,279,106.0,155.91,54,16,14,1,31.07,1,1,104*,2024
Shubman Gill,Gujarat Titans,12,426,289,85.0,147.4,37,15,11,1,38.73,2,1,104,2024
Rohit Sharma,Mumbai Indians,14,417,278,121.0,150.0,45,23,13,1,32.08,1,1,105*,2024
Tilak Varma,Mumbai Indians,13,416,278,83.0,149.64,35,19,10,3,41.60,3,0,65,2024
Shivam Dube,Chennai Super Kings,14,396,244,85.0,162.29,28,28,11,3,36.00,3,0,66*,2024
Rajat Patidar,Royal Challengers Bengaluru,15,395,223,69.0,177.13,21,33,13,0,30.38,5,0,55,2024
Marcus Stoinis,Lucknow Super Giants,14,388,263,91.0,147.52,39,16,12,2,32.33,2,1,124*,2024
Tristan Stubbs,Delhi Capitals,14,378,198,42.0,190.9,24,26,7,6,54.00,3,0,71*,2024
Venkatesh Iyer,Kolkata Knight Riders,15,370,233,84.0,158.79,35,19,8,5,46.25,4,0,70,2024
Jos Buttler,Rajasthan Royals,11,359,255,91.0,140.78,36,12,9,2,39.89,0,2,107*,2024
Shashank Singh,Punjab Kings,14,354,215,61.0,164.65,28,21,8,6,44.25,2,0,68*,2024
Shreyas Iyer,Kolkata Knight Riders,15,351,239,74.0,146.86,34,14,9,5,39.00,2,0,58*,2024
Suryakumar Yadav,Mumbai Indians,11,345,206,77.0,167.47,36,18,10,1,34.50,3,1,102*,2024
Prabhsimran Singh,Punjab Kings,14,334,213,91.0,156.8,34,20,14,0,23.86,2,0,71,2024
Jake Fraser - McGurk,Delhi Capitals,9,330,141,52.0,234.04,32,28,9,0,36.67,4,0,84,2024
Abishek Porel,Delhi Capitals,14,327,205,70.0,159.51,36,13,10,2,32.70,2,0,65,2024
Dinesh Karthik,Royal Challengers Bengaluru,15,326,174,50.0,187.35,27,22,9,4,36.22,2,0,83,2024
Ishan Kishan,Mumbai Indians,14,320,215,87.0,148.83,35,16,14,0,22.86,1,0,69,2024
Daryl Mitchell,Chennai Super Kings,13,318,223,59.0,142.6,27,10,11,2,28.91,2,0,63,2024
Nitish Kumar Reddy,Sunrisers Hyderabad,13,303,212,73.0,142.92,15,21,9,2,33.67,2,0,76*,2024
Jonny Bairstow,Punjab Kings,11,298,195,74.0,152.82,33,14,10,1,29.80,0,1,108*,2024
Sam Curran,Punjab Kings,13,270,219,70.0,123.28,24,6,10,2,27.00,2,0,63*,2024
Ravindra Jadeja,Chennai Super Kings,14,267,187,47.0,142.78,22,8,6,5,44.50,1,0,57*,2024
Cameron Green,Royal Challengers Bengaluru,13,255,178,53.0,143.25,22,10,8,4,31.88,0,0,46,2024
Quinton De Kock,Lucknow Super Giants,11,250,186,77.0,134.4,29,9,11,0,22.73,3,0,81,2024
Ajinkya Rahane,Chennai Super Kings,13,242,196,76.0,123.46,23,7,12,0,20.17,0,0,45,2024
Tim David,Mumbai Indians,13,241,152,47.0,158.55,14,15,8,3,30.13,0,0,45*,2024
Ayush Badoni,Lucknow Super Giants,14,235,171,47.0,137.42,22,5,8,4,29.38,2,0,55*,2024
Axar Patel,Delhi Capitals,14,235,179,62.0,131.28,19,10,8,4,29.38,2,0,66,2024
Will Jacks,Royal Challengers Bengaluru,8,230,131,46.0,175.57,16,18,7,1,32.86,1,1,100*,2024
Andre Russell,Kolkata Knight Riders,15,222,120,42.0,185.0,20,16,7,2,31.71,1,0,64*,2024
Rachin Ravindra,Chennai Super Kings,10,222,138,48.0,160.86,22,12,10,0,22.20,1,0,61,2024
Aiden Markram,Sunrisers Hyderabad,11,220,177,49.0,124.29,18,4,9,2,24.44,1,0,50,2024
Hardik Pandya,Mumbai Indians,14,216,151,53.0,143.04,17,11,12,1,18.00,0,0,46,2024
Shahbaz Ahmed,Sunrisers Hyderabad,16,215,166,52.0,129.51,7,13,9,3,23.89,1,0,59*,2024
Rilee Rossouw,Punjab Kings,8,211,116,40.0,181.89,25,11,8,0,26.38,1,0,61,2024
David Miller,Gujarat Titans,9,210,139,41.0,151.07,20,8,6,3,35.00,1,0,55,2024
Prithvi Shaw,Delhi Capitals,8,198,121,43.0,163.63,30,5,8,0,24.75,1,0,66,2024
Dhruv Jurel,Rajasthan Royals,15,195,141,45.0,138.29,18,7,8,3,24.38,2,0,56*,2024
Ashutosh Sharma,Punjab Kings,11,189,113,38.0,167.25,10,15,7,2,27.00,1,0,61,2024
Rahul Tewatia,Gujarat Titans,12,188,129,46.0,145.73,24,5,7,2,26.86,0,0,36*,2024
Jitesh Sharma,Punjab Kings,14,187,142,51.0,131.69,9,12,11,1,17.00,0,0,32*,2024
Shai Hope,Delhi Capitals,9,183,122,45.0,150.0,12,12,8,1,22.88,0,0,41,2024
Abdul Samad,Sunrisers Hyderabad,16,182,108,32.0,168.51,15,11,10,2,18.20,0,0,37*,2024
Rinku Singh,Kolkata Knight Riders,15,168,113,36.0,148.67,13,8,9,2,18.67,0,0,26,2024
David Warner,Delhi Capitals,8,168,125,61.0,134.4,17,10,8,0,21.00,1,0,52,2024
Rahul Tripathi,Sunrisers Hyderabad,6,165,115,41.0,143.47,18,6,6,0,27.50,1,0,55,2024
Angkrish Raghuvanshi,Kolkata Knight Riders,10,163,105,34.0,155.23,16,8,7,0,23.29,1,0,54,2024
MS Dhoni,Chennai Super Kings,14,161,73,22.0,220.54,14,13,3,8,53.67,0,0,37*,2024
Shikhar Dhawan,Punjab Kings,5,152,121,50.0,125.61,18,4,5,0,30.40,1,0,70,2024
Deepak Hooda,Lucknow Super Giants,11,145,105,31.0,138.09,16,3,8,1,18.13,1,0,50,2024
Naman Dhir,Mumbai Indians,7,140,79,30.0,177.21,12,10,6,1,23.33,1,0,62*,2024
Pat Cummins,Sunrisers Hyderabad,16,136,95,36.0,143.15,9,8,6,4,22.67,0,0,35*,2024
Wriddhiman Saha,Gujarat Titans,9,136,115,51.0,118.26,18,3,9,0,15.11,0,0,39,2024
Krunal Pandya,Lucknow Super Giants,14,133,105,33.0,126.66,8,5,4,8,33.25,0,0,43*,2024
Moeen Ali,Chennai Super Kings,8,128,98,34.0,130.61,7,8,5,0,25.60,1,0,56,2024
Shahrukh Khan,Gujarat Titans,7,127,75,23.0,169.33,9,9,7,0,18.14,1,0,58,2024
Ramandeep Singh,Kolkata Knight Riders,15,125,62,18.0,201.61,5,12,4,5,31.25,0,0,35,2024
Mahipal Lomror,Royal Challengers Bengaluru,10,125,68,20.0,183.82,9,9,8,2,15.63,0,0,33,2024
Shimron Hetmyer,Rajasthan Royals,12,113,69,21.0,163.76,9,7,5,4,22.60,0,0,27*,2024
Liam Livingstone,Punjab Kings,7,111,78,28.0,142.3,8,7,5,2,22.20,0,0,38*,2024
Nehal Wadhera,Mumbai Indians,6,109,84,34.0,129.76,9,6,6,0,18.17,0,0,49,2024
Rovman Powell,Rajasthan Royals,10,103,68,30.0,151.47,10,6,6,1,17.17,0,0,27,2024
Rashid Khan,Gujarat Titans,12,102,71,25.0,143.66,11,3,5,3,20.40,0,0,31,2024
Anuj Rawat,Royal Challengers Bengaluru,5,98,77,28.0,127.27,10,3,4,1,24.50,0,0,48,2024
Ravichandran Ashwin,Rajasthan Royals,15,86,74,27.0,116.21,5,4,6,3,14.33,0,0,29,2024
Arshad Khan,Lucknow Super Giants,4,83,54,20.0,153.7,6,5,2,2,41.50,1,0,58*,2024
Vijay Shankar,Gujarat Titans,7,83,72,23.0,115.27,7,2,5,2,16.60,0,0,17,2024
Harpreet Brar,Punjab Kings,13,75,54,19.0,138.88,8,2,2,5,37.50,0,0,29,2024
Dewald Brevis,Mumbai Indians,3,69,59,27.0,116.94,3,5,3,0,23.00,0,0,46,2024
Mayank Agarwal,Sunrisers Hyderabad,4,64,57,29.0,112.28,8,1,4,0,16.00,0,0,32,2024
Rahmanullah Gurbaz,Kolkata Knight Riders,3,62,46,26.0,134.78,7,4,2,0,31.00,0,0,39,2024
Mitchell Marsh,Delhi Capitals,4,61,38,19.0,160.52,9,3,4,0,15.25,0,0,23,2024
Atharva Taide,Punjab Kings,2,61,39,12.0,156.41,7,2,2,0,30.50,0,0,46,2024
Romario Shepherd,Mumbai Indians,6,57,21,4.0,271.42,5,5,2,3,28.50,0,0,39*,2024
Glenn Maxwell,Royal Challengers Bengaluru,10,52,43,21.0,120.93,6,2,9,0,5.78,0,0,28,2024
Sameer Rizwi,Chennai Super Kings,8,51,43,19.0,118.6,4,2,4,1,12.75,0,0,21,2024
Tom Kohler- Cadmore,Rajasthan Royals,4,48,54,33.0,88.88,7,1,3,0,16.00,0,0,20,2024
Kuldeep Yadav,Delhi Capitals,11,47,41,19.0,114.63,6,1,3,2,15.67,0,0,35*,2024
Sikandar Raza,Punjab Kings,2,43,38,16.0,113.15,2,2,2,0,21.50,0,0,28,2024
Manish Pandey,Kolkata Knight Riders,1,42,31,8.0,135.48,2,2,1,0,42.00,0,0,42,2024
Azmatullah Omarzai,Gujarat Titans,7,42,33,10.0,127.27,2,2,4,0,10.50,0,0,17,2024
Nitish Rana,Kolkata Knight Riders,2,42,34,14.0,123.52,5,1,2,0,21.00,0,0,33,2024
Devdutt Padikkal,Lucknow Super Giants,7,38,53,29.0,71.69,3,0,7,0,5.43,0,0,13,2024
Swapnil Singh,Royal Challengers Bengaluru,7,37,21,8.0,176.19,3,3,2,3,18.50,0,0,15*,2024
Mohammad Nabi,Mumbai Indians,7,35,31,13.0,112.9,2,2,4,1,8.75,0,0,23,2024
Shubham Dubey,Rajasthan Royals,4,33,19,5.0,173.68,3,2,2,1,16.50,0,0,25,2024
Karn Sharma,Royal Challengers Bengaluru,9,31,15,5.0,206.66,2,3,3,0,10.33,0,0,20,2024
Rasikh Salam,Delhi Capitals,8,28,30,14.0,93.33,4,0,4,0,7.00,0,0,10,2024
Kane Williamson,Gujarat Titans,2,27,27,15.0,100.0,4,0,2,0,13.50,0,0,26,2024
Harpreet Bhatia,Punjab Kings,2,27,34,16.0,79.41,2,0,2,0,13.50,0,0,14,2024
Suyash S Prabhudessai,Royal Challengers Bengaluru,1,24,18,8.0,133.33,3,0,1,0,24.00,0,0,24,2024
Jaydev Unadkat,Sunrisers Hyderabad,11,24,26,14.0,92.3,2,1,3,2,8.00,0,0,8*,2024
Tanush Kotian,Rajasthan Royals,1,24,31,17.0,77.41,3,0,1,0,24.00,0,0,24,2024
Bhuvneshwar Kumar,Sunrisers Hyderabad,16,23,29,18.0,79.31,3,0,3,2,7.67,0,0,13,2024
Yudhvir Singh,Lucknow Super Giants,2,21,14,7.0,150.0,1,2,2,0,10.50,0,0,14,2024
Rahul Chahar,Punjab Kings,9,21,15,8.0,140.0,3,1,1,1,21.00,0,0,16,2024
Shardul Thakur,Chennai Super Kings,9,21,17,7.0,123.52,2,1,1,2,21.00,0,0,17,2024
Ashton Turner,Lucknow Super Giants,2,21,18,7.0,116.66,0,2,2,0,10.50,0,0,16,2024
Kagiso Rabada,Punjab Kings,11,20,14,4.0,142.85,0,2,1,2,20.00,0,0,11*,2024
Gulbadin Naib,Delhi Capitals,2,19,15,4.0,126.66,1,1,1,0,19.00,0,0,19,2024
Marco Jansen,Sunrisers Hyderabad,3,18,13,4.0,138.46,1,1,1,1,18.00,0,0,17,2024
Saurav Chauhan,Royal Challengers Bengaluru,3,18,15,6.0,120.0,1,1,3,0,6.00,0,0,9,2024
Sumit Kumar,Delhi Capitals,4,18,24,17.0,75.0,2,1,2,1,9.00,0,0,9*,2024
Piyush Chawla,Mumbai Indians,11,15,15,8.0,100.0,1,1,4,2,3.75,0,0,10,2024
Sanvir Singh,Sunrisers Hyderabad,4,14,12,2.0,116.66,1,0,1,2,14.00,0,0,8*,2024
Trent Boult,Rajasthan Royals,16,14,16,9.0,87.5,2,0,2,3,7.00,0,0,12,2024
Mitchell Santner,Chennai Super Kings,3,14,17,6.0,82.35,1,0,3,0,4.67,0,0,11,2024
Gerald Coetzee,Mumbai Indians,10,14,22,13.0,63.63,0,1,4,1,3.50,0,0,8,2024
Sai Kishore,Gujarat Titans,5,13,6,3.0,216.66,0,2,1,1,13.00,0,0,13,2024
Harshal Patel,Punjab Kings,14,13,19,14.0,68.42,1,1,3,1,4.33,0,0,12,2024
Mohammed Siraj,Royal Challengers Bengaluru,14,12,8,6.0,150.0,0,2,2,1,6.00,0,0,12,2024
Darshan Nalkande,Gujarat Titans,3,12,11,4.0,109.09,0,1,1,0,12.00,0,0,12,2024
Jasprit Bumrah,Mumbai Indians,13,12,12,4.0,100.0,1,0,0,4,-,0,0,8*,2024
Umesh Yadav,Gujarat Titans,7,12,15,8.0,80.0,0,1,1,1,12.00,0,0,10*,2024
Avesh Khan,Rajasthan Royals,16,10,5,0.0,200.0,1,0,0,3,-,0,0,7*,2024
Lalit Yadav,Delhi Capitals,2,10,12,6.0,83.33,1,0,2,0,5.00,0,0,7,2024
Luke Wood,Mumbai Indians,2,9,3,0.0,300.0,0,1,0,1,-,0,0,9*,2024
Arshin Atul Kulkarni,Lucknow Super Giants,2,9,8,5.0,112.5,2,0,2,0,4.50,0,0,9,2024
Mitchell Starc,Kolkata Knight Riders,14,9,11,5.0,81.81,1,0,2,3,4.50,0,0,6*,2024
Abhinav Manohar,Gujarat Titans,2,9,16,11.0,56.25,1,0,2,0,4.50,0,0,8,2024
Donovan Ferreira,Rajasthan Royals,2,8,11,5.0,72.72,0,0,2,0,4.00,0,0,7,2024
Vijayakanth Viyaskanth,Sunrisers Hyderabad,3,7,5,0.0,140.0,0,0,0,1,-,0,0,7*,2024
Spencer Johnson,Gujarat Titans,5,6,7,4.0,85.71,1,0,0,3,-,0,0,5*,2024
Anmolpreet Singh,Sunrisers Hyderabad,2,5,6,4.0,83.33,1,0,2,0,2.50,0,0,5,2024
Noor Ahmad,Gujarat Titans,10,5,9,7.0,55.55,1,0,2,2,2.50,0,0,4,2024
Arshdeep Singh,Punjab Kings,14,4,3,2.0,133.33,1,0,1,0,4.00,0,0,4,2024
Akash Madhwal,Mumbai Indians,5,4,5,2.0,80.0,0,0,0,1,-,0,0,4*,2024
Matthew Wade,Gujarat Titans,2,4,6,2.0,66.66,0,0,1,0,4.00,0,0,4,2024
Ravi Bishnoi,Lucknow Super Giants,14,4,6,2.0,66.66,0,0,3,0,1.33,0,0,2,2024
Anrich Nortje,Delhi Capitals,6,4,8,5.0,50.0,0,0,2,0,2.00,0,0,4,2024
Mohit Sharma,Gujarat Titans,12,4,15,12.0,26.66,0,0,2,1,2.00,0,0,4,2024
Anukul Roy,Kolkata Knight Riders,4,3,3,1.0,100.0,0,0,0,1,-,0,0,3*,2024
Reece Topley,Royal Challengers Bengaluru,4,3,6,3.0,50.0,0,0,0,1,-,0,0,3*,2024
Kumar Kushagra,Delhi Capitals,4,3,7,5.0,42.85,0,0,3,0,1.00,0,0,2,2024
Mukesh Kumar,Delhi Capitals,10,3,9,6.0,33.33,0,0,1,1,3.00,0,0,3,2024
Ricky Bhui,Delhi Capitals,2,3,9,6.0,33.33,0,0,2,0,1.50,0,0,3,2024
Mohsin Khan,Lucknow Super Giants,9,2,1,0.0,200.0,0,0,1,0,2.00,0,0,2,2024
Richard Gleeson,Chennai Super Kings,2,2,2,1.0,100.0,0,0,0,1,-,0,0,2*,2024
Jhye Richardson,Delhi Capitals,1,2,2,1.0,100.0,0,0,1,0,2.00,0,0,2,2024
Anshul Kamboj,Mumbai Indians,3,2,2,0.0,100.0,0,0,0,1,-,0,0,2*,2024
Akash Deep,Royal Challengers Bengaluru,1,2,2,0.0,100.0,0,0,0,1,-,0,0,2*,2024
Shivam Singh,Punjab Kings,1,2,3,1.0,66.66,0,0,0,1,-,0,0,2*,2024
Naveen-Ul-Haq,Lucknow Super Giants,10,2,4,3.0,50.0,0,0,0,3,-,0,0,2*,2024
B R Sharath,Gujarat Titans,1,2,5,3.0,40.0,0,0,1,0,2.00,0,0,2,2024
Vaibhav Arora,Kolkata Knight Riders,10,1,1,0.0,100.0,0,0,0,2,-,0,0,1*,2024
Shams Mulani,Mumbai Indians,2,1,1,0.0,100.0,0,0,0,1,-,0,0,1*,2024
Lockie Ferguson,Royal Challengers Bengaluru,7,1,1,0.0,100.0,0,0,1,0,1.00,0,0,1,2024
Lizaad Williams,Delhi Capitals,2,1,2,1.0,50.0,0,0,0,1,-,0,0,1*,2024
Keshav Maharaj,Rajasthan Royals,2,1,2,1.0,50.0,0,0,1,0,1.00,0,0,1,2024
Manav Suthar,Gujarat Titans,1,1,2,1.0,50.0,0,0,1,0,1.00,0,0,1,2024
Vyshak Vijaykumar,Royal Challengers Bengaluru,4,1,3,2.0,33.33,0,0,1,1,1.00,0,0,1*,2024
Ishant Sharma,Delhi Capitals,9,1,7,6.0,14.28,0,0,0,2,-,0,0,1*,2024
Sai Sudharsan,Gujarat Titans,15,759,486,133.0,156.17,88,21,14,1,54.21,6,1,108*,2025
Surya Kumar Yadav,Mumbai Indians,16,717,427,132.0,167.91,69,38,11,5,65.18,5,0,73*,2025
Shubman Gill,Gujarat Titans,15,650,417,111.0,155.87,62,24,13,2,50.00,6,0,93*,2025
Mitchell Marsh,Lucknow Super Giants,13,627,383,130.0,163.7,56,37,13,0,48.23,6,1,117,2025
Virat Kohli,Royal Challengers Bengaluru,14,614,419,117.0,146.53,63,19,11,3,55.82,8,0,73*,2025
Shreyas Iyer,Punjab Kings,16,603,343,86.0,175.8,43,39,11,5,54.82,6,0,97*,2025
Yashasvi Jaiswal,Rajasthan Royals,14,559,350,125.0,159.71,60,28,13,1,43.00,6,0,75,2025
K L Rahul,Delhi Capitals,13,539,360,105.0,149.72,52,21,10,3,53.90,3,1,112*,2025
Jos Buttler,Gujarat Titans,14,538,330,93.0,163.03,52,24,9,4,59.78,5,0,97*,2025
Nicholas Pooran,Lucknow Super Giants,14,524,267,88.0,196.25,45,40,12,2,43.67,5,0,87*,2025
Prabhsimran Singh,Punjab Kings,16,523,320,114.0,163.43,56,28,16,0,32.69,4,0,91,2025
Heinrich Klaasen,Sunrisers Hyderabad,13,487,282,64.0,172.69,42,25,11,2,44.27,1,1,105*,2025
Priyansh Arya,Punjab Kings,16,451,246,89.0,183.33,51,25,16,0,28.19,2,1,103,2025
Aiden Markram,Lucknow Super Giants,13,445,299,100.0,148.82,38,22,13,0,34.23,5,0,66,2025
Abhishek Sharma,Sunrisers Hyderabad,14,439,227,80.0,193.39,46,28,13,0,33.77,2,1,141,2025
Rohit Sharma,Mumbai Indians,15,418,280,106.0,149.28,41,22,14,1,29.86,4,0,81,2025
Riyan Parag,Rajasthan Royals,14,393,236,74.0,166.52,27,27,12,2,32.75,1,0,95,2025
Ajinkya Rahane,Kolkata Knight Riders,13,390,264,99.0,147.72,36,20,11,1,35.45,3,0,61,2025
Ryan Rickelton,Mumbai Indians,14,388,257,107.0,150.97,47,17,13,1,29.85,3,0,62*,2025
Phil Salt,Royal Challengers Bengaluru,12,387,220,84.0,175.9,46,21,11,1,35.18,4,0,65,2025
Travis Head,Sunrisers Hyderabad,13,374,230,90.0,162.6,50,15,12,0,31.17,3,0,76,2025
Shivam Dube,Chennai Super Kings,14,357,270,95.0,132.22,22,21,11,3,32.45,1,0,50,2025
Ishan Kishan,Sunrisers Hyderabad,14,354,232,68.0,152.58,33,15,10,3,35.40,1,1,106*,2025
Nehal Wadhera,Punjab Kings,15,354,235,81.0,150.63,28,20,11,3,32.18,2,0,70,2025
N Tilak Varma,Mumbai Indians,16,343,248,76.0,138.3,23,16,11,2,31.18,2,0,59,2025
Dhruv Jurel,Rajasthan Royals,14,333,213,68.0,156.33,22,22,9,4,37.00,2,0,70,2025
Ayush Badoni,Lucknow Super Giants,14,329,222,65.0,148.19,27,14,10,1,32.90,2,0,74,2025
Abishek Porel,Delhi Capitals,13,301,205,60.0,146.82,28,12,12,1,25.08,1,0,51,2025
Ravindra Jadeja,Chennai Super Kings,14,301,222,64.0,135.58,25,10,9,5,33.44,2,0,77*,2025
Tristan Stubbs,Delhi Capitals,14,300,199,41.0,150.75,25,11,6,7,50.00,0,0,41*,2025
Angkrish Raghuvanshi,Kolkata Knight Riders,12,300,215,59.0,139.53,30,8,9,2,33.33,1,0,50,2025
Sherfane Rutherford,Gujarat Titans,13,291,185,59.0,157.29,22,18,9,2,32.33,0,0,46,2025
Shashank Singh,Punjab Kings,16,289,198,50.0,145.95,20,12,7,6,41.29,2,0,59*,2025
Rajat Patidar,Royal Challengers Bengaluru,14,286,201,60.0,142.28,24,12,12,1,23.83,2,0,64,2025
Sanju Samson,Rajasthan Royals,9,285,203,72.0,140.39,27,13,8,1,35.63,1,0,66,2025
Rishabh Pant,Lucknow Super Giants,14,269,202,91.0,133.16,23,16,11,2,24.45,1,1,118*,2025
Axar Patel,Delhi Capitals,12,263,167,55.0,157.48,23,15,10,1,26.30,0,0,43,2025
Vaibhav Suryavanshi,Rajasthan Royals,7,252,122,46.0,206.55,18,24,7,0,36.00,1,1,101,2025
Naman Dhir,Mumbai Indians,16,252,138,35.0,182.6,24,13,8,4,31.50,0,0,46,2025
Devdutt Padikkal,Royal Challengers Bengaluru,10,247,164,59.0,150.6,21,14,9,1,27.44,2,0,61,2025
Sunil Narine,Kolkata Knight Riders,12,246,144,71.0,170.83,25,19,11,1,22.36,0,0,44,2025
Ayush Mhatre,Chennai Super Kings,7,240,127,41.0,188.97,31,11,7,0,34.29,1,0,94,2025
Josh Inglis,Punjab Kings,10,239,148,55.0,161.48,25,12,8,2,29.88,1,0,73,2025
Shimron Hetmyer,Rajasthan Royals,14,239,164,50.0,145.73,17,11,11,2,21.73,1,0,52,2025
Jitesh Sharma,Royal Challengers Bengaluru,14,237,138,48.0,171.73,22,15,6,4,39.50,1,0,85*,2025
Aniket Verma,Sunrisers Hyderabad,14,236,142,52.0,166.19,12,20,9,3,26.22,1,0,74,2025
Will Jacks,Mumbai Indians,13,233,172,64.0,135.46,22,11,10,1,23.30,1,0,53,2025
Dewald Brevis,Chennai Super Kings,6,225,125,33.0,180.0,13,17,6,0,37.50,2,0,57,2025
Hardik Pandya,Mumbai Indians,15,224,137,42.0,163.5,18,12,9,3,24.89,0,0,48*,2025
Nitish Rana,Rajasthan Royals,11,217,134,48.0,161.94,27,9,10,1,21.70,2,0,81,2025
Rinku Singh,Kolkata Knight Riders,13,206,134,47.0,153.73,20,10,7,4,29.43,0,0,38*,2025
Ashutosh Sharma,Delhi Capitals,13,204,127,38.0,160.62,14,13,7,2,29.14,1,0,66*,2025
Faf Du Plessis,Delhi Capitals,9,202,163,63.0,123.92,18,8,9,0,22.44,2,0,62,2025
Karun Nair,Delhi Capitals,8,198,115,42.0,172.17,24,10,8,0,24.75,1,0,89,2025
MS Dhoni,Chennai Super Kings,14,196,145,49.0,135.17,12,12,8,5,24.50,0,0,30*,2025
Rachin Ravindra,Chennai Super Kings,8,191,149,48.0,128.18,18,4,7,1,27.29,1,0,65*,2025
Tim David,Royal Challengers Bengaluru,12,187,101,38.0,185.14,16,14,3,6,62.33,1,0,50*,2025
Nitish Kumar Reddy,Sunrisers Hyderabad,13,182,153,51.0,118.95,16,4,8,3,22.75,0,0,32,2025
Shahrukh Khan,Gujarat Titans,15,179,100,26.0,179.0,11,13,6,5,29.83,1,0,57,2025
Andre Russell,Kolkata Knight Riders,13,167,102,53.0,163.72,16,14,9,1,18.56,1,0,57*,2025
Abdul Samad,Lucknow Super Giants,13,164,93,27.0,176.34,8,14,8,4,20.50,0,0,45,2025
Devon Conway,Chennai Super Kings,6,156,119,45.0,131.09,17,4,6,0,26.00,2,0,69,2025
Marcus Stoinis,Punjab Kings,12,154,84,30.0,183.33,8,14,5,5,30.80,0,0,44*,2025
David Miller,Lucknow Super Giants,11,153,120,36.0,127.5,13,4,5,6,30.60,0,0,27*,2025
Quinton De Kock,Kolkata Knight Riders,8,152,117,48.0,129.91,9,11,7,1,21.71,1,0,97*,2025
Vipraj Nigam,Delhi Capitals,14,142,79,27.0,179.74,15,8,7,1,20.29,0,0,39,2025
Venkatesh Iyer,Kolkata Knight Riders,11,142,102,38.0,139.21,15,4,7,0,20.29,1,0,60,2025
Washington Sundar,Gujarat Titans,6,133,80,19.0,166.25,10,7,5,0,26.60,0,0,49,2025
Ruturaj Gaikwad,Chennai Super Kings,5,122,81,30.0,150.61,14,4,5,0,24.40,2,0,63,2025
Sameer Rizvi,Delhi Capitals,5,121,79,27.0,153.16,11,7,3,1,40.33,1,0,58*,2025
Vijay Shankar,Chennai Super Kings,6,118,91,23.0,129.67,8,3,3,2,39.33,1,0,69*,2025
Sam Curran,Chennai Super Kings,5,114,84,28.0,135.71,11,4,5,0,22.80,1,0,88,2025
Shubham Dubey,Rajasthan Royals,9,106,66,22.0,160.6,6,8,4,4,26.50,0,0,34*,2025
Krunal Pandya,Royal Challengers Bengaluru,14,105,81,32.0,129.62,9,4,5,1,21.00,1,0,73*,2025
Rahul Tewatia,Gujarat Titans,15,99,59,18.0,167.79,6,7,8,4,12.38,0,0,24*,2025
Pat Cummins,Sunrisers Hyderabad,14,97,58,19.0,167.24,6,7,4,5,24.25,0,0,22*,2025
Manish Pandey,Kolkata Knight Riders,3,92,65,20.0,141.53,5,5,2,1,46.00,0,0,37,2025
Kamindu Mendis,Sunrisers Hyderabad,5,92,69,22.0,133.33,7,2,3,2,30.67,0,0,32*,2025
Liam Livingstone,Royal Challengers Bengaluru,9,87,69,32.0,126.08,4,7,6,1,14.50,1,0,54,2025
Jonny Bairstow,Mumbai Indians,2,85,46,14.0,184.78,7,5,2,0,42.50,0,0,47,2025
Marco Jansen,Punjab Kings,14,75,63,21.0,119.04,3,4,4,4,18.75,0,0,34*,2025
Rahmanullah Gurbaz,Kolkata Knight Riders,5,74,53,25.0,139.62,10,3,4,1,18.50,0,0,35,2025
Mayank Agarwal,Royal Challengers Bengaluru,3,71,46,10.0,154.34,8,1,2,1,35.50,0,0,41*,2025
Shaik Rasheed,Chennai Super Kings,5,71,63,34.0,112.69,9,2,5,0,14.20,0,0,27,2025
Urvil Patel,Chennai Super Kings,3,68,32,11.0,212.5,5,6,3,0,22.67,0,0,37,2025
Jacob Bethell,Royal Challengers Bengaluru,2,67,39,14.0,171.79,9,3,2,0,33.50,1,0,55,2025
Jofra Archer,Rajasthan Royals,12,63,50,20.0,126.0,3,4,6,1,10.50,0,0,30,2025
Abhinav Manohar,Sunrisers Hyderabad,8,61,61,29.0,100.0,2,4,5,0,12.20,0,0,43,2025
Harshit Rana,Kolkata Knight Riders,13,57,53,30.0,107.54,5,3,4,3,14.25,0,0,34,2025
Azmatullah Omarzai,Punjab Kings,8,56,39,16.0,143.58,6,3,3,1,18.67,0,0,21*,2025
Jake Fraser - McGurk,Delhi Capitals,6,55,52,31.0,105.76,7,2,6,0,9.17,0,0,38,2025
Rahul Tripathi,Chennai Super Kings,5,55,57,27.0,96.49,6,1,5,0,11.00,0,0,23,2025
Romario Shepherd,Royal Challengers Bengaluru,7,53,15,4.0,353.33,4,6,1,1,53.00,1,0,53*,2025
Glenn Maxwell,Punjab Kings,7,48,49,23.0,97.95,5,1,6,0,8.00,0,0,30,2025
Corbin Bosch,Mumbai Indians,2,47,32,12.0,146.87,3,3,2,0,23.50,0,0,27,2025
Ramandeep Singh,Kolkata Knight Riders,11,47,35,12.0,134.28,1,4,5,2,9.40,0,0,22,2025
Rashid Khan,Gujarat Titans,15,40,28,13.0,142.85,2,3,5,3,8.00,0,0,12,2025
Mitchell Santner,Mumbai Indians,13,40,33,15.0,121.21,2,3,2,6,20.00,0,0,18*,2025
Deepak Chahar,Mumbai Indians,14,37,25,9.0,148.0,3,2,1,3,37.00,0,0,28*,2025
Ravichandran Ashwin,Chennai Super Kings,9,33,30,13.0,110.0,3,1,4,0,8.25,0,0,13,2025
Deepak Hooda,Chennai Super Kings,7,31,41,24.0,75.6,2,1,5,0,6.20,0,0,22,2025
Mohd Arshad Khan,Gujarat Titans,9,23,19,11.0,121.05,0,3,2,3,11.50,0,0,20,2025
Sediqullah Atal,Delhi Capitals,1,22,16,6.0,137.5,0,2,1,0,22.00,0,0,22,2025
Avesh Khan,Lucknow Super Giants,13,21,12,6.0,175.0,3,1,1,3,21.00,0,0,19*,2025
Harshal Patel,Sunrisers Hyderabad,13,21,26,7.0,80.76,0,0,2,2,10.50,0,0,12*,2025
Kusal Mendis,Gujarat Titans,1,20,10,4.0,200.0,1,2,1,0,20.00,0,0,20,2025
Shardul Thakur,Lucknow Super Giants,10,18,12,5.0,150.0,3,0,3,2,6.00,0,0,6,2025
Kuldeep Yadav,Delhi Capitals,14,18,16,6.0,112.5,2,0,3,2,6.00,0,0,7,2025
Gerald Coetzee,Gujarat Titans,4,17,11,5.0,154.54,2,1,2,0,8.50,0,0,12,2025
Jamie Overton,Chennai Super Kings,3,15,7,2.0,214.28,1,1,0,2,-,0,0,11*,2025
Anshul Kamboj,Chennai Super Kings,8,14,12,6.0,116.66,2,0,2,3,7.00,0,0,5*,2025
Matthew Breetzke,Lucknow Super Giants,1,14,12,7.0,116.66,1,1,1,0,14.00,0,0,14,2025
Atharva Taide,Sunrisers Hyderabad,1,13,9,5.0,144.44,3,0,1,0,13.00,0,0,13,2025
Ravi Bishnoi,Lucknow Super Giants,11,13,16,13.0,81.25,0,2,2,1,6.50,0,0,13,2025
Bhuvneshwar Kumar,Royal Challengers Bengaluru,13,13,23,15.0,56.52,1,0,2,3,6.50,0,0,8,2025
Harpreet Brar,Punjab Kings,8,11,13,8.0,84.61,0,1,1,1,11.00,0,0,7*,2025
Xavier Bartlett,Punjab Kings,4,11,15,7.0,73.33,1,0,1,0,11.00,0,0,11,2025
Mohammad Shami,Sunrisers Hyderabad,9,10,10,4.0,100.0,1,0,1,3,10.00,0,0,6*,2025
Dushmantha Chameera,Delhi Capitals,6,10,14,4.0,71.42,0,0,0,3,-,0,0,8*,2025
Maheesh Theekshana,Rajasthan Royals,11,10,27,17.0,37.03,0,0,2,2,5.00,0,0,5,2025
Kagiso Rabada,Gujarat Titans,4,9,8,4.0,112.5,0,1,1,1,9.00,0,0,7*,2025
Shahbaz Ahmed,Lucknow Super Giants,3,9,8,2.0,112.5,1,0,1,0,9.00,0,0,9,2025
Wiaan Mulder,Sunrisers Hyderabad,1,9,11,5.0,81.81,1,0,1,0,9.00,0,0,9,2025
Wanindu Hasaranga,Rajasthan Royals,11,9,15,8.0,60.0,0,0,5,0,1.80,0,0,4,2025
Kwena Maphaka,Rajasthan Royals,2,8,2,0.0,400.0,2,0,0,1,-,0,0,8*,2025
Raj Angad Bawa,Mumbai Indians,3,8,4,0.0,200.0,0,0,0,1,-,0,0,8*,2025
Tushar Deshpande,Rajasthan Royals,10,7,8,3.0,87.5,0,0,1,3,7.00,0,0,3,2025
Suryansh Shedge,Punjab Kings,5,7,11,5.0,63.63,0,0,3,0,2.33,0,0,4,2025
Noor Ahmad,Chennai Super Kings,14,7,17,12.0,41.17,0,0,4,2,1.75,0,0,2*,2025
Akash Deep,Lucknow Super Giants,6,6,2,1.0,300.0,0,1,1,1,6.00,0,0,6*,2025
Sandeep Sharma,Rajasthan Royals,10,6,5,0.0,120.0,0,0,0,1,-,0,0,6*,2025
Mitchell Starc,Delhi Capitals,11,6,10,4.0,60.0,0,0,2,4,3.00,0,0,2*,2025
Robin Minz,Mumbai Indians,2,6,15,10.0,40.0,0,0,2,0,3.00,0,0,3,2025
Rovman Powell,Kolkata Knight Riders,2,5,5,3.0,100.0,1,0,1,0,5.00,0,0,5,2025
Sai Kishore,Gujarat Titans,15,5,10,5.0,50.0,0,0,3,0,1.67,0,0,3,2025
Prince Yadav,Lucknow Super Giants,6,5,10,5.0,50.0,0,0,0,2,-,0,0,4*,2025
Moeen Ali,Kolkata Knight Riders,6,5,14,9.0,35.71,0,0,2,0,2.50,0,0,5,2025
Lockie Ferguson,Punjab Kings,4,4,1,0.0,400.0,1,0,0,1,-,0,0,4*,2025
Akash Madhwal,Rajasthan Royals,4,4,9,5.0,44.44,0,0,0,1,-,0,0,4*,2025
Madhav Tiwari,Delhi Capitals,1,3,4,2.0,75.0,0,0,1,0,3.00,0,0,3,2025
Mohammed Siraj,Gujarat Titans,15,3,4,2.0,75.0,0,0,0,1,-,0,0,3*,2025
Kumar Kartikeya Singh,Rajasthan Royals,4,3,5,3.0,60.0,0,0,2,0,1.50,0,0,2,2025
Yash Dayal,Royal Challengers Bengaluru,14,3,7,5.0,42.85,0,0,2,0,1.50,0,0,3,2025
Simarjeet Singh,Sunrisers Hyderabad,4,3,7,4.0,42.85,0,0,2,1,1.50,0,0,3*,2025
Fazalhaq Farooqi,Rajasthan Royals,5,2,2,0.0,100.0,0,0,0,1,-,0,0,2*,2025
Trent Boult,Mumbai Indians,16,2,3,1.0,66.66,0,0,1,1,2.00,0,0,1*,2025
Spencer Johnson,Kolkata Knight Riders,4,2,4,2.0,50.0,0,0,0,2,-,0,0,1*,2025
Arshdeep Singh,Punjab Kings,16,2,6,4.0,33.33,0,0,1,1,2.00,0,0,1*,2025
Varun Chakaravarthy,Kolkata Knight Riders,13,1,1,0.0,100.0,0,0,0,1,-,0,0,1*,2025
V Satyanarayana Penmetsa,Mumbai Indians,2,1,1,0.0,100.0,0,0,0,1,-,0,0,1*,2025
Karn Sharma,Mumbai Indians,6,1,1,0.0,100.0,0,0,0,1,-,0,0,1*,2025
Khaleel Ahmed,Chennai Super Kings,14,1,2,1.0,50.0,0,0,0,2,-,0,0,1*,2025
Mohit Sharma,Delhi Capitals,8,1,3,2.0,33.33,0,0,1,1,1.00,0,0,1*,2025
Donovan Ferreira,Delhi Capitals,1,1,3,2.0,33.33,0,0,1,0,1.00,0,0,1,2025
Digvesh Singh,Lucknow Super Giants,13,1,3,2.0,33.33,0,0,1,1,1.00,0,0,1,2025
Manoj Bhandage,Royal Challengers Bengaluru,1,1,4,3.0,25.0,0,0,1,0,1.00,0,0,1,2025
